address,area,frontage,access_road,house_direction,balcony_direction,floors,bedrooms,bathrooms,legal_status,furniture_state,price,year
"Đường số 11, Phường Bình Hưng Hòa, TP Hồ Chí Minh",102,,,,,3,5,5,Have certificate,Other,11.7,2026
"Đường Nguyễn Văn Công, Phường Hạnh Thông, TP Hồ Chí Minh",21,,,Đông Bắc,,3,3,3,Have certificate,Full,3.89,2026
"Đường Xuân Thới Thượng 27, Xã Bà Điểm, TP Hồ Chí Minh",115,,,,,,1,1,,,3.8,2026
"Đường Đoàn Văn Bơ, Phường Khánh Hội, TP Hồ Chí Minh",26,,,Tây Nam,,4,2,3,Have certificate,Full,4.8,2026
"Phú Thọ Hoa, Phường Phú Thọ Hòa, TP Hồ Chí Minh",67,,,,,4,4,,Have certificate,Full,7.5,2026
"Đường Trần Văn Ơn, Phường Tân Sơn Nhì, TP Hồ Chí Minh",46,,,,,3,3,3,Have certificate,,5.2,2026
"Đường Nguyễn Bình, Xã Nhà Bè, TP Hồ Chí Minh",75,,,,,2,3,2,Have certificate,Basic,2.49,2026
"Đường Tô Vĩnh Diện, Phường Thủ Đức, TP Hồ Chí Minh",325,,,,,2,5,,Have certificate,Full,42,2026
"88, Phường Phú Thuận, TP Hồ Chí Minh",14,,,Nam,,1,1,1,Shared certificate,Basic,890,2026
"Đường Chiến Lược, Phường Bình Trị Đông, TP Hồ Chí Minh",30.5,,,Tây,,1,2,2,Have certificate,Basic,3.65,2026
"Đường Nguyễn Đình Chiểu, Phường Bàn Cờ, TP Hồ Chí Minh",46,,,,,,4,,,,9,2026
"Đường Tên Lửa, Phường An Lạc, TP Hồ Chí Minh",170,,,,,,10,,Have certificate,,22.5,2026
"Đường Quang Trung, Phường Thông Tây Hội, TP Hồ Chí Minh",69,,,Tây Bắc,,4,10,6,Have certificate,Full,7.5,2026
"Đường Nguyễn Văn Đậu, Phường Bình Lợi Trung, TP Hồ Chí Minh",69,,,,,2,2,3,Have certificate,Other,8.95,2026
"Đường số 13, Phường Tân Hưng, TP Hồ Chí Minh",30.36,,,,,,2,,Have certificate,,6.5,2026
"Đường Lâm Thị Hố, Phường Trung Mỹ Tây, TP Hồ Chí Minh",72,,,,,,4,5,Have certificate,Other,9.1,2026
"Đường Tân Hương, Phường Tân Sơn Nhì, TP Hồ Chí Minh",74,,,,,4,4,4,Have certificate,Other,9,2026
"60, Phường Bình Hưng Hòa, TP Hồ Chí Minh",60,,,Đông,,2,3,3,Have certificate,Other,5.65,2026
"Đường Số 16, Phường Bình Hưng Hòa, TP Hồ Chí Minh",90,,,,,,4,,Have certificate,,6.85,2026
"Đường Phan Văn Trị, Phường Bình Lợi Trung, TP Hồ Chí Minh",33,,,,,,3,,,,6.95,2026
"Đường Nguyễn Văn Khối, Phường Thông Tây Hội, TP Hồ Chí Minh",33,,,Đông Nam,,1,3,2,Have certificate,Full,5.28,2026
"Đường số 48, Phường Hiệp Bình, TP Hồ Chí Minh",33,,,,,2,3,2,Have certificate,Other,1.755,2026
"Đường Quang Trung, Phường Thông Tây Hội, TP Hồ Chí Minh",69,,,,,4,10,6,Have certificate,Other,7.5,2026
"Đường Lê Văn Sỹ, Phường Nhiêu Lộc, TP Hồ Chí Minh",32,,,,,2,2,,,,6.2,2026
"19, Phường Trung Mỹ Tây, TP Hồ Chí Minh",80,,,,,,6,,,,8.5,2026
"Đường số 13, Phường Tân Hưng, TP Hồ Chí Minh",30.36,,,,,,2,,Have certificate,,6.5,2026
"Đường Kênh Nước Đen, Phường Bình Hưng Hòa, TP Hồ Chí Minh",32,,,,,,2,2,Have certificate,,3.4,2026
"Hiệp Thành 13, Phường Tân Thới Hiệp, TP Hồ Chí Minh",84,,,,,1,1,1,Have certificate,Basic,4.6,2026
"Đường Số 16, Phường Bình Hưng Hòa, TP Hồ Chí Minh",90,,,,,,4,,Have certificate,,6.85,2026
"80, Phường Thủ Đức, TP Hồ Chí Minh",21,,,Đông Bắc,,1,2,1,Have certificate,Full,1.69,2026
"Đường Nguyễn Thái Sơn, Phường An Nhơn, TP Hồ Chí Minh",28,,,,,3,3,3,Have certificate,Other,4.5,2026
"Hẻm 40, Phường Phú Định, TP Hồ Chí Minh",47,,,Đông Bắc,,2,2,2,Have certificate,,4.3,2026
"Đường Tân Thới Nhất 2, Phường Đông Hưng Thuận, TP Hồ Chí Minh",100,,,Bắc,,3,4,3,Have certificate,,7.8,2026
"Phan Văn Trị, Phường An Nhơn, TP Hồ Chí Minh",48,,,Tây Nam,,4,4,6,Have certificate,Other,9,2026
"Đường Hòa Hưng, Phường Hòa Hưng, TP Hồ Chí Minh",127,,,,,,2,1,Have certificate,,12.9,2026
"Đường Xuân Thới Thượng 7, Xã Bà Điểm, TP Hồ Chí Minh",82.5,,,Đông Bắc,,2,4,3,Have certificate,Other,5.5,2026
"Đường Huỳnh Thị Mài, Xã Hóc Môn, TP Hồ Chí Minh",85,,,,,1,3,2,Have certificate,Basic,1.85,2026
"Đường Nguyễn Sỹ Sách, Phường Tân Sơn, TP Hồ Chí Minh",42,,,,,,2,3,,,5,2026
"Đường Lê Đức Thọ, Phường Gò Vấp, TP Hồ Chí Minh",30,,,,,2,2,2,Have certificate,Basic,3.45,2026
"Đường Lạc Long Quân, Phường Tân Hòa, TP Hồ Chí Minh",50,,,,,,4,,,,7.25,2026
"Xô Viết Nghệ Tĩnh, Phường Thạnh Mỹ Tây, TP Hồ Chí Minh",55,,,,,,6,,Have certificate,,8.7,2026
"Đường Tăng Nhơn Phú, Phường Tăng Nhơn Phú, TP Hồ Chí Minh",121,,,,,2,5,2,Have certificate,Basic,7.5,2026
"Đường Lê Văn Sỹ, Phường Nhiêu Lộc, TP Hồ Chí Minh",32,,,,,2,2,,,,6.2,2026
"Nguyễn Văn Linh, Phường Tân Hưng, TP Hồ Chí Minh",126,,,Bắc,,6,7,6,Have certificate,Other,33,2026
"Đường Phan Văn Trị, Phường Bình Thạnh, TP Hồ Chí Minh",80,,,,,,3,2,Have certificate,Other,6.9,2026
"Đường Tây Lân, Phường Bình Trị Đông, TP Hồ Chí Minh",55,,,Tây Bắc,,5,5,5,Have certificate,,6.3,2026
"Đường Lê Đức Thọ, Phường Gò Vấp, TP Hồ Chí Minh",30,,,,,2,2,2,Have certificate,Basic,3.45,2026
"Phan Văn Trị, Phường An Nhơn, TP Hồ Chí Minh",48,,,Tây Nam,,4,4,6,Have certificate,Other,9,2026
"60, Phường Tân Sơn, TP Hồ Chí Minh",52,,,Đông Bắc,,4,5,5,Have certificate,Full,7.999,2026
"Đường Nguyễn Thị Búp, Phường Trung Mỹ Tây, TP Hồ Chí Minh",140,,,,,,4,,Have certificate,,13.45,2026
"Hiệp Thành 13, Phường Tân Thới Hiệp, TP Hồ Chí Minh",84,,,,,1,1,1,Have certificate,Basic,4.6,2026
"Nguyễn Văn Linh, Phường Tân Hưng, TP Hồ Chí Minh",126,,,Bắc,,6,7,6,Have certificate,Other,33,2026
"Đường Huỳnh Thị Mài, Xã Hóc Môn, TP Hồ Chí Minh",85,,,,,1,3,2,Have certificate,Basic,1.85,2026
"360, Phường Thông Tây Hội, TP Hồ Chí Minh",114,,,,,,10,6,Have certificate,Full,26,2026
"Đường Tân Thới Nhất 2, Phường Đông Hưng Thuận, TP Hồ Chí Minh",100,,,Bắc,,3,4,3,Have certificate,,7.8,2026
"Cách Mạng Tháng 8, Phường Hòa Hưng, TP Hồ Chí Minh",41,,,Tây Bắc,,2,2,2,Have certificate,,6.8,2026
"Đường Nguyễn Sơn, Phường Phú Thọ Hòa, TP Hồ Chí Minh",107,,,,,2,6,4,Have certificate,,14.2,2026
"28, Phường Bình Đông, TP Hồ Chí Minh",65,,,,,,8,6,Have certificate,Full,13,2026
"Đường Lê Trọng Tấn, Phường Bình Hưng Hòa, TP Hồ Chí Minh",85,,,,,6,10,6,Have certificate,Other,10.6,2026
"Đường Tỉnh lộ 10, Phường An Lạc, TP Hồ Chí Minh",50,,,Nam,,,4,,Have certificate,,5.6,2026
"Đường Tỉnh lộ 10, Phường Tân Tạo, TP Hồ Chí Minh",80,,,,,,1,2,Have certificate,,7.5,2026
"360, Phường Thông Tây Hội, TP Hồ Chí Minh",114,,,,,,10,6,Have certificate,Full,26,2026
"Đường Nguyễn Thị Sóc, Xã Bà Điểm, TP Hồ Chí Minh",60,,,,,,2,,,,3.65,2026
"Đường Số 12, Phường Bình Hưng Hòa, TP Hồ Chí Minh",56,,,,,2,3,3,Have certificate,Other,5.75,2026
"Đường Hà Huy Giáp, Phường An Phú Đông, TP Hồ Chí Minh",60,,,,,,4,4,Have certificate,Full,6.8,2026
"Đường Tân Thới Nhất 2, Phường Đông Hưng Thuận, TP Hồ Chí Minh",100,,,,,3,4,3,Have certificate,,7.25,2026
"60, Phường Tân Sơn, TP Hồ Chí Minh",52,,,Đông Bắc,,4,5,5,Have certificate,Full,7.999,2026
"Cách Mạng Tháng 8, Phường Hòa Hưng, TP Hồ Chí Minh",41,,,Tây Bắc,,2,2,2,Have certificate,,6.8,2026
"Đường Tây Lân, Phường Bình Trị Đông, TP Hồ Chí Minh",55,,,Tây Bắc,,5,5,5,Have certificate,,6.3,2026
"Đường Nguyễn Xí, Phường Bình Lợi Trung, TP Hồ Chí Minh",51,,,,,2,2,2,Have certificate,Other,7.9,2026
"C32, Xã Tân Nhựt, TP Hồ Chí Minh",254,,,Đông Bắc,,1,1,1,Have certificate,,3.89,2026
"Hẻm 60 Đường Lâm Văn Bền, Phường Tân Hưng, TP Hồ Chí Minh",42,,,,,3,4,3,Have certificate,Full,4,2026
"Đường Nguyễn Sơn, Phường Phú Thọ Hòa, TP Hồ Chí Minh",107,,,,,2,6,4,Have certificate,,14.2,2026
"Đường Hàng Tre, Phường Long Bình, TP Hồ Chí Minh",70,,,,,2,2,2,Have certificate,,3.75,2026
"Đường Số 6 Lò Lu, Phường Long Trường, TP Hồ Chí Minh",26,,,Nam,,1,2,1,Shared certificate,Basic,790,2026
"Pham Van Chieu, Phường An Hội Tây, TP Hồ Chí Minh",48,,,,,3,4,3,Have certificate,Full,6.95,2026
"Đường Tỉnh lộ 10, Phường Tân Tạo, TP Hồ Chí Minh",80,,,,,,1,2,Have certificate,,7.5,2026
"Đường Bình Long, Phường Bình Hưng Hòa, TP Hồ Chí Minh",62,,,,,,3,,Have certificate,,4.1,2026
"Hẻm 965 Quang Trung, Phường An Hội Tây, TP Hồ Chí Minh",28,,,Tây Nam,,2,2,2,Have certificate,Full,3.6,2026
"Dã Tượng, Phường Chánh Hưng, TP Hồ Chí Minh",57,,,,,5,6,,Have certificate,,10.8,2026
"Đường Trần Hưng Đạo, Phường Chợ Quán, TP Hồ Chí Minh",12,,,Đông Nam,,2,1,1,Shared certificate,Basic,1.55,2026
"Đường Số 4, Phường Hiệp Bình, TP Hồ Chí Minh",35,,,,,2,3,2,Have certificate,Full,1.955,2026
"Hẻm 154/1 Cống Lở, Phường Tân Sơn, TP Hồ Chí Minh",65,,,,,5,5,4,Have certificate,Basic,6.8,2026
"Đường Trường Sa, Phường Cầu Kiệu, TP Hồ Chí Minh",36.3,,,Đông Nam,,2,2,,Have certificate,,8.8,2026
"Đường Huỳnh Thị Hai, Phường Trung Mỹ Tây, TP Hồ Chí Minh",95,,,,,3,7,,Have certificate,,5,2026
"C32, Xã Tân Nhựt, TP Hồ Chí Minh",254,,,Đông Bắc,,1,1,1,Have certificate,,3.89,2026
"Đường Tân Thới Nhất 2, Phường Đông Hưng Thuận, TP Hồ Chí Minh",100,,,,,3,4,3,Have certificate,,7.25,2026
"Đường số 51, Phường An Hội Tây, TP Hồ Chí Minh",20,,,,,3,2,2,Have certificate,Basic,2.68,2026
"Đường Xô Viết Nghệ Tĩnh, Phường Bình Thạnh, TP Hồ Chí Minh",50,,,,,3,4,,Have certificate,Full,8.75,2026
"Đường Hồ Học Lãm, Phường An Lạc, TP Hồ Chí Minh",32,,,,,4,2,3,Have certificate,Full,3.55,2026
"Đường Hương Lộ 2, Phường Bình Trị Đông, TP Hồ Chí Minh",33,,,,,,4,3,Have certificate,,4,2026
"Đường Trường Sa, Phường Cầu Kiệu, TP Hồ Chí Minh",36.3,,,Đông Nam,,2,2,,Have certificate,,8.8,2026
"Đường Hàng Tre, Phường Long Bình, TP Hồ Chí Minh",70,,,,,2,2,2,Have certificate,,3.75,2026
"Đường Số 4, Phường Hiệp Bình, TP Hồ Chí Minh",35,,,,,2,3,2,Have certificate,Full,1.955,2026
"Đường Lạc Long Quân, Phường Bảy Hiền, TP Hồ Chí Minh",42,,,,,,2,2,Have certificate,,5,2026
"91 Trần Hải Phụng ( 1770/29 TL10 ), Phường Tân Tạo, TP Hồ Chí Minh",110,,,Đông,,2,2,2,Have certificate,Other,6.45,2026
"Đường Lê Văn Khương, Phường Tân Thới Hiệp, TP Hồ Chí Minh",70,,,,,,2,2,Have certificate,Full,4.75,2026
"Đường Lò Gốm, Phường Bình Tiên, TP Hồ Chí Minh",10,,,Đông Nam,,,2,2,Have certificate,,1.38,2026
"Đường Bùi Viện, Phường Bến Thành, TP Hồ Chí Minh",10,,,,,,2,3,Have certificate,,2.5,2026
"Đường Lê Tấn Bê, Phường An Lạc, TP Hồ Chí Minh",102,,,,,,2,,Have certificate,Full,5.1,2026
"Đường Phan Văn Trị, Phường Bình Lợi Trung, TP Hồ Chí Minh",34,,,,,,2,,,,5.95,2026
"Pham Van Chieu, Phường An Hội Tây, TP Hồ Chí Minh",48,,,,,3,4,3,Have certificate,Full,6.95,2026
"Đường Tân Hòa Đông, Phường Bình Trị Đông, TP Hồ Chí Minh",72,,,,,,4,,Have certificate,,9.75,2026
"Đường Tân Hương, Phường Phú Thọ Hòa, TP Hồ Chí Minh",81,,,,,2,2,2,,,8.988,2026
"241/ Tân Hoà Đông , Phường Phú Lâm, TP Hồ Chí Minh",11.4,,,Tây,,,3,4,Have certificate,,2.38,2026
"Đường Lâm Văn Bền, Phường Tân Hưng, TP Hồ Chí Minh",48,,,,,,2,,,,5,2026
"Đường Lê Đức Thọ, Phường An Hội Đông, TP Hồ Chí Minh",112,,,,,4,4,5,Have certificate,Other,13.75,2026
"Đường Phạm Thế Hiển, Phường Bình Đông, TP Hồ Chí Minh",500,,,,,,4,,,,35,2026
"Đường 13A, Phường Bình Hưng Hòa, TP Hồ Chí Minh",66,,,,,2,2,2,Have certificate,Other,4.85,2026
"Hẻm 56 Đường Tạ Quang Bửu, Phường Chánh Hưng, TP Hồ Chí Minh",49,,,Đông,,2,2,2,Have certificate,Basic,6.9,2026
"Phan Huy Ich, Phường An Hội Tây, TP Hồ Chí Minh",38,,,Tây Nam,,3,3,4,Have certificate,Full,5.9,2026
"Cầu Xây 2, Phường Tăng Nhơn Phú, TP Hồ Chí Minh",184,,,,,,2,,,,9.9,2026
"Đường số 3., Phường Linh Xuân, TP Hồ Chí Minh",71.4,,,,,1,2,2,,,4.3,2026
"Đường Bàu Cát 2, Phường Bảy Hiền, TP Hồ Chí Minh",50,,,,,3,3,4,Have certificate,Other,5.6,2026
"Tây Lân, Phường Tân Tạo, TP Hồ Chí Minh",51,,,Đông,,2,3,2,Have certificate,,4.85,2026
"Khu Y Tế Kỹ Thuật Cao, Phường An Lạc, TP Hồ Chí Minh",31,,,,,3,4,2,Have certificate,Basic,3.8,2026
"Hương Lộ 2, Phường Bình Trị Đông, TP Hồ Chí Minh",64,,,,,5,4,5,Have certificate,Full,9.1,2026
"Đường Tân Thới Hiệp 09, Phường Tân Thới Hiệp, TP Hồ Chí Minh",47,,,,,,2,3,Have certificate,Other,4.85,2026
"Đường Thạnh Xuân 25, Phường Thới An, TP Hồ Chí Minh",75,,,Đông Nam,,1,1,1,Have certificate,Other,7.8,2026
"Đường Số 22, Xã Bình Hưng, TP Hồ Chí Minh",120,,,,,,4,4,Have certificate,,11,2026
"Đường Phạm Thế Hiển, Phường Bình Đông, TP Hồ Chí Minh",500,,,,,,4,,,,35,2026
", Phường Hòa Hưng, TP Hồ Chí Minh",55,,,,,,2,,Have certificate,,8.9,2026
"Đường Vạn Kiếp, Phường Gia Định, TP Hồ Chí Minh",60,,,,,3,2,2,Have certificate,Basic,5.75,2026
"Đường Nguyễn Hữu Tiến, Phường Tây Thạnh, TP Hồ Chí Minh",36,,,,,4,3,3,Have certificate,Full,6.05,2026
"Đường Phan Chu Trinh, Phường Bình Thạnh, TP Hồ Chí Minh",72,,,,,2,2,1,Have certificate,Basic,5.89,2026
"Đường Lê Quang Định, Phường Bình Lợi Trung, TP Hồ Chí Minh",39,,,,,2,2,2,Have certificate,Other,5.35,2026
"Đường Nguyễn Văn Đậu, Phường Bình Lợi Trung, TP Hồ Chí Minh",64,,,,,2,2,2,Have certificate,Basic,6.95,2026
"Đường Phan Văn Khỏe, Phường Bình Tây, TP Hồ Chí Minh",49,,,,,2,3,2,Have certificate,Basic,6.2,2026
"Đường An Dương Vương, Phường An Lạc, TP Hồ Chí Minh",66,,,,,3,3,,Have certificate,,5.2,2026
"Đường Lê Văn Thọ, Phường Thông Tây Hội, TP Hồ Chí Minh",50,,,,,4,3,3,Have certificate,Other,6.94,2026
"Đường 13A, Phường Bình Hưng Hòa, TP Hồ Chí Minh",66,,,,,2,2,2,Have certificate,Other,4.85,2026
"Đường Vành Đai Trong, Phường An Lạc, TP Hồ Chí Minh",100,,,,,4,4,5,Have certificate,,23,2026
"Đường Điện Biên Phủ, Phường Gia Định, TP Hồ Chí Minh",40,,,,,11,2,2,Have certificate,Basic,5.65,2026
"Đường Bùi Đình Tuý, Phường Bình Thạnh, TP Hồ Chí Minh",58,,,,,1,2,3,Have certificate,Basic,5.99,2026
"Đường Số 22, Xã Bình Hưng, TP Hồ Chí Minh",120,,,,,,4,4,Have certificate,,11,2026
"241/ Tân Hoà Đông , Phường Phú Lâm, TP Hồ Chí Minh",11.4,,,Tây,,,3,4,Have certificate,,2.38,2026
"Cầu Xây 2, Phường Tăng Nhơn Phú, TP Hồ Chí Minh",184,,,,,,2,,,,9.9,2026
"Đường Khuông Việt, Phường Tân Phú, TP Hồ Chí Minh",68,,,,,2,3,3,Have certificate,Other,6,2026
"Đường Phan Đăng Giảng, Phường Bình Hưng Hòa, TP Hồ Chí Minh",52,,,Bắc,,4,4,5,Have certificate,Other,6.4,2026
"Đường Số 7, Phường Hạnh Thông, TP Hồ Chí Minh",45,,,,,4,4,3,Have certificate,,7.1,2026
"Đường Hiệp Thành 43, Phường Tân Thới Hiệp, TP Hồ Chí Minh",51,,,,,1,1,1,Have certificate,,2.87,2026
"Trần Thị Hè, Phường Tân Thới Hiệp, TP Hồ Chí Minh",68,,,,,1,2,2,Have certificate,Other,3.69,2026
"Đường Trịnh Công Sơn, Phường Long Phước, TP Hồ Chí Minh",190,,,Tây Bắc,,3,4,5,Have certificate,,20.5,2026
"Đường Nguyễn Xí, Phường Bình Lợi Trung, TP Hồ Chí Minh",57,,,,,2,2,2,Have certificate,Full,7.9,2026
"Đường Nguyễn Văn Công, Phường Hạnh Thông, TP Hồ Chí Minh",55,,,,,,3,2,Have certificate,,5.1,2026
"Đường Phùng Văn Cung, Phường Cầu Kiệu, TP Hồ Chí Minh",48,,,,,3,4,4,Have certificate,Other,7,2026
"Đường Nguyễn Nhữ Lãm, Phường Phú Thọ Hòa, TP Hồ Chí Minh",67,,,,,,3,,Have certificate,,7.55,2026
"Đường Âu Cơ, Phường Tân Hòa, TP Hồ Chí Minh",38,,,,,4,2,3,Have certificate,Other,8.6,2026
"Đường Vườn Lài, Phường Phú Thọ Hòa, TP Hồ Chí Minh",73,,,,,2,3,3,Have certificate,Full,7.2,2026
"Đường Quang Trung, Phường Thông Tây Hội, TP Hồ Chí Minh",64,,,,,2,2,2,Have certificate,,4.58,2026
"Đường Đào Tông Nguyên, Xã Nhà Bè, TP Hồ Chí Minh",105,,,,,2,3,3,Have certificate,Full,5.68,2026
"Đường Bùi Đình Tuý, Phường Bình Thạnh, TP Hồ Chí Minh",60,,,,,,4,,Have certificate,,8,2026
"Đường số 3, Phường Bình Hưng Hòa, TP Hồ Chí Minh",32,,,,,3,3,3,Have certificate,Other,3.999,2026
"Đường Lạc Long Quân, Phường Tân Hòa, TP Hồ Chí Minh",36,,,,,,3,3,Have certificate,,4,2026
"Huỳnh Thị Hai, Phường Trung Mỹ Tây, TP Hồ Chí Minh",95,,,,,3,7,6,Have certificate,Basic,5,2026
"Đường Tân Long, Xã Tân Nhựt, TP Hồ Chí Minh",125,,,,,1,2,2,Have certificate,,4,2026
"Đường Hiệp Thành 43, Phường Tân Thới Hiệp, TP Hồ Chí Minh",51,,,,,1,1,1,Have certificate,,2.87,2026
"Đường Nguyễn Văn Luông, Phường Bình Phú, TP Hồ Chí Minh",206,,,,,5,10,6,Have certificate,,17.8,2026
"Đường Nguyễn Xí, Phường Bình Lợi Trung, TP Hồ Chí Minh",57,,,,,2,2,2,Have certificate,Full,7.9,2026
"Đường Kha Vạn Cân, Phường Thủ Đức, TP Hồ Chí Minh",165,,,,,1,10,,Have certificate,Full,11.5,2026
"Mai Văn Vĩnh, Phường Tân Hưng, TP Hồ Chí Minh",60,,,,,4,4,,Have certificate,Other,10.9,2026
"Đường Lê Ngã, Phường Tân Phú, TP Hồ Chí Minh",13,,,,,3,2,,,,1.85,2026
"Quấc Lộ 22, Phường Trung Mỹ Tây, TP Hồ Chí Minh",155,,,,,,3,,Have certificate,,11.89,2026
"Đường số 19E, Phường Bình Trị Đông, TP Hồ Chí Minh",67.5,,,Nam,,4,4,4,Have certificate,,9.8,2026
"Đường Tân Kỳ Tân Quý, Phường Tân Sơn Nhì, TP Hồ Chí Minh",25,,,,,2,2,2,Have certificate,Other,3.49,2026
"Mã Lò , Phường Bình Trị Đông, TP Hồ Chí Minh",76,,,,,3,3,3,Have certificate,Other,6.6,2026
"Đường Lê Văn Quới, Phường Bình Hưng Hòa, TP Hồ Chí Minh",60,,,,,3,4,3,Have certificate,Full,6.15,2026
"Đường Âu Cơ, Phường Tân Hòa, TP Hồ Chí Minh",38,,,,,4,2,3,Have certificate,Other,8.6,2026
"Đường Lê Đình Cẩn, Phường Bình Trị Đông, TP Hồ Chí Minh",56,,,,,2,6,6,Have certificate,Other,4.55,2026
"Đường Ni Sư Huỳnh Liên, Phường Bảy Hiền, TP Hồ Chí Minh",20,,,,,2,2,2,Have certificate,Basic,2.95,2026
"Đường Tên Lửa, Phường An Lạc, TP Hồ Chí Minh",80,,,,,4,4,5,Have certificate,Full,10,2026
"Đường Trịnh Công Sơn, Phường Long Phước, TP Hồ Chí Minh",190,,,Tây Bắc,,3,4,5,Have certificate,,20.5,2026
"Đường Thạnh Lộc 19, Phường An Phú Đông, TP Hồ Chí Minh",35,,,Đông Nam,,2,3,2,Shared certificate,Basic,1.38,2026
"157 Mai Xuân Thưởng Q6, Phường Bình Tiên, TP Hồ Chí Minh",39.1,,,Đông,,,4,3,Have certificate,,5.8,2026
"Đường Lê Đình Cẩn, Phường Bình Trị Đông, TP Hồ Chí Minh",56,,,,,2,6,6,Have certificate,Other,4.55,2026
"Đường Lê Văn Sỹ, Phường Nhiêu Lộc, TP Hồ Chí Minh",45.4,,,,,4,5,5,Have certificate,,12.5,2026
"Mã Lò , Phường Bình Trị Đông, TP Hồ Chí Minh",76,,,,,3,3,3,Have certificate,Other,6.6,2026
"Đường Tân Long, Xã Tân Nhựt, TP Hồ Chí Minh",125,,,,,1,2,2,Have certificate,,4,2026
"Đường Trần Thị Cờ, Phường Thới An, TP Hồ Chí Minh",66,,,Nam,,3,4,5,Have certificate,Basic,6.2,2026
"Hẻm 686 Cách Mạng Tháng 8, Phường Tân Sơn Nhất, TP Hồ Chí Minh",61,,,,,3,3,3,Have certificate,,9.39,2026
"Đường Huỳnh Tấn Phát, Phường Tân Thuận, TP Hồ Chí Minh",25,,,,,,3,,Have certificate,Full,3.75,2026
"Đường Phạm Văn Hai, Phường Tân Sơn Hòa, TP Hồ Chí Minh",51,,,,,2,2,,Have certificate,,7.5,2026
"Đường Quốc lộ 22, Xã Xuân Thới Sơn, TP Hồ Chí Minh",228,,,,,2,3,3,,,8.7,2026
"Đường Tên Lửa, Phường An Lạc, TP Hồ Chí Minh",126,,,,,4,4,5,Have certificate,,16.6,2026
"Đường số 27, Phường An Lạc, TP Hồ Chí Minh",80,,,,,4,4,4,Have certificate,Basic,10,2026
"Đường Tên Lửa, Phường An Lạc, TP Hồ Chí Minh",80,,,,,4,4,5,Have certificate,Full,10,2026
"Đường Trương Phước Phan, Phường Bình Trị Đông, TP Hồ Chí Minh",80,,,,,4,4,5,Have certificate,Other,8.2,2026
"Đường Hương Lộ 2, Phường Bình Trị Đông, TP Hồ Chí Minh",112,,,,,3,5,5,Have certificate,Other,8.6,2026
"332/46/, Phường Bình Lợi Trung, TP Hồ Chí Minh",15,,,,,,2,2,Have certificate,Other,2.35,2026
"Đường Gò Xoài, Phường Bình Hưng Hòa, TP Hồ Chí Minh",44,,,,,,2,2,Have certificate,,4.1,2026
"Đường Nguyễn Bình, Xã Nhà Bè, TP Hồ Chí Minh",19,,,,,3,2,3,Have certificate,Full,1.49,2026
"Đường Phan Huy Ích, Phường An Hội Tây, TP Hồ Chí Minh",80,,,,,3,10,6,Have certificate,Other,15.6,2026
"Đường 18B, Phường Bình Hưng Hòa, TP Hồ Chí Minh",32,,,,,2,2,2,Have certificate,Other,3.68,2026
"Đường Gò Xoài, Phường Bình Hưng Hòa, TP Hồ Chí Minh",44,,,,,,2,2,Have certificate,,4.1,2026
"Hẻm 64 Đường Giồng Cát, Xã Củ Chi, TP Hồ Chí Minh",80,,,,,,2,2,Have certificate,,1.1,2026
"332/46/, Phường Bình Lợi Trung, TP Hồ Chí Minh",15,,,,,,2,2,Have certificate,Other,2.35,2026
"Cầu Hậu Giang, Phường Bình Phú, TP Hồ Chí Minh",33,,,,,2,2,2,Have certificate,Basic,2.95,2026
"29a2, Phường Trung Mỹ Tây, TP Hồ Chí Minh",34,,,,,2,3,1,Have certificate,Basic,3.35,2026
"Đường Tân Hòa Đông, Phường Phú Lâm, TP Hồ Chí Minh",35,,,,,4,4,3,Have certificate,Full,4.3,2026
"Đường Phan Huy Ích, Phường An Hội Tây, TP Hồ Chí Minh",80,,,,,3,10,6,Have certificate,Other,15.6,2026
"Đường Gò Xoài, Phường Bình Hưng Hòa, TP Hồ Chí Minh",66,,,,,3,4,3,Have certificate,Full,3.7,2026
"Đường Trần Thị Cờ, Phường Thới An, TP Hồ Chí Minh",66,,,Nam,,3,4,5,Have certificate,Basic,6.2,2026
"109, Phường Phước Long, TP Hồ Chí Minh",142,,,Đông Bắc,,1,2,1,Have certificate,,9,2026
"Đường Huỳnh Tấn Phát, Phường Tân Thuận, TP Hồ Chí Minh",25,,,,,,3,,Have certificate,Full,3.75,2026
"Đường Hương Lộ 3, Phường Bình Hưng Hòa, TP Hồ Chí Minh",60,,,,,5,5,5,Have certificate,Other,6,2026
"Đường Nguyễn Bình, Xã Nhà Bè, TP Hồ Chí Minh",19,,,,,3,2,3,Have certificate,Full,1.49,2026
"Đường Thích Quảng Đức, Phường Đức Nhuận, TP Hồ Chí Minh",40,,,,,4,4,4,Have certificate,Other,8,2026
"Đường Cách Mạng Tháng 8, Phường Tân Sơn Nhất, TP Hồ Chí Minh",40,,,Đông Nam,,2,2,2,Have certificate,Other,4.499,2026
"192/3, Phường Tân Thuận, TP Hồ Chí Minh",18.9,,,,,2,2,2,Other,,1.55,2026
"Đường Tây Sơn, Phường Tân Sơn Nhì, TP Hồ Chí Minh",70,,,,,1,2,1,Have certificate,,6.47,2026
"Đường Đỗ Xuân Hợp, Phường Phước Long, TP Hồ Chí Minh",63,,,,,2,2,2,,,4.4,2026
"Đường Cách Mạng Tháng 8, Phường Tân Sơn Nhất, TP Hồ Chí Minh",40,,,Đông Nam,,2,2,2,Have certificate,Other,4.499,2026
"15/1, Phường An Khánh, TP Hồ Chí Minh",256,,,,,,10,6,Have certificate,,33.5,2026
"Đường Trần Văn Quang, Phường Bảy Hiền, TP Hồ Chí Minh",36,,,,,,4,,Have certificate,,5.2,2026
"Đường Tây Sơn, Phường Tân Sơn Nhì, TP Hồ Chí Minh",70,,,,,1,2,1,Have certificate,,6.47,2026
"Đường Lạc Long Quân, Phường Bảy Hiền, TP Hồ Chí Minh",60,,,,,3,5,4,Have certificate,Basic,6.8,2026
"Đường Tân Thới Nhất 1B Khu Phố 5, Phường Đông Hưng Thuận, TP Hồ Chí Minh",90,,,,,,2,,Have certificate,,6.5,2026
"Cầu Hậu Giang, Phường Bình Phú, TP Hồ Chí Minh",33,,,,,2,2,2,Have certificate,Basic,2.95,2026
"Đường Bùi Tư Toàn, Phường An Lạc, TP Hồ Chí Minh",80,,,,,3,5,3,Have certificate,Full,6.8,2026
"Đường số 15, Phường Bình Hưng Hòa, TP Hồ Chí Minh",64,,,,,4,5,4,Have certificate,,8.19,2026
"109, Phường Phước Long, TP Hồ Chí Minh",142,,,Đông Bắc,,1,2,1,Have certificate,,9,2026
"Đường Hoàng Văn Thụ, Phường Tân Sơn Nhất, TP Hồ Chí Minh",75,,,Đông Nam,,5,6,6,Have certificate,Other,12.5,2026
"29a2, Phường Trung Mỹ Tây, TP Hồ Chí Minh",34,,,,,2,3,1,Have certificate,Basic,3.35,2026
"52/4B, Phường Đông Hưng Thuận, TP Hồ Chí Minh",64,,,Tây,,2,3,2,Have certificate,Basic,2.65,2026
"Đường Nguyễn Thị Trọn, Xã Vĩnh Lộc, TP Hồ Chí Minh",60,,,,,,3,2,Shared certificate,,1.35,2026
"Đường 18B, Phường Bình Hưng Hòa, TP Hồ Chí Minh",32,,,,,2,2,2,Have certificate,Other,3.68,2026
"Đường Vĩnh Khánh, Phường Khánh Hội, TP Hồ Chí Minh",20,,,Đông Nam,,2,2,2,Have certificate,Full,4.3,2026
"Đường Bùi Quang Là, Phường An Hội Tây, TP Hồ Chí Minh",46,,,,,4,5,4,Have certificate,Full,5.7,2026
"184, Phường Nhiêu Lộc, TP Hồ Chí Minh",15.9,,,Đông Bắc,,2,2,2,Have certificate,Full,3,2026
"Đường Huỳnh Tấn Phát, Xã Nhà Bè, TP Hồ Chí Minh",52,,,,,4,4,5,Have certificate,Full,6.99,2026
"Đường Tân Hòa Đông, Phường Bình Trị Đông, TP Hồ Chí Minh",24,,,,,3,3,3,Have certificate,Full,3.599,2026
"Đường Phạm Hữu Lầu, Phường Tân Mỹ, TP Hồ Chí Minh",100,,,,,4,6,6,Have certificate,Other,16.5,2026
"Đường Trần Văn Quang, Phường Bảy Hiền, TP Hồ Chí Minh",36,,,,,,4,,Have certificate,,5.2,2026
"Đường số 15, Phường Bình Hưng Hòa, TP Hồ Chí Minh",64,,,,,4,5,4,Have certificate,,8.19,2026
"Đường Trường Sơn, Phường Hòa Hưng, TP Hồ Chí Minh",270,,,,,2,2,2,,,49,2026
"Đường Tân Thới Nhất 1B Khu Phố 5, Phường Đông Hưng Thuận, TP Hồ Chí Minh",90,,,,,,2,,Have certificate,,6.5,2026
"Đường Nguyễn Văn Quỳ, Phường Phú Thuận, TP Hồ Chí Minh",40,,,,,,3,3,Have certificate,,5.69,2026
"18/11, Phường Tân Hưng, TP Hồ Chí Minh",16,,,,,2,1,2,Other,Basic,1.56,2026
"Tan Thới Nhất, Phường Đông Hưng Thuận, TP Hồ Chí Minh",45,,,,,2,2,2,Have certificate,,4.2,2026
"Đường Tân Mỹ, Phường Tân Thuận, TP Hồ Chí Minh",32,,,Đông Nam,,2,2,2,Have certificate,Basic,4.1,2026
"Đường Lâm Văn Bền, Phường Tân Hưng, TP Hồ Chí Minh",52,,,,,,3,,Have certificate,,3.5,2026
"Đường Trần Xuân Soạn, Phường Tân Hưng, TP Hồ Chí Minh",33,,,,,5,4,3,Have certificate,,5,2026
"Đường Nguyễn Thị Trọn, Xã Vĩnh Lộc, TP Hồ Chí Minh",60,,,,,,3,2,Shared certificate,,1.35,2026
"Đường Huỳnh Tấn Phát, Phường Phú Thuận, TP Hồ Chí Minh",76,,,,,3,4,5,Have certificate,,6.5,2026
"Đường Trần Xuân Soạn, Phường Tân Hưng, TP Hồ Chí Minh",33,,,,,5,4,3,Have certificate,,5,2026
"Đường Thạnh Xuân 25, Phường Thới An, TP Hồ Chí Minh",85,,,Đông Nam,,4,4,5,Have certificate,Other,7.78,2026
"Đường số 8, Phường Linh Xuân, TP Hồ Chí Minh",107.2,,,,,,4,,Have certificate,,6.5,2026
"Đường Bùi Quang Là, Phường An Hội Tây, TP Hồ Chí Minh",68,,,Đông Nam,,6,6,6,Have certificate,Other,12.9,2026
"Đường Bùi Quang Là, Phường An Hội Tây, TP Hồ Chí Minh",46,,,,,4,5,4,Have certificate,Full,5.7,2026
"Đường số 12, Phường Bình Hưng Hòa, TP Hồ Chí Minh",48,,,,,2,2,2,Have certificate,,5.2,2026
"Đường Thới An 13, Phường Thới An, TP Hồ Chí Minh",31.5,,,,,3,3,3,Shared certificate,Basic,1.78,2026
"Đường Xô Viết Nghệ Tĩnh, Phường Bình Thạnh, TP Hồ Chí Minh",60,,,,,,3,3,,,6.85,2026
"Thạnh Lộc 28, Phường An Phú Đông, TP Hồ Chí Minh",60,,,,,5,5,4,Have certificate,Full,5.95,2026
"Đường Phú Thuận, Phường Phú Thuận, TP Hồ Chí Minh",76,,,Bắc,,4,6,4,Have certificate,Full,16.2,2026
"Đường Phạm Hữu Lầu, Phường Tân Mỹ, TP Hồ Chí Minh",100,,,,,4,6,6,Have certificate,Other,16.5,2026
"Đường Trần Quang Cơ, Phường Tân Thới Hiệp, TP Hồ Chí Minh",70,,,,,,4,,Have certificate,Other,10.98,2026
"Đường Lưu Hữu Phước, Phường Phú Định, TP Hồ Chí Minh",59,,,,,,2,,Have certificate,,5.4,2026
"Đường Trường Sơn, Phường Hòa Hưng, TP Hồ Chí Minh",270,,,,,2,2,2,,,49,2026
"Đường số 12, Phường Bình Hưng Hòa, TP Hồ Chí Minh",80,,,,,5,6,5,Have certificate,,8.5,2026
"Đường Hồ Biểu Chánh, Phường Phú Nhuận, TP Hồ Chí Minh",60,,,Đông Nam,,5,9,6,Have certificate,Other,15.79,2026
"Huỳnh Thị Hai, Phường Trung Mỹ Tây, TP Hồ Chí Minh",41,,,,,2,2,2,Have certificate,Basic,3.25,2026
"168, Xã Hiệp Phước, TP Hồ Chí Minh",160,,,Đông Bắc,,3,10,6,Have certificate,Full,6.4,2026
"435/53/12, Phường Tân Thuận, TP Hồ Chí Minh",23,,,Đông Bắc,,2,2,1,Have certificate,Other,2.29,2026
"Đường số 48, Phường Hiệp Bình, TP Hồ Chí Minh",27,,,,,,2,1,Shared certificate,,1.2,2026
"Đường Ba Đình, Phường Chánh Hưng, TP Hồ Chí Minh",24.28,,,,,,2,,,,2.45,2026
"Đường Nguyễn Thiện Thuật, Phường Bình Thạnh, TP Hồ Chí Minh",72,,,,,,3,,Have certificate,,7.5,2026
"Đường Tô Hiệu, Phường Phú Thạnh, TP Hồ Chí Minh",71,,,Bắc,,1,2,1,Have certificate,,7.5,2026
"Đường số 12, Phường Bình Hưng Hòa, TP Hồ Chí Minh",48,,,,,2,2,2,Have certificate,,5.2,2026
"Đường Thới An 13, Phường Thới An, TP Hồ Chí Minh",31.5,,,,,3,3,3,Shared certificate,Basic,1.78,2026
"Đường Lạc Long Quân, Phường Tân Hòa, TP Hồ Chí Minh",50,,,,,4,4,,Have certificate,,7.3,2026
"Đường số 8, Phường Linh Xuân, TP Hồ Chí Minh",107.2,,,,,,4,,Have certificate,,6.5,2026
"Huỳnh Thị Hai, Phường Trung Mỹ Tây, TP Hồ Chí Minh",41,,,,,2,2,2,Have certificate,Basic,3.25,2026
"Hương Lộ 80, Xã Vĩnh Lộc, TP Hồ Chí Minh",103,,,,,,6,6,Shared certificate,,1.78,2026
"751, Phường Tân Hưng, TP Hồ Chí Minh",34.4,,,,,3,3,4,Have certificate,Other,6.2,2026
"Đường Số 5, Phường Bình Hưng Hòa, TP Hồ Chí Minh",80,,,,,3,3,3,Have certificate,,8.29,2026
"Đường số 12, Phường Bình Hưng Hòa, TP Hồ Chí Minh",80,,,,,5,6,5,Have certificate,,8.5,2026
"Đường Võ Văn Vân, Xã Tân Vĩnh Lộc, TP Hồ Chí Minh",60,,,,,,4,2,Shared certificate,,2.1,2026
"Đường Nguyễn Sỹ Sách, Phường Tân Sơn, TP Hồ Chí Minh",29,,,,,2,2,2,Have certificate,Other,4.25,2026
"Đường Thới Hòa, Xã Vĩnh Lộc, TP Hồ Chí Minh",48,,,,,,2,2,Shared certificate,,1.79,2026
"168, Xã Hiệp Phước, TP Hồ Chí Minh",160,,,Đông Bắc,,3,10,6,Have certificate,Full,6.4,2026
"Đường Phạm Thế Hiển, Phường Bình Đông, TP Hồ Chí Minh",64,,,,,2,3,1,Other,Basic,2,2026
"Đường Bình Đông, Phường Phú Định, TP Hồ Chí Minh",15,,,,,2,2,1,Have certificate,,1.7,2026
"Đường Trần Thanh Mại, Phường Tân Tạo, TP Hồ Chí Minh",55,,,Bắc,,1,4,4,Have certificate,Basic,2.9,2026
"Đường Chiến Lược, Phường Bình Trị Đông, TP Hồ Chí Minh",20,,,,,2,2,,Have certificate,,2.7,2026
"Đường số 48, Phường Hiệp Bình, TP Hồ Chí Minh",27,,,,,,2,1,Shared certificate,,1.2,2026
"Số 1, Phường Bình Hưng Hòa, TP Hồ Chí Minh",27,,,,,2,5,3,Have certificate,,3.6,2026
"Hương Lộ 80, Xã Vĩnh Lộc, TP Hồ Chí Minh",103,,,,,,6,6,Shared certificate,,1.78,2026
"Đường Võ Văn Vân, Xã Tân Vĩnh Lộc, TP Hồ Chí Minh",60,,,,,,4,2,Shared certificate,,2.1,2026
"Đường Huỳnh Văn Bánh, Phường Phú Nhuận, TP Hồ Chí Minh",32,,,,,,3,3,Have certificate,Full,5.95,2026
"Đường Khuông Việt, Phường Tân Phú, TP Hồ Chí Minh",37,,,,,2,2,2,Have certificate,,5.55,2026
"Đường Lê Thị Riêng, Phường Thới An, TP Hồ Chí Minh",65,,,,,,4,,Have certificate,Other,7.7,2026
"Đường Số 5, Phường Bình Hưng Hòa, TP Hồ Chí Minh",80,,,,,3,3,3,Have certificate,,8.29,2026
"Đường Thới Hòa, Xã Vĩnh Lộc, TP Hồ Chí Minh",48,,,,,,2,2,Shared certificate,,1.79,2026
"Tân Hoà Đông, Phường Phú Lâm, TP Hồ Chí Minh",24.8,,,,,2,2,2,Have certificate,,3.75,2026
"Đường Ba Đình, Phường Chánh Hưng, TP Hồ Chí Minh",24.28,,,,,,2,,,,2.45,2026
"Nguyễn Lâm Phường Cầu Kiệu , Phường Cầu Kiệu, TP Hồ Chí Minh",16,,,,,2,1,1,Have certificate,,2.5,2026
"Đường Nguyễn Thái Sơn, Phường An Nhơn, TP Hồ Chí Minh",30,,,,,3,3,3,Have certificate,Full,4.5,2026
"Đường số 10, Phường An Lạc, TP Hồ Chí Minh",48,,,,,,4,4,Have certificate,Full,7.4,2026
"Đường Trần Xuân Soạn, Phường Tân Hưng, TP Hồ Chí Minh",67.5,,,,,,10,6,Have certificate,,7.9,2026
"Đường Nguyễn Duy Trinh, Phường Bình Trưng, TP Hồ Chí Minh",104,,,,,,4,4,Have certificate,,8.48,2026
"Đường Lê Thị Riêng, Phường Thới An, TP Hồ Chí Minh",65,,,,,,4,,Have certificate,Other,7.7,2026
"Đường Huỳnh Văn Bánh, Phường Phú Nhuận, TP Hồ Chí Minh",32,,,,,,3,3,Have certificate,Full,5.95,2026
"Đường số 10, Phường An Lạc, TP Hồ Chí Minh",48,,,,,,4,4,Have certificate,Full,7.4,2026
"Đường Linh Đông, Phường Hiệp Bình, TP Hồ Chí Minh",60,,,,,,4,3,Have certificate,,2.9,2026
"Đường Chiến Lược, Phường Bình Trị Đông, TP Hồ Chí Minh",20,,,,,2,2,,Have certificate,,2.7,2026
"Đường Lê Đình Cẩn, Phường Tân Tạo, TP Hồ Chí Minh",21,,,,,2,2,2,No certificate,,1.08,2026
"416/139, Phường Bàn Cờ, TP Hồ Chí Minh",61,,,Đông Bắc,,5,4,5,Have certificate,,13.45,2026
"Đường Lê Văn Quới, Phường Bình Hưng Hòa, TP Hồ Chí Minh",70,,,,,,3,,,,4.95,2026
"541/1/4, Phường Bình Trị Đông, TP Hồ Chí Minh",138,,,,,,1,,Have certificate,,6.6,2026
"Đường Tô Ngọc Vân F Thạnh Xuân Q12, Phường Thới An, TP Hồ Chí Minh",125,,,Tây Nam,,1,2,2,Have certificate,Basic,12.999,2026
"96/10/8, Phường Tân Mỹ, TP Hồ Chí Minh",33,,,Nam,,2,2,2,Other,Basic,920,2026
"Đường Trần Văn Kiểu, Phường Bình Phú, TP Hồ Chí Minh",80,,,Tây Bắc,,3,3,,Have certificate,Basic,14.5,2026
"Đường Lê Thúc Hoạch, Phường Phú Thọ Hòa, TP Hồ Chí Minh",56,,,,,4,4,,Have certificate,,6.8,2026
"Đường Số 5, Phường Bình Hưng Hòa, TP Hồ Chí Minh",56,,,,,5,5,4,Have certificate,,8.19,2026
"Đường An Dương Vương, Phường Phú Định, TP Hồ Chí Minh",36,,,,,2,2,2,Other,Basic,1.6,2026
"Đường Trương Thị Hoa, Phường Tân Thới Hiệp, TP Hồ Chí Minh",24,,,,,3,3,3,Other,Other,1.68,2026
"Đường Tân Quý, Phường Tân Sơn Nhì, TP Hồ Chí Minh",215,,,,,4,10,6,Have certificate,Full,21.5,2026
"Đường Hà Huy Giáp, Phường Thới An, TP Hồ Chí Minh",49.5,,,,,2,2,3,Have certificate,,4.18,2026
"Đường Tân Sơn Nhì, Phường Tân Sơn Nhì, TP Hồ Chí Minh",60,,,Đông Bắc,,2,2,,,,7.5,2026
"Đường Tân Thới Nhất 5, Phường Đông Hưng Thuận, TP Hồ Chí Minh",100,,,Bắc,,2,4,5,Have certificate,Basic,7.3,2026
"Nguyễn Ảnh Thủ, Phường Tân Thới Hiệp, TP Hồ Chí Minh",80,,,,,3,4,,Have certificate,Other,7.9,2026
"Đường Nguyễn Xí, Phường Bình Lợi Trung, TP Hồ Chí Minh",72,,,,,,3,,Have certificate,,7.9,2026
"Đường Trần Thái Tông, Phường Tân Sơn, TP Hồ Chí Minh",32,,,,,,2,2,Have certificate,,4,2026
"Đường Tô Ngọc Vân F Thạnh Xuân Q12, Phường Thới An, TP Hồ Chí Minh",125,,,Tây Nam,,1,2,2,Have certificate,Basic,12.999,2026
"96/10/8, Phường Tân Mỹ, TP Hồ Chí Minh",33,,,Nam,,2,2,2,Other,Basic,920,2026
"Đường Trần Văn Kiểu, Phường Bình Phú, TP Hồ Chí Minh",80,,,Tây Bắc,,3,3,,Have certificate,Basic,14.5,2026
"Đường Song hành Quốc Lộ 22, Phường Đông Hưng Thuận, TP Hồ Chí Minh",67,,,Tây Nam,,2,3,3,Have certificate,Basic,4.68,2026
"105, Phường Linh Xuân, TP Hồ Chí Minh",187.3,,,Đông Bắc,,1,2,2,Have certificate,Basic,11.7,2026
"Đường Vườn Lài, Phường Phú Thọ Hòa, TP Hồ Chí Minh",21,,,,,2,2,2,Have certificate,,3.5,2026
"Đường Mã Lò, Phường Bình Trị Đông, TP Hồ Chí Minh",63,,,,,,2,,,,4.85,2026
"115/1/82, Phường Hạnh Thông, TP Hồ Chí Minh",16,,,,,2,2,2,Have certificate,Basic,1.98,2026
"904, Phường Tăng Nhơn Phú, TP Hồ Chí Minh",130,,,,,,4,2,Have certificate,,6.5,2026
"Đường Số 138, Phường Tăng Nhơn Phú, TP Hồ Chí Minh",60,,,,,,3,,,,3.65,2026
"Hẻm Nơ Trang Long, Phường Bình Lợi Trung, TP Hồ Chí Minh",16,,,,,2,1,1,Other,,1.25,2026
"290, Phường Bình Lợi Trung, TP Hồ Chí Minh",92,,,Đông Nam,,1,3,,Have certificate,Full,13.8,2026
"Đường Số 6, Phường Bình Tân, TP Hồ Chí Minh",40,,,Đông,,1,3,2,Have certificate,,1.639,2026
"Đường Phú Thọ Hoà, Phường Phú Thọ Hòa, TP Hồ Chí Minh",30,,,,,3,2,,Have certificate,,2.58,2026
"Đường Phan Xích Long, Phường Cầu Kiệu, TP Hồ Chí Minh",40,,,,,,2,2,Have certificate,,6.6,2026
"Đường Hà Huy Giáp, Phường Thới An, TP Hồ Chí Minh",49.5,,,,,2,2,3,Have certificate,,4.18,2026
"Đường Âu Dương Lân, Phường Chánh Hưng, TP Hồ Chí Minh",91,,,,,6,10,6,Have certificate,Full,22,2026
"Đường Song hành Quốc Lộ 22, Phường Đông Hưng Thuận, TP Hồ Chí Minh",67,,,Tây Nam,,2,3,3,Have certificate,Basic,4.68,2026
"Đường số 14, Phường Bình Hưng Hòa, TP Hồ Chí Minh",36,,,,,2,2,2,Have certificate,,3.45,2026
"Đường Hương Lộ 2, Phường Bình Trị Đông, TP Hồ Chí Minh",72,,,,,2,2,2,Have certificate,Full,5.95,2026
"Đường Quang Trung, Phường Gò Vấp, TP Hồ Chí Minh",10,,,,,,1,,Have certificate,,1.6,2026
"Đường An Dương Vương, Phường Bình Trị Đông, TP Hồ Chí Minh",84,,,,,4,5,5,No certificate,Other,8.3,2026
"Đường Phan Xích Long, Phường Cầu Kiệu, TP Hồ Chí Minh",40,,,,,,2,2,Have certificate,,6.6,2026
"Đường Thới An 18, Phường Thới An, TP Hồ Chí Minh",47.25,,,,,2,3,2,Shared certificate,Basic,1.98,2026
"Đường Số 10, Phường Linh Xuân, TP Hồ Chí Minh",40,,,,,2,2,2,Have certificate,Full,3.19,2026
"Long Trường, Phường Long Trường, TP Hồ Chí Minh",100,,,Nam,,3,4,4,Have certificate,Full,9.6,2026
"Đường Số 4, Phường Bình Trị Đông, TP Hồ Chí Minh",17,,,,,2,2,2,Have certificate,Basic,2.98,2026
"Đường Lê Thị Riêng, Phường Thới An, TP Hồ Chí Minh",80,,,,,,4,6,Have certificate,Other,9.05,2026
"42/11/24, Phường Tân Sơn, TP Hồ Chí Minh",53.9,,,,,2,2,2,Have certificate,Basic,6,2026
"Đường số 1, Phường Bình Tân, TP Hồ Chí Minh",52,,,Bắc,,3,4,4,Have certificate,Full,4.7,2026
"Đường Bùi Đình Tuý, Phường Bình Thạnh, TP Hồ Chí Minh",22.8,,,Tây,,4,2,2,Have certificate,Full,3.94,2026
"Đường Phan Huy ích, Phường Tân Sơn, TP Hồ Chí Minh",43.56,,,Bắc,,3,4,5,,,7.85,2026
"Long Trường, Phường Long Trường, TP Hồ Chí Minh",100,,,Nam,,3,4,4,Have certificate,Full,9.6,2026
"Đường Quang Trung, Phường Gò Vấp, TP Hồ Chí Minh",20,,,,,,2,,Have certificate,,1.6,2026
"Đường Phạm Văn Chiêu, Phường An Hội Tây, TP Hồ Chí Minh",68,,,Đông Nam,,5,10,6,Have certificate,Full,12.8,2026
"Đường Lê Văn Khương, Phường Thới An, TP Hồ Chí Minh",60,,,Nam,,4,4,6,Have certificate,Other,7.55,2026
"Đường số 1, Phường Bình Tân, TP Hồ Chí Minh",52,,,Bắc,,3,4,4,Have certificate,Full,4.7,2026
"Đường Tân Thới Hiệp 09, Phường Tân Thới Hiệp, TP Hồ Chí Minh",76,,,Đông Bắc,,3,6,6,Have certificate,Full,8.95,2026
"Đường Quang Trung, Phường Thông Tây Hội, TP Hồ Chí Minh",26,,,,,,2,,Have certificate,,2.85,2026
"Đường Phú Thọ Hoà, Phường Phú Thọ Hòa, TP Hồ Chí Minh",51,,,,,2,3,,Have certificate,,6.5,2026
"Đường Hương Lộ 2, Phường Bình Trị Đông, TP Hồ Chí Minh",60,,,,,4,5,4,Have certificate,,5.699,2026
"Đường Quang Trung, Phường Gò Vấp, TP Hồ Chí Minh",10,,,,,,1,,Have certificate,,1.6,2026
"Số 4, Phường Tân Hưng, TP Hồ Chí Minh",63,,,Đông,,2,2,2,Have certificate,,12.8,2026
"Đường An Dương Vương, Phường Bình Trị Đông, TP Hồ Chí Minh",84,,,,,4,5,5,No certificate,Other,8.3,2026
"Ao Đôi, Phường Bình Trị Đông, TP Hồ Chí Minh",201,,,,,4,7,5,Have certificate,,14.8,2026
"Đường Số 10, Phường Linh Xuân, TP Hồ Chí Minh",40,,,,,2,2,2,Have certificate,Full,3.19,2026
"Đường Phan Huy ích, Phường Tân Sơn, TP Hồ Chí Minh",43.56,,,Bắc,,3,4,5,,,7.85,2026
"Đường Phú Thọ Hoà, Phường Phú Thọ Hòa, TP Hồ Chí Minh",51,,,,,2,3,,Have certificate,,6.5,2026
"Đường Dương Bá Trạc, Phường Chánh Hưng, TP Hồ Chí Minh",48,,,,,,4,3,Have certificate,Full,7.1,2026
"Đường Bùi Đình Tuý, Phường Bình Thạnh, TP Hồ Chí Minh",97,,,,,,3,,Have certificate,,10,2026
"zalo 0767.745.313, Phường Bình Tiên, TP Hồ Chí Minh",58.5,,,,,4,4,4,Have certificate,Other,18.9,2026
"Đường Tân Xuân 1, Xã Hóc Môn, TP Hồ Chí Minh",84,,,Tây Bắc,,1,1,1,Have certificate,Basic,3.35,2026
"Đường Lê Văn Khương, Phường Thới An, TP Hồ Chí Minh",60,,,Nam,,4,4,6,Have certificate,Other,7.55,2026
"Đường Tân Thới Hiệp 09, Phường Tân Thới Hiệp, TP Hồ Chí Minh",76,,,Đông Bắc,,3,6,6,Have certificate,Full,8.95,2026
"62 , Phường Tăng Nhơn Phú, TP Hồ Chí Minh",105,,,,,,2,2,,,6.1,2026
"Đường Tân Xuân 1, Xã Hóc Môn, TP Hồ Chí Minh",84,,,Tây Bắc,,1,1,1,Have certificate,Basic,3.35,2026
"Đường Trương Phước Phan, Phường Bình Trị Đông, TP Hồ Chí Minh",40,,,,,2,1,,Shared certificate,,1.9,2026
"Đường Tân Thới Hiệp 14, Phường Tân Thới Hiệp, TP Hồ Chí Minh",236,,,,,,3,,Have certificate,,13.8,2026
"Đường An Dương Vương, Phường Chợ Quán, TP Hồ Chí Minh",60,,,,,2,4,3,Have certificate,Full,12.95,2026
"Đường Lã Xuân Oai, Phường Tăng Nhơn Phú, TP Hồ Chí Minh",70,,,,,,2,2,Have certificate,,4.45,2026
"45, Phường Hiệp Bình, TP Hồ Chí Minh",80,,,Đông Bắc,,3,4,4,Have certificate,Other,11.9,2026
"1247/30/2, Phường Phú Thuận, TP Hồ Chí Minh",46,,,Đông,,2,3,2,Have certificate,Full,4.3,2026
"Xuân Thới Thượng 31, Xã Bà Điểm, TP Hồ Chí Minh",52,,,Đông,,1,2,2,,,3.35,2026
"Nguyễn Thị Tiểu, Xã Bà Điểm, TP Hồ Chí Minh",84,,,Đông Nam,,3,5,5,Have certificate,Other,6.78,2026
"Đường Lê Ngã, Phường Tân Phú, TP Hồ Chí Minh",11,,,,,,2,3,Have certificate,Full,1.8,2026
"Đường Tây Thạnh, Phường Tây Thạnh, TP Hồ Chí Minh",120,,,,,7,10,6,Have certificate,,24,2026
"Đường Nguyễn Duy Trinh, Phường Bình Trưng, TP Hồ Chí Minh",62,,,Tây,,1,2,,Have certificate,Other,6.5,2026
"109/17 Nguyen Thuong Hien, Phường Bình Lợi Trung, TP Hồ Chí Minh",34,,,Đông Bắc,,2,2,3,Have certificate,Basic,5.5,2026
"Đường Nguyễn Thái Sơn, Phường An Nhơn, TP Hồ Chí Minh",24.62,,,Tây,,3,3,3,Have certificate,Other,4.49,2026
"thạnh xuân 22, Phường Thới An, TP Hồ Chí Minh",50,,,Tây Nam,,3,4,4,Shared certificate,Other,2.39,2026
"Đường Số 8, Phường Bình Hưng Hòa, TP Hồ Chí Minh",46.2,,,,,1,2,2,Have certificate,Full,3.75,2026
"Tân Chánh Hiệp 07, Phường Trung Mỹ Tây, TP Hồ Chí Minh",44,,,Đông Nam,,2,2,2,Have certificate,Other,4.19,2026
"788/37/2E Nguyễn Kiệm, Phường Hạnh Thông, TP Hồ Chí Minh",20,,,Bắc,,2,2,,Have certificate,Other,2.95,2026
"Đường Nguyễn Khoái, Phường Vĩnh Hội, TP Hồ Chí Minh",51,,,,,,3,,Have certificate,,6.59,2026
"Đường Tỉnh lộ 10, Phường Bình Trị Đông, TP Hồ Chí Minh",65,,,,,5,5,5,Have certificate,,7.999,2026
"Đường Nơ Trang Long, Phường Bình Lợi Trung, TP Hồ Chí Minh",99,,,,,,3,,Have certificate,,4.36,2026
"Đường Số 25A, Phường An Lạc, TP Hồ Chí Minh",84,,,Tây Bắc,,4,5,6,Have certificate,Full,10.8,2026
"159/2/7 trần văn quang , Phường Bảy Hiền, TP Hồ Chí Minh",10,,,Đông Nam,,2,2,2,Have certificate,,980,2026
"Đường Hương Lộ 2, Phường Bình Trị Đông, TP Hồ Chí Minh",63,,,,,4,3,4,Have certificate,Full,6.8,2026
"Đường Nơ Trang Long, Phường Bình Lợi Trung, TP Hồ Chí Minh",99,,,,,,3,,Have certificate,,4.36,2026
"20/24, Phường Bình Hưng Hòa, TP Hồ Chí Minh",225,,,Tây,,6,10,6,Have certificate,Full,29.5,2026
"Đường Số 47, Phường Hiệp Bình, TP Hồ Chí Minh",28,,,Đông,,,2,1,Shared certificate,,1.6,2026
"23, Phường Cát Lái, TP Hồ Chí Minh",85,,,,,3,5,6,Have certificate,Full,8.8,2026
"109/17 Nguyen Thuong Hien, Phường Bình Lợi Trung, TP Hồ Chí Minh",34,,,Đông Bắc,,2,2,3,Have certificate,Basic,5.5,2026
"Đường Ni Sư Huỳnh Liên, Phường Bảy Hiền, TP Hồ Chí Minh",38,,,,,4,3,3,Have certificate,,5.4,2026
"Đường Tân Thới Hiệp 20, Phường Tân Thới Hiệp, TP Hồ Chí Minh",42,,,,,2,2,2,Have certificate,,3.45,2026
"Đường Hoàng Hoa Thám, Phường Bình Lợi Trung, TP Hồ Chí Minh",56,,,,,,1,,Have certificate,,8.4,2026
"Đường Dương Bá Trạc, Phường Chánh Hưng, TP Hồ Chí Minh",100,,,,,4,5,5,Have certificate,Other,18,2026
"Đường Nguyễn Duy, Phường Chánh Hưng, TP Hồ Chí Minh",103,,,,,,4,4,Have certificate,Full,7,2026
"788/37/2E Nguyễn Kiệm, Phường Hạnh Thông, TP Hồ Chí Minh",20,,,Bắc,,2,2,,Have certificate,Other,2.95,2026
"160/06, Phường Đông Hưng Thuận, TP Hồ Chí Minh",68,,,,,1,3,,Have certificate,,4.95,2026
"Đường Lê Đức Thọ, Phường An Hội Đông, TP Hồ Chí Minh",70,,,,,3,3,3,Have certificate,Full,6.5,2026
"Đường Lũy Bán Bích, Phường Phú Thạnh, TP Hồ Chí Minh",13,,,,,2,1,1,Have certificate,,2,2026
"Đường Bà Huyện Thanh Quan, Phường Nhiêu Lộc, TP Hồ Chí Minh",16.9,,,Đông Nam,,2,2,2,Have certificate,Full,3.8,2026
"Đường Phạm Thế Hiển, Phường Chánh Hưng, TP Hồ Chí Minh",60,,,Tây Bắc,,3,4,5,Have certificate,Other,6.69,2026
"Đường Nguyễn Duy, Phường Chánh Hưng, TP Hồ Chí Minh",103,,,,,,4,4,Have certificate,Full,7,2026
", Phường Chánh Hưng, TP Hồ Chí Minh",85,,,,,4,7,6,Have certificate,Full,7,2026
"Đường Lê Đình Cẩn, Phường Tân Tạo, TP Hồ Chí Minh",56,,,,,4,4,5,Have certificate,,4.55,2026
"Đường Phan Anh, Phường Phú Thạnh, TP Hồ Chí Minh",80,,,Bắc,,4,10,6,Have certificate,Other,11.1,2026
"Đường Hoàng Hoa Thám, Phường Bình Lợi Trung, TP Hồ Chí Minh",56,,,,,,1,,Have certificate,,8.4,2026
"Đường Dương Bá Trạc, Phường Chánh Hưng, TP Hồ Chí Minh",100,,,,,4,5,5,Have certificate,Other,18,2026
"160/06, Phường Đông Hưng Thuận, TP Hồ Chí Minh",68,,,,,1,3,,Have certificate,,4.95,2026
"2/, Phường Bình Hưng Hòa, TP Hồ Chí Minh",50,,,Đông,,2,2,2,Have certificate,Other,3.15,2026
"Đường Đào Cam Mộc, Phường Chánh Hưng, TP Hồ Chí Minh",85,,,,,3,3,,Have certificate,Full,7.35,2026
"zalo. 0767.745.313, Phường Tân Tạo, TP Hồ Chí Minh",100,,,,,4,4,4,Have certificate,Other,10.69,2026
"Đường Nguyễn Ngọc Nhựt, Phường Tân Sơn Nhì, TP Hồ Chí Minh",60,,,,,,3,,Have certificate,,6.6,2026
"128, Phường Phước Long, TP Hồ Chí Minh",71,,,,,,2,,Have certificate,,6.5,2026
"Đường Hương Lộ 3, Phường Bình Hưng Hòa, TP Hồ Chí Minh",54,,,,,4,4,4,Have certificate,,7.2,2026
"Đường Lạc Long Quân, Phường Bình Thới, TP Hồ Chí Minh",59.1,,,Đông,,1,3,1,Have certificate,Basic,6,2026
"Đường Tên Lửa, Phường An Lạc, TP Hồ Chí Minh",190,,,,,,4,4,Have certificate,,22,2026
"Đường số Tăng Nhơn Phú B, Phường Tăng Nhơn Phú, TP Hồ Chí Minh",52,,,,,,2,2,Have certificate,,4.6,2026
"Đường Nguyễn Xiển, Phường Long Bình, TP Hồ Chí Minh",51,,,,,,4,,,,5.15,2026
"Đường Nguyễn Thị Thập, Phường Tân Thuận, TP Hồ Chí Minh",21,,,,,,1,,Shared certificate,,960,2026
"Đường Lũy Bán Bích, Phường Phú Thạnh, TP Hồ Chí Minh",13,,,,,2,1,1,Have certificate,,2,2026
"Đường Thạnh Lộc 14, Phường An Phú Đông, TP Hồ Chí Minh",80,,,,,,2,3,Have certificate,,4.45,2026
"Đường Gò Dưa, Phường Tam Bình, TP Hồ Chí Minh",183,,,,,,3,,,,15.9,2026
"Đường Gò Dưa, Phường Tam Bình, TP Hồ Chí Minh",183,,,,,,3,,,,15.9,2026
"Đường Tây Bắc Lân, Xã Bà Điểm, TP Hồ Chí Minh",52,,,Bắc,,1,1,1,Have certificate,Full,3.35,2026
"Đường Quang Trung, Phường An Hội Tây, TP Hồ Chí Minh",162,,,,,3,10,6,Have certificate,Full,12.9,2026
"Đường Thạnh Lộc 14, Phường An Phú Đông, TP Hồ Chí Minh",80,,,,,,2,3,Have certificate,,4.45,2026
"Đường Lê Đức Thọ, Phường An Nhơn, TP Hồ Chí Minh",45,,,,,4,3,4,Have certificate,Other,9.5,2026
"Đường Bình Trị Đông, Phường Bình Trị Đông, TP Hồ Chí Minh",90,,,,,2,4,3,Have certificate,Full,6.9,2026
"Đường Ấp Bắc, Phường Tân Bình, TP Hồ Chí Minh",55,,,,,4,4,,Have certificate,,8,2026
"Đường Thạnh Lộc 41, Phường An Phú Đông, TP Hồ Chí Minh",36,,,Đông Bắc,,1,2,2,Shared certificate,Basic,1.9,2026
"Đường Nơ Trang Long, Phường Bình Lợi Trung, TP Hồ Chí Minh",15,,,,,,1,,Shared certificate,,1.25,2026
"Đường Hương Lộ 3, Phường Bình Hưng Hòa, TP Hồ Chí Minh",63,,,,,4,4,4,Have certificate,Other,7,2026
"Đường Lý Thái Tổ, Phường Bàn Cờ, TP Hồ Chí Minh",18.5,,,,,1,2,2,,,5.55,2026
"Đường Số 7, Phường Vĩnh Hội, TP Hồ Chí Minh",45,,,,,,4,,Have certificate,,13.5,2026
"Đường Tôn Đản, Phường Khánh Hội, TP Hồ Chí Minh",55,,,,,,3,,,,8.75,2026
"56, Phường Phú Thuận, TP Hồ Chí Minh",57,,,Bắc,,3,4,4,Have certificate,Basic,8.6,2026
"Đường Đặng Thúc Vịnh, Xã Đông Thạnh, TP Hồ Chí Minh",261,,,,,,2,,Have certificate,,10.5,2026
"Đường Võ Thị Sáu, Phường Tân Định, TP Hồ Chí Minh",205.6,,,,,2,5,2,Have certificate,,47,2026
"Đường Dạ Nam, Phường Chánh Hưng, TP Hồ Chí Minh",42.5,,,Đông Nam,,,4,3,Have certificate,,6.15,2026
"Đường Trần Xuân Soạn, Phường Tân Hưng, TP Hồ Chí Minh",29.7,,,,,3,3,4,,,6.3,2026
"Đường Bùi Quang Là, Phường An Hội Tây, TP Hồ Chí Minh",50,,,Đông Nam,,4,5,5,Have certificate,Full,7.79,2026
"Đường Hương Lộ 3, Phường Bình Hưng Hòa, TP Hồ Chí Minh",63,,,,,4,4,4,Have certificate,Other,7,2026
"Tỉnh Lộ 10, Phường Tân Tạo, TP Hồ Chí Minh",32,,,,,,2,,Shared certificate,,1.48,2026
"1 /, Phường Bình Hưng Hòa, TP Hồ Chí Minh",83,,,Bắc,,3,3,2,No certificate,Full,4,2026
"Đường Thạnh Lộc 41, Phường An Phú Đông, TP Hồ Chí Minh",36,,,Đông Bắc,,1,2,2,Shared certificate,Basic,1.9,2026
"Đường Phạm Văn Bạch, Phường Tân Sơn, TP Hồ Chí Minh",56,,,Đông Nam,,2,2,2,Have certificate,,6.295,2026
"Đường Bùi Quang Là, Phường An Hội Tây, TP Hồ Chí Minh",50,,,Đông Nam,,4,5,5,Have certificate,Full,7.79,2026
"Đường Chiến Lược, Phường Bình Trị Đông, TP Hồ Chí Minh",29,,,,,,4,,Have certificate,,2.7,2026
"Đường Tỉnh lộ 10, Phường An Lạc, TP Hồ Chí Minh",48,,,,,1,2,1,Have certificate,Other,4,2026
"Đường Vườn Lài, Phường An Phú Đông, TP Hồ Chí Minh",160,,,,,,5,4,Have certificate,,12.5,2026
"1 /, Phường Bình Hưng Hòa, TP Hồ Chí Minh",83,,,Bắc,,3,3,2,No certificate,Full,4,2026
"38CL, Phường Cát Lái, TP Hồ Chí Minh",119,,,Tây Bắc,,5,5,6,Have certificate,Other,14.5,2026
"Đường Phạm Văn Bạch, Phường Tân Sơn, TP Hồ Chí Minh",56,,,Đông Nam,,2,2,2,Have certificate,,6.295,2026
"Đường số 11, Phường Bình Hưng Hòa, TP Hồ Chí Minh",53,,,,,4,4,5,Have certificate,,6.05,2026
"Đường Tỉnh lộ 10, Phường Bình Trị Đông, TP Hồ Chí Minh",65,,,,,2,3,2,Have certificate,,4.3,2026
"Đường Hậu Giang, Phường Bình Phú, TP Hồ Chí Minh",80,,,,,,5,,Have certificate,,15,2026
"Đường Tân Kỳ Tân Quý, Phường Bình Hưng Hòa, TP Hồ Chí Minh",72,,,Tây,,2,3,3,Have certificate,Full,7,2026
"Đường Đặng Thúc Vịnh, Xã Đông Thạnh, TP Hồ Chí Minh",261,,,,,,2,,Have certificate,,10.5,2026
"160 Lã Xuân Oai, Phường Tăng Nhơn Phú, TP Hồ Chí Minh",91,,,,,,2,,Have certificate,,6,2026
"Đường Nguyễn Xí, Phường Bình Thạnh, TP Hồ Chí Minh",100,,,,,,4,,Have certificate,,17,2026
"Tx21, Phường Thới An, TP Hồ Chí Minh",19,,,,,,1,,Shared certificate,,750,2026
"Đường Mã Lò, Phường Bình Trị Đông, TP Hồ Chí Minh",63,,,,,2,2,2,Have certificate,Full,5.75,2026
"Đường Tân Kỳ Tân Quý, Phường Bình Hưng Hòa, TP Hồ Chí Minh",72,,,Tây,,2,3,3,Have certificate,Full,7,2026
"Đường Võ Duy Ninh, Phường Thạnh Mỹ Tây, TP Hồ Chí Minh",13,,,,,3,2,3,Have certificate,Other,2.4,2026
"1247, Phường Phú Thuận, TP Hồ Chí Minh",46,,,Đông,,1,3,2,Have certificate,Full,4.3,2026
"Đường Chiến Lược, Phường Bình Trị Đông, TP Hồ Chí Minh",29,,,,,,4,,Have certificate,,2.7,2026
"Đường Nguyễn Kim Cương, Xã Phú Hòa Đông, TP Hồ Chí Minh",75,,,Đông Nam,,1,2,2,Have certificate,Basic,1.7,2026
"Đường Quốc lộ 22, Xã Bà Điểm, TP Hồ Chí Minh",200,,,Đông Nam,,,3,2,No certificate,,6.8,2026
"Đường Cộng Hoà, Phường Tân Bình, TP Hồ Chí Minh",66,,,,,2,4,,Have certificate,Basic,8.3,2026
"Hẻm 108 Trần Quang Diệu, Phường Nhiêu Lộc, TP Hồ Chí Minh",56,,,,,3,4,4,Have certificate,Full,9.6,2026
"Đường Phan Văn Đối, Xã Bà Điểm, TP Hồ Chí Minh",125,,,Đông,,1,2,2,Have certificate,Other,9.5,2026
"Đường số 12, Phường Bình Hưng Hòa, TP Hồ Chí Minh",53,,,,,,2,2,Have certificate,Basic,6.8,2026
"Đường số 53, Phường Hiệp Bình, TP Hồ Chí Minh",129,,,Nam,,2,6,6,Have certificate,Full,8.5,2026
"49, Phường Bình Phú, TP Hồ Chí Minh",40,,,,,,3,,Have certificate,,6.3,2026
"Kdc Lý Chiêu Hoàng, Phường Bình Phú, TP Hồ Chí Minh",60,,,,,,5,,Have certificate,,9.2,2026
"Đường Mã Lò, Phường Bình Trị Đông, TP Hồ Chí Minh",63,,,,,2,2,2,Have certificate,Full,5.75,2026
"Đường Chuyên Dùng Chính, Phường Tân Mỹ, TP Hồ Chí Minh",61.5,,,Tây,,4,5,5,Have certificate,Other,7.99,2026
"Đường Số 7, Phường Hạnh Thông, TP Hồ Chí Minh",15,,,,,,2,,Have certificate,,2.05,2026
"Thống Nhất, Phường Thông Tây Hội, TP Hồ Chí Minh",52,,,,,4,5,6,Have certificate,,7.9,2026
"Đường số 48, Phường Hiệp Bình, TP Hồ Chí Minh",54,,,,,2,3,2,Shared certificate,Basic,2.15,2026
"24, Phường Bình Phú, TP Hồ Chí Minh",425,,,,,,7,,Have certificate,,60,2026
"Thạnh Xuân 38, Phường Thới An, TP Hồ Chí Minh",27,,,Tây Bắc,,1,2,2,Shared certificate,Basic,999,2026
"36, Phường Bình Phú, TP Hồ Chí Minh",74,,,,,,5,,Have certificate,,9.2,2026
"Đường Cộng Hoà, Phường Tân Bình, TP Hồ Chí Minh",66,,,,,2,4,,Have certificate,Basic,8.3,2026
"Đường Số 7, Phường Hạnh Thông, TP Hồ Chí Minh",15,,,,,,2,,Have certificate,,2.05,2026
"90., Xã Nhà Bè, TP Hồ Chí Minh",64,,,,,4,4,4,Have certificate,,9.9,2026
"Đường Âu Dương Lân, Phường Chánh Hưng, TP Hồ Chí Minh",10.4,,,Nam,,,1,2,Have certificate,,1.85,2026
"Đường Chuyên Dùng Chính, Phường Tân Mỹ, TP Hồ Chí Minh",61.5,,,Tây,,4,5,5,Have certificate,Other,7.99,2026
"Đường Đình Phong Phú, Phường Tăng Nhơn Phú, TP Hồ Chí Minh",100,,,,,2,4,3,Have certificate,,4.9,2026
"65/3B, Phường An Lạc, TP Hồ Chí Minh",59.8,,,Tây Bắc,,,2,1,Have certificate,Other,3.15,2026
"Đường Nguyễn Văn Quá, Phường Đông Hưng Thuận, TP Hồ Chí Minh",36,,,Đông Nam,,2,2,2,,,3.55,2026
"Đường Quốc lộ 50, Xã Bình Hưng, TP Hồ Chí Minh",14,,,Bắc,,,1,1,Other,,980,2026
"Đường Mã Lò, Phường Bình Trị Đông, TP Hồ Chí Minh",60,,,,,2,2,2,Have certificate,Other,7,2026
"Đường số 48, Phường Hiệp Bình, TP Hồ Chí Minh",54,,,,,2,3,2,Shared certificate,Basic,2.15,2026
"Đường số 12, Phường Bình Hưng Hòa, TP Hồ Chí Minh",27,,,,,3,5,3,,Other,3.6,2026
"Đường Số 5, Phường Bình Hưng Hòa, TP Hồ Chí Minh",48,,,,,5,4,4,Have certificate,Other,7.8,2026
"90., Xã Nhà Bè, TP Hồ Chí Minh",64,,,,,4,4,4,Have certificate,,9.9,2026
"Đường Trịnh Thị Dối, Xã Đông Thạnh, TP Hồ Chí Minh",68,,,,,2,3,2,Have certificate,,2.9,2026
"Đường Đình Phong Phú, Phường Tăng Nhơn Phú, TP Hồ Chí Minh",100,,,,,2,4,3,Have certificate,,4.9,2026
"Đường Lưu Hữu Phước, Phường Phú Định, TP Hồ Chí Minh",60,,,,,2,3,2,Have certificate,Basic,3.65,2026
"Đường Bình Thới, Phường Bình Thới, TP Hồ Chí Minh",70,,,,,,2,,Have certificate,,4.28,2026
"Khuông Việt, Phường Tân Phú, TP Hồ Chí Minh",60,,,,,3,5,3,Have certificate,,5.8,2026
"Đường Xuân Thới Thượng 27, Xã Bà Điểm, TP Hồ Chí Minh",150,,,,,,3,3,Have certificate,,5.5,2026
"65/3B, Phường An Lạc, TP Hồ Chí Minh",59.8,,,Tây Bắc,,,2,1,Have certificate,Other,3.15,2026
"Đường Gò Xoài, Phường Bình Hưng Hòa, TP Hồ Chí Minh",60,,,,,2,2,3,Have certificate,Other,4.8,2026
"Đường số 12, Phường Bình Hưng Hòa, TP Hồ Chí Minh",30,,,,,,2,,Have certificate,,3.5,2026
"Đường Bình Thới, Phường Bình Thới, TP Hồ Chí Minh",70,,,,,,2,,Have certificate,,4.28,2026
"Đường Số 5, Phường Bình Hưng Hòa, TP Hồ Chí Minh",32,,,,,,4,3,Have certificate,,3.99,2026
"Đường Lê Thị Riêng, Phường Thới An, TP Hồ Chí Minh",57,,,,,,4,5,Have certificate,Other,7.68,2026
"Đường Hương Lộ 2, Phường Bình Trị Đông, TP Hồ Chí Minh",56,,,,,,3,2,Have certificate,,5.68,2026
"Đường Tây Lân 3, Xã Bà Điểm, TP Hồ Chí Minh",108,,,Đông Bắc,,3,4,3,Have certificate,Other,7.5,2026
"Đường Trịnh Thị Dối, Xã Đông Thạnh, TP Hồ Chí Minh",68,,,,,2,3,2,Have certificate,,2.9,2026
"1206, Phường Tân Mỹ, TP Hồ Chí Minh",32.5,,,,,,2,2,Have certificate,Basic,3.45,2026
"Đường Tây Thạnh, Phường Tây Thạnh, TP Hồ Chí Minh",64,,,,,2,3,,Have certificate,,5.8,2026
"Đường Quốc lộ 50, Phường Bình Đông, TP Hồ Chí Minh",96,,,,,5,10,6,Have certificate,,11,2026
"Đường Lê Quang Định, Phường Bình Lợi Trung, TP Hồ Chí Minh",41,,,Đông Bắc,,2,3,,Have certificate,Full,6.5,2026
"Đường Gò Xoài, Phường Bình Hưng Hòa, TP Hồ Chí Minh",60,,,,,2,2,3,Have certificate,Other,4.8,2026
"1206, Phường Tân Mỹ, TP Hồ Chí Minh",32.5,,,,,,2,2,Have certificate,Basic,3.45,2026
"Đường số 4, Phường Linh Xuân, TP Hồ Chí Minh",75,,,,,1,3,2,Shared certificate,,950,2026
"Hẻm 450 Đoàn Văn Bơ, Phường Khánh Hội, TP Hồ Chí Minh",38.9,,,,,1,2,3,,,4.95,2026
"Đường Hương Lộ 2, Phường Bình Trị Đông, TP Hồ Chí Minh",60,,,,,3,4,4,Have certificate,Full,6,2026
"Đường Lê Đình Cẩn, Phường Tân Tạo, TP Hồ Chí Minh",68,,,Tây Nam,,4,5,5,Have certificate,Other,7.4,2026
"1/, Phường An Hội Đông, TP Hồ Chí Minh",56,,,Tây Bắc,,4,4,5,Have certificate,Other,7.98,2026
"Đường Lê Đức Thọ, Phường An Hội Đông, TP Hồ Chí Minh",113.12,,,Tây Bắc,,3,2,3,Have certificate,Other,12.8,2026
"Đường Quốc lộ 13, Phường Hiệp Bình, TP Hồ Chí Minh",60,,,,,3,4,4,Have certificate,,7.8,2026
"Đường Nguyễn Thiện Thuật, Phường Bàn Cờ, TP Hồ Chí Minh",35,,,,,5,3,4,Have certificate,Full,8.5,2026
"Đình Phong Phú, Phường Tăng Nhơn Phú, TP Hồ Chí Minh",120,,,,,,2,,Have certificate,,5.9,2026
"Đường số 6, Phường Bình Hưng Hòa, TP Hồ Chí Minh",50,,,,,2,3,2,Have certificate,,3.15,2026
"Đường Quốc lộ 50, Xã Bình Hưng, TP Hồ Chí Minh",93.3,,,Tây Bắc,,,2,2,Have certificate,,5.68,2026
"Đường Nguyễn Thiện Thuật, Phường Bàn Cờ, TP Hồ Chí Minh",35,,,,,5,3,4,Have certificate,Full,8.5,2026
"Đường số 4, Phường Linh Xuân, TP Hồ Chí Minh",75,,,,,1,3,2,Shared certificate,,950,2026
"Đường Số 5, Phường Bình Hưng Hòa, TP Hồ Chí Minh",32,,,,,3,4,3,Have certificate,Full,3.98,2026
"Đường Quốc lộ 50, Xã Bình Hưng, TP Hồ Chí Minh",65.2,,,Nam,,,4,2,Have certificate,,4.2,2026
"Đường Xuân Thới Sơn 20, Xã Xuân Thới Sơn, TP Hồ Chí Minh",100,,,,,,3,1,Have certificate,Basic,3.95,2026
"Hẻm 450 Đoàn Văn Bơ, Phường Khánh Hội, TP Hồ Chí Minh",38.9,,,,,1,2,3,,,4.95,2026
"Đường Quốc lộ 13, Phường Hiệp Bình, TP Hồ Chí Minh",60,,,,,3,4,4,Have certificate,,7.8,2026
"Đình Phong Phú, Phường Tăng Nhơn Phú, TP Hồ Chí Minh",120,,,,,,2,,Have certificate,,5.9,2026
"Đường Kinh Trung ương, Xã Vĩnh Lộc, TP Hồ Chí Minh",80,,,Nam,,2,4,5,Shared certificate,Other,2.3,2026
"Đường Quang Trung, Phường Thông Tây Hội, TP Hồ Chí Minh",56,,,Bắc,,2,3,3,Have certificate,Basic,6.8,2026
"Đường Quốc lộ 50, Phường Bình Đông, TP Hồ Chí Minh",96,,,,,5,10,6,Have certificate,,11,2026
"Đường 26 Tháng 3, Phường Bình Hưng Hòa, TP Hồ Chí Minh",80,,,,,3,3,3,Have certificate,Other,8.28,2026
"Đường Quốc lộ 50, Xã Bình Hưng, TP Hồ Chí Minh",93.3,,,Tây Bắc,,,2,2,Have certificate,,5.68,2026
"Đông Thạnh 7, Xã Đông Thạnh, TP Hồ Chí Minh",198,,,,,1,2,2,Have certificate,,4.6,2026
"Mặt Tiền Đường Phạm Thị Giây, Xã Đông Thạnh, TP Hồ Chí Minh",86.2,,,Tây Nam,,4,4,4,Have certificate,,7.25,2026
"Hẻm 237 Phạm Văn Chiêu, Phường An Hội Tây, TP Hồ Chí Minh",50,,,,,2,2,2,Have certificate,,4.95,2026
"Đường Lê Văn Quới, Phường Bình Trị Đông, TP Hồ Chí Minh",66,,,,,,4,4,,,4.75,2026
"Đường 26 Tháng 3, Phường Bình Hưng Hòa, TP Hồ Chí Minh",80,,,,,3,3,3,Have certificate,Other,8.28,2026
"2174, Xã Nhà Bè, TP Hồ Chí Minh",52,,,Đông,,3,2,3,Have certificate,Full,3.85,2026
"Đường Đại Lộ 2, Phường Phước Long, TP Hồ Chí Minh",137,,,Nam,,3,4,5,Have certificate,Basic,17.5,2026
"Hẻm C7D Phạm Hùng, Xã Bình Hưng, TP Hồ Chí Minh",28,,,Tây Bắc,,2,2,2,No certificate,Basic,1.85,2026
"Đường Quốc lộ 50, Xã Bình Hưng, TP Hồ Chí Minh",65.2,,,Nam,,,4,2,Have certificate,,4.2,2026
"Đường Số 3, Phường Bình Hưng Hòa, TP Hồ Chí Minh",48,,,,,2,3,,Have certificate,,5.4,2026
"Đường Xuân Thới Sơn 20, Xã Xuân Thới Sơn, TP Hồ Chí Minh",100,,,,,,3,1,Have certificate,Basic,3.95,2026
"Đường Tên Lửa, Phường An Lạc, TP Hồ Chí Minh",160,,,,,,7,,Have certificate,,21,2026
"Đường Âu Dương Lân, Phường Chánh Hưng, TP Hồ Chí Minh",54,,,,,5,9,6,Have certificate,,8.1,2026
"Âu Cơ, Phường Bảy Hiền, TP Hồ Chí Minh",66.8,,,,,5,7,6,Have certificate,,8.6,2026
"Đường Quang Trung, Phường Thông Tây Hội, TP Hồ Chí Minh",68,,,,,4,7,,Have certificate,,10.9,2026
"Đường Xô Viết Nghệ Tĩnh, Phường Thạnh Mỹ Tây, TP Hồ Chí Minh",110,,,Tây Bắc,,2,4,3,Have certificate,,12,2026
"Nguyễn Văn Lịch, Phường Linh Xuân, TP Hồ Chí Minh",60,,,,,,4,3,Have certificate,,5.55,2026
"Đường Số 49, Phường Tân Thuận, TP Hồ Chí Minh",90,,,,,3,4,6,Have certificate,,15.6,2026
"Đường Tên Lửa, Phường An Lạc, TP Hồ Chí Minh",160,,,,,,7,,Have certificate,,21,2026
"Đường Trần Hưng Đạo, Phường Cầu Ông Lãnh, TP Hồ Chí Minh",50,,,,,,2,,Have certificate,,8.6,2026
"2174, Xã Nhà Bè, TP Hồ Chí Minh",52,,,Đông,,3,2,3,Have certificate,Full,3.85,2026
"Đường Quang Trung, Phường Gò Vấp, TP Hồ Chí Minh",49,,,Đông Bắc,,2,3,3,Have certificate,Full,5.9,2026
"Đường 04 Ấp Mới 1, Xã Hóc Môn, TP Hồ Chí Minh",160,,,Nam,,2,3,4,Have certificate,Full,6.2,2026
"Đường An Phú, Phường An Phú Đông, TP Hồ Chí Minh",51,,,Đông Nam,,1,3,2,Shared certificate,Basic,2.35,2026
"Đường Phạm Văn Bạch, Phường Tân Sơn, TP Hồ Chí Minh",33,,,,,2,2,2,Have certificate,Full,4.5,2026
"Đường Cách Mạng Tháng Tám, Phường Nhiêu Lộc, TP Hồ Chí Minh",67,,,,,2,2,2,Have certificate,,9.1,2026
"Đường Tân Hòa Đông, Phường Phú Lâm, TP Hồ Chí Minh",25,,,,,,2,,,,3.75,2026
"Đường Lê Đức Thọ, Phường An Hội Tây, TP Hồ Chí Minh",62,,,Đông Nam,,4,4,6,Have certificate,Full,14.8,2026
"Đường Thạnh Lộc 14, Phường An Phú Đông, TP Hồ Chí Minh",81,,,Đông Bắc,,,2,2,,,4.35,2026
"23/24/12, Phường Bảy Hiền, TP Hồ Chí Minh",16,,,Nam,,1,1,2,Have certificate,Basic,2.5,2026
"529, Xã Nhà Bè, TP Hồ Chí Minh",12,,,,,1,1,,Shared certificate,Basic,680,2026
"Đường Đỗ Xuân Hợp, Phường Phước Long, TP Hồ Chí Minh",252,,,Đông Bắc,,3,4,5,Have certificate,Other,23.8,2026
"Đường Quang Trung, Phường Thông Tây Hội, TP Hồ Chí Minh",39,,,,,4,4,4,Have certificate,Other,7.6,2026
"Đường Trần Văn Mười, Xã Bà Điểm, TP Hồ Chí Minh",110,,,,,,3,2,,Other,5.15,2026
"Đường Hồ Học Lãm, Phường An Lạc, TP Hồ Chí Minh",32,,,Bắc,,2,2,2,Have certificate,Full,3.58,2026
"Đường Thạnh Lộc 14, Phường An Phú Đông, TP Hồ Chí Minh",81,,,Đông Bắc,,,2,2,,,4.35,2026
"529, Xã Nhà Bè, TP Hồ Chí Minh",12,,,,,1,1,,Shared certificate,Basic,680,2026
"Hẻm 23/28/1 đường số 16 (nối dài), Phường Chánh Hưng, TP Hồ Chí Minh",52,,,,,,2,1,Other,,2.59,2026
"Lê Thị Hoa, Phường Tam Bình, TP Hồ Chí Minh",35,,,,,2,3,2,Have certificate,Full,2.95,2026
"Đường Lê Đức Thọ, Phường An Hội Tây, TP Hồ Chí Minh",62,,,Đông Nam,,4,4,6,Have certificate,Full,14.8,2026
"Đường Nguyễn Văn Bứa, Xã Xuân Thới Sơn, TP Hồ Chí Minh",10,,,,,1,2,2,Have certificate,Basic,495,2026
"Đường Lê Quang Định, Phường Gia Định, TP Hồ Chí Minh",46,,,,,2,3,3,Have certificate,Other,6.5,2026
"Phú Lộc, Phường Tân Hòa, TP Hồ Chí Minh",54,,,,,,2,,Have certificate,,4.8,2026
"Cách mạng tháng 8 Quận 10, Phường Hòa Hưng, TP Hồ Chí Minh",47,,,,,5,7,5,Have certificate,Basic,7.45,2026
"Đường Đoàn Văn Bơ, Phường Xóm Chiếu, TP Hồ Chí Minh",49.5,,,,,,6,,,,6.5,2026
"Nguyễn Văn Lịch, Phường Linh Xuân, TP Hồ Chí Minh",60,,,,,,4,3,Have certificate,,5.55,2026
"Tân Chánh hiệp 10, Phường Trung Mỹ Tây, TP Hồ Chí Minh",84,,,,,,7,6,Have certificate,Other,10.78,2026
"Đường Quang Trung, Phường Thông Tây Hội, TP Hồ Chí Minh",39,,,,,4,4,4,Have certificate,Other,7.6,2026
"Đường Huỳnh Tấn Phát, Xã Nhà Bè, TP Hồ Chí Minh",75,,,,,1,3,2,Shared certificate,Full,2.96,2026
"Hẻm 23/28/1 đường số 16 (nối dài), Phường Chánh Hưng, TP Hồ Chí Minh",52,,,,,,2,1,Other,,2.59,2026
"Đường Nguyễn Thái Sơn, Phường Hạnh Thông, TP Hồ Chí Minh",44,,,,,,2,,Have certificate,,4.35,2026
"Đường Lê Quang Định, Phường Gia Định, TP Hồ Chí Minh",46,,,,,2,3,3,Have certificate,Other,6.5,2026
"Lê Thị Hoa, Phường Tam Bình, TP Hồ Chí Minh",35,,,,,2,3,2,Have certificate,Full,2.95,2026
"Đường Thoại Ngọc Hầu, Phường Phú Thạnh, TP Hồ Chí Minh",52,,,,,2,2,2,,,2.8,2026
"Đường Quốc Lộ 50, Phường Chánh Hưng, TP Hồ Chí Minh",26.38,,,,,,1,2,Other,,1.3,2026
"Võ Văn Vân, Xã Tân Vĩnh Lộc, TP Hồ Chí Minh",40,,,Bắc,,1,2,2,Other,Other,1.68,2026
"Đường Trần Quang Khải, Phường Tân Định, TP Hồ Chí Minh",74.4,,,,,3,3,2,Have certificate,,27,2026
"Hương Lộ 2, Phường Bình Trị Đông, TP Hồ Chí Minh",76,,,,,5,5,6,Have certificate,Full,8.9,2026
"108/, Phường Bảy Hiền, TP Hồ Chí Minh",19,,,Đông Bắc,,3,2,2,Have certificate,Full,2.89,2026
"Đường Thạnh Lộc 16, Phường An Phú Đông, TP Hồ Chí Minh",48,,,Đông Nam,,2,4,3,Have certificate,Basic,5.1,2026
"Đường số 9, Phường An Hội Đông, TP Hồ Chí Minh",80,,,,,,2,3,Have certificate,,9.6,2026
"Đường Lâm Văn Bền, Phường Tân Thuận, TP Hồ Chí Minh",40,,,Đông,,2,2,3,Have certificate,Basic,5.3,2026
"Đường Tân Kỳ Tân Quý, Phường Tân Sơn Nhì, TP Hồ Chí Minh",90,,,,,4,5,5,Have certificate,Other,8.7,2026
"Đường Nguyễn Sơn, Phường Phú Thạnh, TP Hồ Chí Minh",41,,,,,,4,,,,5.6,2026
"Đường Lê Đình Quản, Phường Cát Lái, TP Hồ Chí Minh",124,,,Tây,,3,4,2,Have certificate,,11,2026
"Đường Lê Thị Riêng, Phường Thới An, TP Hồ Chí Minh",22,,,Tây,,2,1,1,Shared certificate,Basic,890,2026
"22 phan văn trị, Phường Bình Lợi Trung, TP Hồ Chí Minh",30,,,,,,3,,,,4.5,2026
"Đường Man Thiện, Phường Tăng Nhơn Phú, TP Hồ Chí Minh",94,,,,,,4,,,,6.5,2026
"Tăng Nhơn Phú B, Phường Tăng Nhơn Phú, TP Hồ Chí Minh",43,,,,,,2,2,Have certificate,,3.5,2026
"Đường Thống Nhất, Phường An Hội Đông, TP Hồ Chí Minh",219,,,Bắc,,5,10,6,Have certificate,Other,36.5,2026
"Mặt Tiền Đường Tân Xuân 2, Xã Hóc Môn, TP Hồ Chí Minh",100.5,,,Tây Bắc,,3,4,4,Have certificate,,6.7,2026
"Đường Hoàng Bật Đạt, Phường Tân Sơn, TP Hồ Chí Minh",44,,,,,2,2,2,Have certificate,,4.97,2026
"Đường Nguyễn Văn Trỗi, Phường Cầu Kiệu, TP Hồ Chí Minh",35,,,,,,5,3,,,5.8,2026
"Đường Nguyễn Thị Tú, Phường Bình Tân, TP Hồ Chí Minh",65,,,,,2,2,2,Have certificate,Other,4.5,2026
"346/22/3, Phường Bình Thạnh, TP Hồ Chí Minh",32,,,Bắc,,2,2,2,Have certificate,Basic,2.85,2026
"20, Phường Bảy Hiền, TP Hồ Chí Minh",70,,,Đông Nam,,,10,6,Have certificate,Full,8.7,2026
"Đường số 27, Phường An Nhơn, TP Hồ Chí Minh",51,,,,,2,2,2,Have certificate,,4.85,2026
"Đường Cách Mạng Tháng 8, Phường Tân Sơn Nhất, TP Hồ Chí Minh",40,,,,,2,2,2,Have certificate,Full,4.48,2026
"Đường Đoàn Văn Bơ, Phường Khánh Hội, TP Hồ Chí Minh",77,,,Đông Nam,,4,4,4,No certificate,Basic,5.999,2026
"Đường Tám Danh, Phường Chánh Hưng, TP Hồ Chí Minh",28,,,Tây Nam,,1,2,2,Have certificate,Full,4.7,2026
"Đường Dương Bá Trạc, Phường Chánh Hưng, TP Hồ Chí Minh",75.8,,,Tây Bắc,,2,2,2,Have certificate,Full,8,2026
"22 phan văn trị, Phường Bình Lợi Trung, TP Hồ Chí Minh",30,,,,,,3,,,,4.5,2026
"Đường Trịnh Quang Nghị, Phường Bình Đông, TP Hồ Chí Minh",100,,,,,2,4,5,Have certificate,Full,8.5,2026
"Đường Trần Xuân Soạn, Phường Tân Hưng, TP Hồ Chí Minh",33,,,,,,2,2,Have certificate,,3.7,2026
"226, Phường Bình Phú, TP Hồ Chí Minh",50.4,,,Tây,,4,4,,Have certificate,Full,6.9,2026
"Đường Đoàn Văn Bơ, Phường Khánh Hội, TP Hồ Chí Minh",21.5,,,Đông Nam,,3,2,3,Have certificate,Basic,4.55,2026
"Đường Nguyễn Hồng Đào, Phường Tân Bình, TP Hồ Chí Minh",22,,,,,5,3,4,,,5.25,2026
"Đường Khánh Hội, Phường Vĩnh Hội, TP Hồ Chí Minh",34.2,,,Đông Nam,,3,3,3,Have certificate,Basic,8.9,2026
"Đường số 3, Phường Thủ Đức, TP Hồ Chí Minh",97,,,,,4,3,3,Have certificate,Other,13.5,2026
"Mặt Tiền Đường Tân Xuân 2, Xã Hóc Môn, TP Hồ Chí Minh",100.5,,,Tây Bắc,,3,4,4,Have certificate,,6.7,2026
"Đường Tân Kỳ Tân Quý, Phường Tân Sơn Nhì, TP Hồ Chí Minh",90,,,,,4,5,5,Have certificate,Other,8.7,2026
"Đường Thạnh Lộc 44, Phường An Phú Đông, TP Hồ Chí Minh",60,,,,,4,6,6,Have certificate,Basic,5.8,2026
"Đường Hoa Đào, Phường Cầu Kiệu, TP Hồ Chí Minh",60,,,,,3,4,4,Have certificate,,22,2026
"Số 10, Xã Bình Hưng, TP Hồ Chí Minh",136.5,,,,,3,4,3,Have certificate,Basic,16,2026
"Đường số 27, Phường An Nhơn, TP Hồ Chí Minh",51,,,,,2,2,2,Have certificate,,4.85,2026
"Đường Bùi Quang Là, Phường An Hội Tây, TP Hồ Chí Minh",48,,,Đông Nam,,5,4,5,Have certificate,Full,7.89,2026
"Đường Bắc Lân 1, Xã Bà Điểm, TP Hồ Chí Minh",85,,,,,,4,,Have certificate,,6.5,2026
"Đường Đoàn Văn Bơ, Phường Khánh Hội, TP Hồ Chí Minh",21.5,,,Đông Nam,,3,2,3,Have certificate,Basic,4.55,2026
"Đường Tỉnh lộ 10, Phường Tân Tạo, TP Hồ Chí Minh",80,,,,,5,8,6,Have certificate,Other,6,2026
"Đường Tân Hòa Đông, Phường Phú Lâm, TP Hồ Chí Minh",50,,,,,2,3,3,Have certificate,Full,5,2026
"Đường Hương Lộ 2, Phường Bình Trị Đông, TP Hồ Chí Minh",30,,,,,2,3,2,Have certificate,Other,2.98,2026
"Đường Đoàn Văn Bơ, Phường Khánh Hội, TP Hồ Chí Minh",77,,,Đông Nam,,4,4,4,No certificate,Basic,5.999,2026
"Khánh Hội, Phường Vĩnh Hội, TP Hồ Chí Minh",43,,,Tây,,4,3,3,Have certificate,Full,6.999,2026
"Đường Đoàn Văn Bơ, Phường Xóm Chiếu, TP Hồ Chí Minh",21,,,Đông Nam,,3,2,2,Have certificate,Basic,3.55,2026
"Tân Chánh Hiệp 03, Phường Trung Mỹ Tây, TP Hồ Chí Minh",70,,,,,,4,6,Have certificate,Other,9.25,2026
"Đường Phùng Chí Kiên, Phường Tân Sơn Nhì, TP Hồ Chí Minh",24,,,,,2,2,2,,,3.1,2026
"50, Phường Cát Lái, TP Hồ Chí Minh",144,,,Nam,,3,6,,Have certificate,Other,38.7,2026
"Đường Bà Hom, Phường Phú Lâm, TP Hồ Chí Minh",68,,,,,,1,1,Have certificate,,5.8,2026
"Đường Hồng Bàng, Phường Bình Tây, TP Hồ Chí Minh",32,,,,,,2,,Have certificate,,4.39,2026
"Đường Nguyễn Văn Khối, Phường Thông Tây Hội, TP Hồ Chí Minh",35,,,,,2,2,2,Have certificate,Full,4.68,2026
"Đường Nguyễn Duy Cung, Phường An Hội Tây, TP Hồ Chí Minh",98,,,,,,4,,Have certificate,,11.7,2026
"Đường Trần Xuân Soạn, Phường Tân Hưng, TP Hồ Chí Minh",20,,,Tây,,3,2,3,Have certificate,Basic,2.96,2026
"Đường Nguyễn Công Hoan, Phường Cầu Kiệu, TP Hồ Chí Minh",33,,,,,2,3,3,Have certificate,,5.7,2026
"đất mới, Phường Bình Trị Đông, TP Hồ Chí Minh",65,,,,,4,4,3,Have certificate,Full,6.2,2026
"trần khắc chân , Phường Tân Định, TP Hồ Chí Minh",48.3,,,,,3,4,2,Have certificate,,17.8,2026
"351/1/24, Phường Hòa Bình, TP Hồ Chí Minh",50,,,Tây Nam,,1,1,1,Have certificate,,6.7,2026
"Đường Tân Thắng, Phường Tân Sơn Nhì, TP Hồ Chí Minh",80,,,,,3,3,3,Have certificate,Other,8.3,2026
"Đường Tân Hòa Đông, Phường Phú Lâm, TP Hồ Chí Minh",50,,,,,2,3,3,Have certificate,Full,5,2026
"Đường Lạc Long Quân, Phường Tân Hòa, TP Hồ Chí Minh",55,,,,,,5,6,Have certificate,,12.5,2026
"Đường Thiên Phước, Phường Tân Hòa, TP Hồ Chí Minh",51.94,,,,,,2,2,,,7.8,2026
"Đường Liên Khu 1-6, Phường Bình Trị Đông, TP Hồ Chí Minh",40,,,,,,2,2,Have certificate,,4.495,2026
"Tân Chánh Hiệp 03, Phường Trung Mỹ Tây, TP Hồ Chí Minh",70,,,,,,4,6,Have certificate,Other,9.25,2026
"Đường Nữ Dân Công, Xã Vĩnh Lộc, TP Hồ Chí Minh",87,,,,,1,3,2,Shared certificate,Full,2.7,2026
"Đường Tam Đảo, Phường Hòa Hưng, TP Hồ Chí Minh",54,,,,,,4,,Have certificate,,12.5,2026
"Đường Huỳnh Tấn Phát, Phường Phú Thuận, TP Hồ Chí Minh",46,,,,,,4,,,,5,2026
"B10/4/1Q9, Xã Tân Vĩnh Lộc, TP Hồ Chí Minh",32,,,Nam,,1,2,2,Shared certificate,Basic,1.5,2026
"Đường Hiệp Bình, Phường Hiệp Bình, TP Hồ Chí Minh",51,,,,,3,3,3,Have certificate,,6,2026
"Đường Quốc lộ 50, Xã Bình Hưng, TP Hồ Chí Minh",56,,,,,,2,2,,,2.65,2026
"Đường Phú Định, Phường Phú Định, TP Hồ Chí Minh",80,,,,,2,3,2,Have certificate,Basic,4.55,2026
"37/5A, Xã Hóc Môn, TP Hồ Chí Minh",57,,,,,1,2,1,Have certificate,Full,4.5,2026
"Đường Phan Văn Đối, Xã Bà Điểm, TP Hồ Chí Minh",125,,,,,,2,,Have certificate,,8.9,2026
"Đường Lạc Long Quân, Phường Bình Thới, TP Hồ Chí Minh",51.8,,,Đông Bắc,,4,5,4,Have certificate,Other,8.3,2026
"Đường Số 14, Phường Hiệp Bình, TP Hồ Chí Minh",50,,,,,,2,2,Have certificate,,6.5,2026
"Đường số 30, Phường An Nhơn, TP Hồ Chí Minh",65,,,Bắc,,6,5,,Have certificate,Other,13.9,2026
"Đường Lương Ngọc Quyến, Phường An Nhơn, TP Hồ Chí Minh",17,,,,,3,2,3,,,3.15,2026
"Đường Song Hành, Phường Bình Phú, TP Hồ Chí Minh",72,,,Bắc,,4,6,5,Have certificate,Full,12,2026
"Tăng Bạt Hổ, Phường Bình Lợi Trung, TP Hồ Chí Minh",52,,,,,,4,,Have certificate,,10.5,2026
"Đường Tân Kỳ Tân Quý, Phường Bình Hưng Hòa, TP Hồ Chí Minh",56,,,Tây,,4,5,5,Have certificate,Other,8.3,2026
"72, Phường Bình Tân, TP Hồ Chí Minh",114,,,Nam,,3,5,5,Have certificate,Other,12,2026
"Đường Tân Hương, Phường Tân Sơn Nhì, TP Hồ Chí Minh",87.5,,,,,4,5,6,Have certificate,Other,7.8,2026
"Đường Đinh Hòa, Phường Phú Định, TP Hồ Chí Minh",43.3,,,Đông Bắc,,,3,3,Have certificate,,4.2,2026
"Đường Lê Văn Quới, Phường Bình Hưng Hòa, TP Hồ Chí Minh",56,,,Đông,,4,5,6,Have certificate,,8.95,2026
"32/75, Phường Hồng Hà, TP Hồ Chí Minh",86,,,Đông Nam,,2,3,4,Have certificate,Full,10.6,2026
"Đường Võ Văn Vân, Xã Tân Vĩnh Lộc, TP Hồ Chí Minh",30,,,,,2,3,2,Shared certificate,Full,1.25,2026
"Đường Lê Văn Thọ, Phường Thông Tây Hội, TP Hồ Chí Minh",80,,,,,5,6,6,,Other,8.9,2026
"Đường Lê Văn Sỹ, Phường Tân Sơn Hòa, TP Hồ Chí Minh",42,,,Nam,,2,2,2,Have certificate,Full,7.2,2026
"37/5A, Xã Hóc Môn, TP Hồ Chí Minh",57,,,,,1,2,1,Have certificate,Full,4.5,2026
"Đường Quốc lộ 50, Xã Bình Hưng, TP Hồ Chí Minh",56,,,,,,2,2,,,2.65,2026
"Đường Kênh Tân Hóa, Phường Tân Phú, TP Hồ Chí Minh",60,,,,,2,4,,Have certificate,,5.5,2026
"Đường Nguyễn Văn Luông, Phường Phú Lâm, TP Hồ Chí Minh",75,,,,,,2,,Have certificate,,7.5,2026
"Đường Huỳnh Tấn Phát, Phường Phú Thuận, TP Hồ Chí Minh",46,,,,,,4,,,,5,2026
"Đường Lạc Long Quân, Phường Bình Thới, TP Hồ Chí Minh",51.8,,,Đông Bắc,,4,5,4,Have certificate,Other,8.3,2026
"trần khắc chân , Phường Tân Định, TP Hồ Chí Minh",48.3,,,,,3,4,2,Have certificate,,17.8,2026
"Đường Nguyễn Công Hoan, Phường Cầu Kiệu, TP Hồ Chí Minh",33,,,,,2,3,3,Have certificate,,5.7,2026
"Đường Song Hành, Phường Bình Phú, TP Hồ Chí Minh",72,,,Bắc,,4,6,5,Have certificate,Full,12,2026
"Đường Tân Kỳ Tân Quý, Phường Bình Hưng Hòa, TP Hồ Chí Minh",56,,,Tây,,4,5,5,Have certificate,Other,8.3,2026
"Đường Phan Văn Đối, Xã Bà Điểm, TP Hồ Chí Minh",125,,,,,,2,,Have certificate,,8.9,2026
"Đường Nữ Dân Công, Xã Vĩnh Lộc, TP Hồ Chí Minh",87,,,,,1,3,2,Shared certificate,Full,2.7,2026
"đất mới, Phường Bình Trị Đông, TP Hồ Chí Minh",65,,,,,4,4,3,Have certificate,Full,6.2,2026
"Đường Liên Khu 1-6, Phường Bình Trị Đông, TP Hồ Chí Minh",40,,,,,,2,2,Have certificate,,4.495,2026
"Đường Hiệp Bình, Phường Hiệp Bình, TP Hồ Chí Minh",51,,,,,3,3,3,Have certificate,,6,2026
"Đường Lương Ngọc Quyến, Phường An Nhơn, TP Hồ Chí Minh",17,,,,,3,2,3,,,3.15,2026
"Đường Tam Đảo, Phường Hòa Hưng, TP Hồ Chí Minh",54,,,,,,4,,Have certificate,,12.5,2026
"37/5A, Xã Hóc Môn, TP Hồ Chí Minh",57,,,,,1,2,1,Have certificate,Full,4.5,2026
"72, Phường Bình Tân, TP Hồ Chí Minh",114,,,Nam,,3,5,5,Have certificate,Other,12,2026
"B10/4/1Q9, Xã Tân Vĩnh Lộc, TP Hồ Chí Minh",32,,,Nam,,1,2,2,Shared certificate,Basic,1.5,2026
"Tăng Bạt Hổ, Phường Bình Lợi Trung, TP Hồ Chí Minh",52,,,,,,4,,Have certificate,,10.5,2026
"Đường Phú Định, Phường Phú Định, TP Hồ Chí Minh",80,,,,,2,3,2,Have certificate,Basic,4.55,2026
"Đường Lạc Long Quân, Phường Tân Hòa, TP Hồ Chí Minh",55,,,,,,5,6,Have certificate,,12.5,2026
"32/75, Phường Hồng Hà, TP Hồ Chí Minh",86,,,Đông Nam,,2,3,4,Have certificate,Full,10.6,2026
"Đường Lê Văn Sỹ, Phường Tân Sơn Hòa, TP Hồ Chí Minh",42,,,Nam,,2,2,2,Have certificate,Full,7.2,2026
"Đường Kênh Tân Hóa, Phường Tân Phú, TP Hồ Chí Minh",60,,,,,2,4,,Have certificate,,5.5,2026
"Đường Tân Hương, Phường Tân Sơn Nhì, TP Hồ Chí Minh",87.5,,,,,4,5,6,Have certificate,Other,7.8,2026
,,,,,,,,,,,,2026
"Đường số 30, Phường An Nhơn, TP Hồ Chí Minh",65,,,Bắc,,6,5,,Have certificate,Other,13.9,2026
"Đường Đinh Hòa, Phường Phú Định, TP Hồ Chí Minh",43.3,,,Đông Bắc,,,3,3,Have certificate,,4.2,2026
"Đường Quốc lộ 50, Xã Bình Hưng, TP Hồ Chí Minh",56,,,,,,2,2,,,2.65,2026
"Đường Nguyễn Văn Luông, Phường Phú Lâm, TP Hồ Chí Minh",75,,,,,,2,,Have certificate,,7.5,2026
"37/5A, Xã Hóc Môn, TP Hồ Chí Minh",57,,,,,1,2,1,Have certificate,Full,4.5,2026
"Đường Tam Đảo, Phường Hòa Hưng, TP Hồ Chí Minh",54,,,,,,4,,Have certificate,,12.5,2026
"Đường Bình Thới, Phường Hòa Bình, TP Hồ Chí Minh",64,,,,,,4,,Have certificate,,6.5,2026
"Đường Huỳnh Tấn Phát, Xã Nhà Bè, TP Hồ Chí Minh",52,,,,,,3,,No certificate,,2.39,2026
"Đường Lê Văn Thọ, Phường Thông Tây Hội, TP Hồ Chí Minh",80,,,,,5,6,6,,Other,8.9,2026
"Đường Lê Văn Quới, Phường Bình Hưng Hòa, TP Hồ Chí Minh",56,,,Đông,,4,5,6,Have certificate,,8.95,2026
"Đường Phan Xích Long, Phường Cầu Kiệu, TP Hồ Chí Minh",34,,,,,5,4,5,Have certificate,Full,6.95,2026
"Đường Phạm Hữu Lầu, Xã Nhà Bè, TP Hồ Chí Minh",30,,,,,,2,2,Have certificate,Basic,1.58,2026
"Đường Quang Trung, Phường Gò Vấp, TP Hồ Chí Minh",67,,,,,2,3,2,Have certificate,Basic,4.8,2026
"Đường Bà Điểm 5, Xã Bà Điểm, TP Hồ Chí Minh",90,,,,,,4,3,Have certificate,,5.2,2026
"Đường Hương Lộ 2, Phường Bình Trị Đông, TP Hồ Chí Minh",48,,,,,,4,5,Have certificate,,6.9,2026
"Đường Phạm Văn Hai, Phường Tân Sơn Hòa, TP Hồ Chí Minh",26,,,,,3,3,4,Have certificate,Full,4.5,2026
"Đường Lê Văn Thọ, Phường An Hội Đông, TP Hồ Chí Minh",21,,,,,2,2,2,Have certificate,Full,2.48,2026
"Đường 59, Phường An Hội Tây, TP Hồ Chí Minh",64,,,,,5,5,6,Have certificate,Other,7.7,2026
"Đường Phú Thọ Hoà, Phường Phú Thọ Hòa, TP Hồ Chí Minh",50,,,,,4,3,3,Have certificate,Full,7.29,2026
"Đường Huỳnh Tấn Phát, Xã Nhà Bè, TP Hồ Chí Minh",84,,,,,,4,,Have certificate,,7.39,2026
"Đường Âu Cơ, Phường Hòa Bình, TP Hồ Chí Minh",67,,,,,5,4,4,Have certificate,Full,9.6,2026
"Đường Kỳ Ðồng, Phường Nhiêu Lộc, TP Hồ Chí Minh",42,,,,,,3,4,,,5.99,2026
"Đường Võ Văn Vân, Xã Tân Vĩnh Lộc, TP Hồ Chí Minh",30,,,,,2,3,2,Shared certificate,Full,1.25,2026
"Đường Gò Dầu, Phường Tân Sơn Nhì, TP Hồ Chí Minh",94.5,,,,,,4,,Have certificate,,15.5,2026
"Đường Cách Mạng Tháng 8, Phường Tân Sơn Nhất, TP Hồ Chí Minh",39,,,,,,2,,,,4,2026
"179, Phường Tân Sơn, TP Hồ Chí Minh",64,,,,,4,6,,Have certificate,Basic,13.8,2026
"Đường 59, Phường An Hội Tây, TP Hồ Chí Minh",64,,,,,5,5,6,Have certificate,Other,7.7,2026
"Đường Huỳnh Tấn Phát, Xã Nhà Bè, TP Hồ Chí Minh",52,,,,,,3,,No certificate,,2.39,2026
"Đường Lê Thị Hoa, Phường Tam Bình, TP Hồ Chí Minh",51,,,,,2,3,2,Have certificate,,3.1,2026
"Đường Thoại Ngọc Hầu, Phường Phú Thạnh, TP Hồ Chí Minh",50,,,Đông,,2,2,1,Shared certificate,Full,3.5,2026
"Đường Phú Thọ Hoà, Phường Phú Thọ Hòa, TP Hồ Chí Minh",50,,,,,4,3,3,Have certificate,Full,7.29,2026
"Đường Nguyễn Sơn, Phường Phú Thọ Hòa, TP Hồ Chí Minh",60,,,,,2,2,2,Have certificate,Basic,4.1,2026
"Đường Cô Bắc, Phường Cầu Kiệu, TP Hồ Chí Minh",55,,,,,2,2,2,Have certificate,Full,7.95,2026
"Đường Lê Văn Thọ, Phường An Hội Đông, TP Hồ Chí Minh",21,,,,,2,2,2,Have certificate,Full,2.48,2026
"Đường Miếu Gò Xoài, Phường Bình Hưng Hòa, TP Hồ Chí Minh",68,,,,,,5,6,Have certificate,,8.5,2026
"O7O8/21O/466, Phường Hòa Bình, TP Hồ Chí Minh",49,,,,,,3,,Have certificate,,5.2,2026
"Đường Tạ Quang Bửu, Phường Chánh Hưng, TP Hồ Chí Minh",64,,,,,4,4,5,Have certificate,Full,11.88,2026
"Đường Kỳ Ðồng, Phường Nhiêu Lộc, TP Hồ Chí Minh",42,,,,,,3,4,,,5.99,2026
"Đường Tân Chánh Hiệp 3, Phường Trung Mỹ Tây, TP Hồ Chí Minh",75,,,,,2,3,2,,Basic,5,2026
"Đường Phạm Hữu Lầu, Xã Nhà Bè, TP Hồ Chí Minh",30,,,,,,2,2,Have certificate,Basic,1.58,2026
"Đường Thoại Ngọc Hầu, Phường Phú Thạnh, TP Hồ Chí Minh",50,,,Đông,,2,2,1,Shared certificate,Full,2.5,2026
"Đường Thạnh Xuân 25 TPHCM, Phường Thới An, TP Hồ Chí Minh",58,,,,,5,4,5,Have certificate,Other,6.95,2026
"25, Xã Bà Điểm, TP Hồ Chí Minh",70,,,,,,2,1,Have certificate,Other,3.85,2026
"Đường Gò Dầu, Phường Tân Sơn Nhì, TP Hồ Chí Minh",77,,,,,1,3,2,Have certificate,Basic,6.4,2026
"Trần Văn Mười, Xã Xuân Thới Sơn, TP Hồ Chí Minh",110,,,Tây Bắc,,4,5,5,Have certificate,Other,7.7,2026
"Đường Trịnh Đình Trọng, Phường Tân Phú, TP Hồ Chí Minh",62,,,,,,3,,Have certificate,Full,7.99,2026
"Đường Tạ Quang Bửu, Phường Chánh Hưng, TP Hồ Chí Minh",64,,,,,4,4,5,Have certificate,Full,11.88,2026
"Đường Tân Hòa Đông, Phường Bình Trị Đông, TP Hồ Chí Minh",68,,,,,,7,,Have certificate,Other,8.9,2026
"Đường Nguyễn Súy, Phường Tân Sơn Nhì, TP Hồ Chí Minh",80,,,,,2,3,2,Have certificate,Full,6.5,2026
"Đường Nguyễn Sơn, Phường Phú Thọ Hòa, TP Hồ Chí Minh",60,,,,,2,2,2,Have certificate,Basic,4.1,2026
"Đường Tây Hòa, Phường Phước Long, TP Hồ Chí Minh",56,,,,,,3,,Have certificate,,5,2026
"Đường Cách Mạng Tháng 8, Phường Tân Sơn Nhất, TP Hồ Chí Minh",39,,,,,,2,,,,4,2026
"Đông Hưng Thuận 6, Phường Đông Hưng Thuận, TP Hồ Chí Minh",69.7,,,,,,4,,Have certificate,,5.35,2026
"Đường Lạc Long Quân, Phường Bảy Hiền, TP Hồ Chí Minh",62.4,,,,,,4,,Have certificate,,6.7,2026
"Đường Phú Thọ Hoà, Phường Phú Thọ Hòa, TP Hồ Chí Minh",27,,,,,3,2,3,Have certificate,,4,2026
"Đường Mã Lò, Phường Bình Hưng Hòa, TP Hồ Chí Minh",56,,,,,4,4,4,Have certificate,Other,6.5,2026
"Đường Đình Nghi Xuân, Phường Bình Trị Đông, TP Hồ Chí Minh",44,,,,,2,2,,Have certificate,Full,4.1,2026
"Đường Chiến Lược, Phường Bình Trị Đông, TP Hồ Chí Minh",48,,,,,,3,3,Have certificate,,4.95,2026
"Đường Quốc Lộ 13 Cũ, Phường Hiệp Bình, TP Hồ Chí Minh",50,,,Đông Nam,,2,2,1,Have certificate,Other,2.95,2026
"Đường Mã Lò, Phường Bình Hưng Hòa, TP Hồ Chí Minh",56,,,Đông Nam,,2,3,2,Have certificate,,4.3,2026
"Đường Dương Quảng Hàm, Phường An Nhơn, TP Hồ Chí Minh",180,,,Đông Bắc,,1,2,1,Have certificate,Basic,27,2026
"Đường Hương Lộ 2, Phường Bình Trị Đông, TP Hồ Chí Minh",64,,,,,4,4,5,Have certificate,Full,6.3,2026
"Quốc Lộ 22, Xã Xuân Thới Sơn, TP Hồ Chí Minh",65,,,Tây Bắc,,2,3,2,Have certificate,Other,3.8,2026
"Đường Lê Văn Quới, Phường Bình Trị Đông, TP Hồ Chí Minh",53,,,,,4,4,3,Have certificate,,4.9,2026
"Đường Lạc Long Quân, Phường Bảy Hiền, TP Hồ Chí Minh",36,,,,,3,3,2,Have certificate,Full,4,2026
"Trương Phước Phan, Phường Bình Trị Đông, TP Hồ Chí Minh",36,,,,,2,2,2,Have certificate,,3.65,2026
"Đường Trịnh Quang Nghị, Phường Bình Đông, TP Hồ Chí Minh",95,,,,,4,4,5,Have certificate,Full,8,2026
"Đường Nguyễn Trường Tộ, Phường Phú Thọ Hòa, TP Hồ Chí Minh",52,,,,,2,2,2,Have certificate,Basic,5.35,2026
"Đường Nguyễn Tư Giản, Phường An Hội Tây, TP Hồ Chí Minh",80,,,Tây Bắc,,3,4,4,Have certificate,Full,10.8,2026
"Đường Bờ Bao, Phường Tân Sơn Nhì, TP Hồ Chí Minh",35,,,,,5,4,3,Have certificate,Full,5.7,2026
"Đường số 12, Phường Thủ Đức, TP Hồ Chí Minh",112,,,,,3,3,3,Have certificate,Other,14.5,2026
"Đường Hoàng Hoa Thám, Phường Bình Lợi Trung, TP Hồ Chí Minh",87,,,,,6,9,4,Have certificate,Full,23,2026
"Đường Đình Phong Phú, Phường Tăng Nhơn Phú, TP Hồ Chí Minh",87,,,,,1,3,2,Have certificate,,4,2026
"Nguyễn Thị Búp, Phường Trung Mỹ Tây, TP Hồ Chí Minh",48,,,,,3,3,3,Have certificate,Full,4.95,2026
"0372003968-0969988703, Phường Hiệp Bình, TP Hồ Chí Minh",24,,,Đông,,1,2,2,Shared certificate,Basic,1.75,2026
"Đường Quang Trung, Phường Gò Vấp, TP Hồ Chí Minh",20,,,,,2,2,1,Have certificate,Other,2.47,2026
"Đường Số 5, Phường Gò Vấp, TP Hồ Chí Minh",51,,,Nam,,4,3,3,Have certificate,Other,9.5,2026
"Đường Minh Phụng, Phường Bình Tây, TP Hồ Chí Minh",35,,,Bắc,,4,5,4,Have certificate,Full,8.9,2026
"Đường Lê Quang Định, Phường Gia Định, TP Hồ Chí Minh",46,,,,,,3,3,,,6.5,2026
"Nguyễn Du, Phường Hạnh Thông, TP Hồ Chí Minh",15,,,,,2,2,2,Have certificate,Full,2.98,2026
"Đường Thái Phiên, Phường Minh Phụng, TP Hồ Chí Minh",43,,,,,3,4,,Have certificate,,6.2,2026
"Hẻm 1/, Phường Bình Trị Đông, TP Hồ Chí Minh",80,,,,,5,5,5,Have certificate,Other,8.5,2026
"0372003968-0969988703, Phường Hiệp Bình, TP Hồ Chí Minh",42,,,,,1,2,2,Shared certificate,Basic,2.35,2026
"zalo 0767.745.313, Phường Bình Phú, TP Hồ Chí Minh",115,,,,,5,5,5,Have certificate,Other,19,2026
"Đường Liên Tỉnh 5, Phường Bình Đông, TP Hồ Chí Minh",48,,,,,4,4,4,Have certificate,,5.1,2026
"Đường Thích Quảng Đức, Phường Đức Nhuận, TP Hồ Chí Minh",52,,,,,,4,,,,6,2026
"Cách Mạng Tháng Tám, Phường Tân Sơn Nhất, TP Hồ Chí Minh",40,,,Đông,,2,2,2,,,4.555,2026
"Đường Phạm Thế Hiển, Phường Bình Đông, TP Hồ Chí Minh",38,,,,,2,2,2,Have certificate,,3.59,2026
"Phạm Văn Chiêu, Phường An Hội Tây, TP Hồ Chí Minh",32,,,,,2,2,,Have certificate,Other,3.95,2026
"Đường Phạm Thế Hiển, Phường Bình Đông, TP Hồ Chí Minh",80,,,,,1,3,2,Have certificate,Full,710,2026
"0372003968/0969988703, Phường Hiệp Bình, TP Hồ Chí Minh",28,,,,,1,2,2,Shared certificate,Basic,1.6,2026
"Đường Số 47, Phường Hiệp Bình, TP Hồ Chí Minh",32,,,,,1,2,2,Shared certificate,Basic,1.78,2026
"0372003968-0969988703, Phường Hiệp Bình, TP Hồ Chí Minh",52,,,Đông,,1,3,2,Shared certificate,Basic,2.3,2026
"123, Xã Nhà Bè, TP Hồ Chí Minh",224,,,,,,6,4,,,12,2026
"15B, Phường Tân Mỹ, TP Hồ Chí Minh",90,,,,,,4,,Have certificate,,11.9,2026
"Đường Huỳnh Tấn Phát, Phường Tân Mỹ, TP Hồ Chí Minh",75,,,,,3,3,4,Have certificate,Other,7.8,2026
"Đường Chiến Lược, Phường Bình Trị Đông, TP Hồ Chí Minh",51,,,,,3,5,4,,,6.5,2026
"Đường Nguyễn Văn Quá, Phường Tân Thới Hiệp, TP Hồ Chí Minh",70,,,,,,3,2,Have certificate,,4.4,2026
"Đường Huỳnh Tấn Phát, Xã Nhà Bè, TP Hồ Chí Minh",60,,,,,,5,,Have certificate,,6.86,2026
"Hẻm 25 Bùi Quang Là, Phường An Hội Tây, TP Hồ Chí Minh",65,,,,,5,4,6,Have certificate,Other,8.4,2026
"Đường Huỳnh Tấn Phát, Phường Phú Thuận, TP Hồ Chí Minh",60,,,,,,3,,Have certificate,,3.95,2026
"Đường Lý Thái Tổ, Phường Vườn Lài, TP Hồ Chí Minh",26,,,Bắc,,3,4,,Have certificate,Basic,5.58,2026
"Đường Phan Huy Ích, Phường An Hội Tây, TP Hồ Chí Minh",60,,,,,5,3,4,Have certificate,Other,8.9,2026
"Đường Nguyễn Tư Giản, Phường An Hội Tây, TP Hồ Chí Minh",52,,,,,5,5,6,Have certificate,Other,8.4,2026
"Đường Hương Lộ 2, Phường Bình Trị Đông, TP Hồ Chí Minh",89,,,,,4,10,6,,,8.58,2026
"Đường Nguyễn Duy Cung, Phường An Hội Tây, TP Hồ Chí Minh",54,,,,,5,4,6,Have certificate,Other,7.9,2026
"Đường Hương Lộ 2, Phường Bình Trị Đông, TP Hồ Chí Minh",64,,,,,2,2,2,Have certificate,Other,5.35,2026
"Đường Lê Văn Việt, Phường Tăng Nhơn Phú, TP Hồ Chí Minh",69,,,,,,4,,Have certificate,,6.05,2026
"Đường Huỳnh Tấn Phát, Phường Phú Thuận, TP Hồ Chí Minh",30,,,,,4,4,2,Have certificate,Full,4,2026
"Hoàng Diệu 2, Phường Thủ Đức, TP Hồ Chí Minh",200,,,,,,10,6,Have certificate,,14.5,2026
"Đường Chiến Lược, Phường Bình Trị Đông, TP Hồ Chí Minh",64,,,,,3,3,2,Have certificate,Full,5.45,2026
"Đặng Văn Bi, Phường Thủ Đức, TP Hồ Chí Minh",110,,,,,,3,3,Have certificate,,10.15,2026
"Đường Huỳnh Tấn Phát, Phường Phú Thuận, TP Hồ Chí Minh",53,,,,,4,4,4,Have certificate,Full,6,2026
"Đường Nguyễn Văn Khối, Phường Thông Tây Hội, TP Hồ Chí Minh",30,,,,,2,2,2,Have certificate,Full,3.45,2026
"Đường Hương Lộ 2, Phường Bình Trị Đông, TP Hồ Chí Minh",72,,,,,2,2,2,Have certificate,Other,5.98,2026
"Đường Quang Trung, Phường Gò Vấp, TP Hồ Chí Minh",40,,,,,4,4,3,Have certificate,Full,4.9,2026
"Lã Xuân Oai, Phường Tăng Nhơn Phú, TP Hồ Chí Minh",55,,,,,,4,5,Have certificate,,6.25,2026
"Đường Phan Huy Ích, Phường An Hội Tây, TP Hồ Chí Minh",35,,,,,3,3,3,Have certificate,Other,4.8,2026
"Đường Lê Thị Chợ, Phường Phú Thuận, TP Hồ Chí Minh",70,,,,,3,3,3,Have certificate,Other,8.999,2026
"Đường Trần Xuân Soạn, Phường Tân Hưng, TP Hồ Chí Minh",30,,,,,3,3,4,Have certificate,Other,6,2026
"Đường số 1, Phường Long Trường, TP Hồ Chí Minh",100,,,,,2,4,3,Have certificate,,5.999,2026
"Đường Trần Xuân Soạn, Phường Tân Hưng, TP Hồ Chí Minh",40,,,,,4,3,4,Have certificate,Other,6,2026
"Đường Phạm Văn Chiêu, Phường An Hội Tây, TP Hồ Chí Minh",48,,,,,4,4,3,Have certificate,Other,5.6,2026
"Đường Hoàng Diệu 2, Phường Linh Xuân, TP Hồ Chí Minh",120,,,,,,3,,Have certificate,,5.45,2026
"Cách Mạng Tháng 8, Phường Hòa Hưng, TP Hồ Chí Minh",40,,,,,2,3,3,,,4.2,2026
"Đường số 53, Phường Hiệp Bình, TP Hồ Chí Minh",60,,,,,,2,,Have certificate,,5,2026
"Đường Hoàng Văn Thụ, Phường Đức Nhuận, TP Hồ Chí Minh",34,,,,,,6,6,Have certificate,Other,8.48,2026
"Đường Quang Trung, Phường Gò Vấp, TP Hồ Chí Minh",39,,,,,2,2,,Have certificate,Other,4.97,2026
"Đường Lê Văn Lương, Xã Nhà Bè, TP Hồ Chí Minh",50,,,Đông Nam,,3,4,3,Have certificate,Basic,3.268,2026
"2, Phường Thủ Đức, TP Hồ Chí Minh",55,,,,,,4,3,Have certificate,,8.75,2026
"Thạnh Lộc 08, Phường An Phú Đông, TP Hồ Chí Minh",55,,,,,,3,,Have certificate,,6.6,2026
"đường số 2, Phường Thủ Đức, TP Hồ Chí Minh",56,,,,,,4,5,Have certificate,,7.8,2026
"Đường Quốc lộ 13, Phường Hiệp Bình, TP Hồ Chí Minh",60,,,,,,3,,,,5,2026
"Đường Cư xá Phú Lâm D, Phường Bình Phú, TP Hồ Chí Minh",64,,,,,,4,,Have certificate,,7,2026
"Nguyễn Sơn, Phường Phú Thọ Hòa, TP Hồ Chí Minh",45,,,,,3,6,,Have certificate,,6.96,2026
"Đường Tân Hòa Đông, Phường Bình Tây, TP Hồ Chí Minh",40,,,,,,3,,Have certificate,,5.18,2026
"Đường Bình Tiên, Phường Bình Tiên, TP Hồ Chí Minh",21,,,,,,2,2,,,3.5,2026
"Đường Bắc Hải, Phường Vườn Lài, TP Hồ Chí Minh",45.2,,,,,2,2,2,Have certificate,,5.2,2026
"Đường Phú Thọ Hoà, Phường Phú Thọ Hòa, TP Hồ Chí Minh",50,,,Nam,,4,3,3,Have certificate,,7.3,2026
"Đường Lê Đình Cẩn, Phường Tân Tạo, TP Hồ Chí Minh",154,,,,,1,1,1,Have certificate,Other,9.99,2026
"Đường Nơ Trang Long, Phường Gia Định, TP Hồ Chí Minh",19,,,,,2,2,2,Have certificate,Full,3.9,2026
"Đường Số 2, Phường Tăng Nhơn Phú, TP Hồ Chí Minh",50,,,,,2,3,2,Have certificate,Full,4.6,2026
"Đường Kha Vạn Cân, Phường Hiệp Bình, TP Hồ Chí Minh",110,,,,,,2,,Have certificate,,5.85,2026
"Đường Lạc Long Quân, Phường Tân Hòa, TP Hồ Chí Minh",50,,,,,4,4,4,Have certificate,Full,7.3,2026
"Đường Nguyễn Văn Khối, Phường Thông Tây Hội, TP Hồ Chí Minh",52,,,,,,3,4,Have certificate,Other,7.72,2026
"Nguyễn Văn Nguyễn, Phường Tân Định, TP Hồ Chí Minh",60.2,,,,,4,5,4,Have certificate,,18,2026
"Đường Tô Ngọc Vân, Phường Linh Xuân, TP Hồ Chí Minh",130,,,,,,3,,Have certificate,,8.45,2026
"Đường Cách Mạng Tháng 8, Phường Tân Sơn Nhất, TP Hồ Chí Minh",39,,,Đông,,2,2,2,Have certificate,Full,4.5,2026
"Tô Hiệu, Phường Phú Thạnh, TP Hồ Chí Minh",67,,,,,2,2,,Have certificate,,7.2,2026
"Đường Lê Văn Quới, Phường Bình Hưng Hòa, TP Hồ Chí Minh",114,,,,,2,4,4,Have certificate,Full,9.5,2026
"Đường Bùi Đình Tuý, Phường Bình Thạnh, TP Hồ Chí Minh",56,,,,,1,2,2,Have certificate,Other,6,2026
"Đường Quang Trung, Phường Thông Tây Hội, TP Hồ Chí Minh",36,,,,,,3,3,Have certificate,,6.68,2026
"Đường Vườn Lài, Phường Phú Thọ Hòa, TP Hồ Chí Minh",80,,,,,5,5,5,Have certificate,Other,11.8,2026
"Vườn Lài, Phường Phú Thọ Hòa, TP Hồ Chí Minh",40,,,Tây,,3,3,2,Have certificate,,6.55,2026
"Đường Ngô Chí Quốc, Phường Tam Bình, TP Hồ Chí Minh",50.4,,,Tây Bắc,,3,3,3,Have certificate,,4.8,2026
"Đường Số 12, Phường Bình Hưng Hòa, TP Hồ Chí Minh",27,,,,,3,5,,Have certificate,,3.65,2026
"Đường Lạc Long Quân, Phường Tân Hòa, TP Hồ Chí Minh",18,,,,,2,3,2,Have certificate,,3.45,2026
"Đường Hương Lộ 2, Phường Bình Trị Đông, TP Hồ Chí Minh",200,,,,,1,10,6,Have certificate,Basic,11,2026
"Đường Cách Mạng Tháng Tám, Phường Nhiêu Lộc, TP Hồ Chí Minh",65,,,,,2,3,2,Have certificate,,12.2,2026
"Đường Phan Xích Long, Phường Đức Nhuận, TP Hồ Chí Minh",58,,,,,4,5,4,Have certificate,Full,10.59,2026
"Tô Hiệu, Phường Phú Thạnh, TP Hồ Chí Minh",52,,,,,2,2,,Have certificate,,5.9,2026
"Đường Phạm Văn Đồng, Phường Hiệp Bình, TP Hồ Chí Minh",75,,,,,,5,,Have certificate,,10.15,2026
"Đường Lê Văn Sỹ, Phường Tân Sơn Hòa, TP Hồ Chí Minh",41,,,,,2,2,2,Have certificate,Full,7.1,2026
"Đường Huỳnh Thị Na, Xã Đông Thạnh, TP Hồ Chí Minh",151,,,Đông Nam,,1,2,1,Have certificate,Other,5,2026
"Đường Âu Cơ, Phường Tân Phú, TP Hồ Chí Minh",12,,,Đông,,3,2,3,Have certificate,Other,1.8,2026
"Đường số 16, Phường Linh Xuân, TP Hồ Chí Minh",70,,,Đông,,,1,1,Have certificate,,3.1,2026
,,,,,,,,,,,,2026
"Bà Hạt, Phường Vườn Lài, TP Hồ Chí Minh",42,,,,,2,3,2,Have certificate,,5.1,2026
"Đường Hoàng Sa, Phường Bàn Cờ, TP Hồ Chí Minh",78.8,,,,,1,1,1,Have certificate,,10.3,2026
"Đường Bùi Văn Thêm, Phường Đức Nhuận, TP Hồ Chí Minh",36,,,,,3,3,4,Have certificate,Other,7.5,2026
"Đường Lê Văn Việt, Phường Tăng Nhơn Phú, TP Hồ Chí Minh",40,,,,,,2,1,Have certificate,Full,3,2026
"Đường Tô Ngọc Vân, Phường Linh Xuân, TP Hồ Chí Minh",50,,,,,,3,,Have certificate,,6.8,2026
"Đường Lê Văn Sỹ, Phường Nhiêu Lộc, TP Hồ Chí Minh",32,,,Đông Bắc,,,2,2,,,6.3,2026
"Đường Bắc Hải, Phường Hòa Hưng, TP Hồ Chí Minh",40,,,,,6,9,6,Have certificate,,9,2026
"333, Phường Tân Sơn Hòa, TP Hồ Chí Minh",73.7,,,Đông Nam,,2,4,,Have certificate,,11.999,2026
"Đường Hiệp Thành 43, Phường Tân Thới Hiệp, TP Hồ Chí Minh",16,,,,,1,1,1,Shared certificate,Basic,690,2026
"Đường Nguyễn Văn Trỗi, Phường Phú Nhuận, TP Hồ Chí Minh",26,,,Đông Nam,,5,5,3,Have certificate,Full,4.7,2026
"Đường Đặng Thùy Trâm, Phường Bình Lợi Trung, TP Hồ Chí Minh",126,,,,,2,6,6,Have certificate,Full,8.25,2026
"Đường Nguyễn Tri Phương, Phường Vườn Lài, TP Hồ Chí Minh",23,,,,,4,3,3,Have certificate,,5.5,2026
"Đường Số 3, Phường Bình Hưng Hòa, TP Hồ Chí Minh",36,,,,,2,2,2,Have certificate,Full,4,2026
"Đường Tô Hiệu, Phường Phú Thạnh, TP Hồ Chí Minh",80,,,,,2,2,2,Have certificate,Other,7.2,2026
"Đường 38, Phường Hiệp Bình, TP Hồ Chí Minh",58,,,,,2,2,2,Have certificate,,5.6,2026
"Đường DC11, Phường Tân Sơn Nhì, TP Hồ Chí Minh",80,,,,,2,4,3,Have certificate,,10.8,2026
"Đường Phạm Văn Hai, Phường Tân Sơn Nhất, TP Hồ Chí Minh",86,,,,,2,2,2,,Full,12.5,2026
"Đường Quốc lộ 1A, Phường Bình Tân, TP Hồ Chí Minh",52,,,,,2,4,3,Have certificate,,6.5,2026
"Kha Vạn Cân, Phường Linh Xuân, TP Hồ Chí Minh",101,,,,,,10,6,Have certificate,,8.32,2026
"Đường Tân Sơn Nhì, Phường Tân Sơn Nhì, TP Hồ Chí Minh",55,,,,,,4,,,,8.3,2026
"Đường Nguyễn Thị Đặng, Phường Tân Thới Hiệp, TP Hồ Chí Minh",17.5,,,,,1,1,1,Shared certificate,Basic,795,2026
"Đường Hoàng Diệu, Phường Phú Nhuận, TP Hồ Chí Minh",51,,,,,5,5,3,Have certificate,Full,8.1,2026
"Đường Nguyễn Văn Nghi, Phường Hạnh Thông, TP Hồ Chí Minh",10.87,,,Đông,,3,2,3,Have certificate,Full,2.74,2026
"Đường Xô Viết Nghệ Tĩnh, Phường Thạnh Mỹ Tây, TP Hồ Chí Minh",17.6,,,Đông,,2,2,2,Have certificate,Full,3.04,2026
"Đường Lê Văn Khương, Phường Tân Thới Hiệp, TP Hồ Chí Minh",24.5,,,,,1,2,2,Have certificate,Basic,1.285,2026
"Đường Lê Văn Việt, Phường Tăng Nhơn Phú, TP Hồ Chí Minh",60,,,,,,4,,Have certificate,,6.8,2026
"Đường Âu Cơ, Phường Bảy Hiền, TP Hồ Chí Minh",57,,,,,2,2,2,Have certificate,Full,5.68,2026
"Đường B, Phường Hiệp Bình, TP Hồ Chí Minh",178,,,,,,4,,Have certificate,,12,2026
"Đường Quang Trung, Phường Gò Vấp, TP Hồ Chí Minh",28,,,Tây,,2,2,2,Have certificate,Full,3.15,2026
"Đường Phạm Văn Chiêu, Phường Thông Tây Hội, TP Hồ Chí Minh",52,,,,,3,4,,Have certificate,Other,6.58,2026
"Đường Phùng Văn Cung, Phường Cầu Kiệu, TP Hồ Chí Minh",34,,,,,4,4,4,Have certificate,Full,7.98,2026
"Xuân Thới Sơn, Xã Xuân Thới Sơn, TP Hồ Chí Minh",120,,,,,4,6,6,Have certificate,,7.99,2026
"Hẻm 79 Liên khu 8-9, Phường Bình Hưng Hòa, TP Hồ Chí Minh",48,,,,,,4,3,Have certificate,,5.25,2026
"Đường Phan Huy Ích, Phường An Hội Tây, TP Hồ Chí Minh",44,,,,,2,2,,Have certificate,Other,4.99,2026
"Kha Vạn Cân, Phường Thủ Đức, TP Hồ Chí Minh",85,,,,,,4,4,Have certificate,,7.8,2026
"Đường Nguyễn Thị Kiểu, Phường Tân Thới Hiệp, TP Hồ Chí Minh",25,,,,,,2,2,Have certificate,Basic,1.295,2026
"Đường Số 18, Phường Hiệp Bình, TP Hồ Chí Minh",200,,,,,,10,,Have certificate,,15.5,2026
"Đường Nguyễn Văn Khối, Phường Thông Tây Hội, TP Hồ Chí Minh",30,,,,,3,3,3,Have certificate,Full,3.68,2026
"Đường Ngô Chí Quốc, Phường Tam Bình, TP Hồ Chí Minh",60,,,,,3,3,3,Have certificate,,4.799,2026
"Đường Phạm Văn Chiêu, Phường Thông Tây Hội, TP Hồ Chí Minh",44,,,,,2,2,,Have certificate,Other,5.45,2026
"Đường Huỳnh Tấn Phát, Xã Nhà Bè, TP Hồ Chí Minh",72,,,,,1,2,1,Have certificate,,3.7,2026
"Đường Phan Xích Long, Phường Cầu Kiệu, TP Hồ Chí Minh",24,,,,,3,2,3,Have certificate,Full,5.75,2026
"Đường Trần Ðình Xu, Phường Cầu Ông Lãnh, TP Hồ Chí Minh",19,,,Tây Nam,,2,1,1,Have certificate,,3.55,2026
"Đường Lê Quang Định, Phường Bình Lợi Trung, TP Hồ Chí Minh",30,,,,,5,5,4,Have certificate,Other,7,2026
"Đường Kha Vạn Cân, Phường Linh Xuân, TP Hồ Chí Minh",110,,,,,,3,,Have certificate,,7.15,2026
"H100, Phường Chánh Hưng, TP Hồ Chí Minh",27,,,Nam,,3,4,3,Have certificate,Basic,4.35,2026
"Lê Văn Khương, Phường Tân Thới Hiệp, TP Hồ Chí Minh",48,,,,,,2,,Shared certificate,Full,1.765,2026
"Đường Phan Xích Long, Phường Đức Nhuận, TP Hồ Chí Minh",41,,,,,4,5,5,Have certificate,Full,7.6,2026
"Văn Cao, Phường Phú Thọ Hòa, TP Hồ Chí Minh",50,,,,,,2,2,Have certificate,,5.7,2026
"Đông Thạnh 7, Xã Đông Thạnh, TP Hồ Chí Minh",27,,,Đông Nam,,1,3,2,Shared certificate,Basic,1.2,2026
"Đường Hồ Học Lãm, Phường An Lạc, TP Hồ Chí Minh",32,,,,,4,2,3,Have certificate,Other,3.48,2026
"Đường Long Phước, Phường Long Phước, TP Hồ Chí Minh",50,,,,,,3,3,Have certificate,,4.2,2026
"Đường Phạm Thế Hiển, Phường Bình Đông, TP Hồ Chí Minh",46,,,,,,1,1,Have certificate,,3.25,2026
"Đường Tây Sơn, Phường Tân Sơn Nhì, TP Hồ Chí Minh",64,,,Tây,,,2,2,Have certificate,,7.1,2026
"Đường Tân Chánh Hiệp 8, Phường Trung Mỹ Tây, TP Hồ Chí Minh",253,,,,,,2,,Have certificate,,16.49,2026
"Đường Trương Thị Hoa, Phường Tân Thới Hiệp, TP Hồ Chí Minh",55,,,,,,4,,Have certificate,Other,6.56,2026
"Đường Phan Xích Long, Phường Cầu Kiệu, TP Hồ Chí Minh",32,,,Đông Nam,,3,2,3,Have certificate,Other,6.6,2026
"Hẻm 405 Xô viết Nghệ Tĩnh, Phường Bình Thạnh, TP Hồ Chí Minh",131.2,,,,,,3,,Have certificate,,25,2026
"Đường Tỉnh lộ 10, Phường Tân Tạo, TP Hồ Chí Minh",106,,,,,,5,,Have certificate,,5.09,2026
"Đường Huỳnh Văn Bánh, Phường Phú Nhuận, TP Hồ Chí Minh",52,,,,,3,2,3,Have certificate,Other,9.7,2026
"Đường Nguyễn Thị Sóc, Xã Bà Điểm, TP Hồ Chí Minh",85,,,Đông Nam,,3,4,4,Have certificate,Other,6.45,2026
"Đường Hoàng Hoa Thám, Phường Đức Nhuận, TP Hồ Chí Minh",34,,,,,5,5,4,Have certificate,Other,6.95,2026
"Đường số 12, Phường Long Phước, TP Hồ Chí Minh",56,,,Đông Nam,,4,5,4,Have certificate,Other,5.1,2026
"Đường Hương Lộ 3, Phường Bình Hưng Hòa, TP Hồ Chí Minh",161,,,Đông Nam,,2,8,6,Have certificate,Full,11,2026
"Đường Quốc lộ 13, Phường Hiệp Bình, TP Hồ Chí Minh",60,,,Đông Nam,,5,4,5,Have certificate,Other,10.2,2026
"Đường Vườn Lài, Phường Phú Thọ Hòa, TP Hồ Chí Minh",73,,,,,2,4,4,Have certificate,Other,7.3,2026
"Đường Phạm Văn Chiêu, Phường Thông Tây Hội, TP Hồ Chí Minh",42,,,Đông Bắc,,5,4,4,Have certificate,Other,7.5,2026
"Gần Đường Kênh Trung Ương Vĩnh Lộc A, Xã Vĩnh Lộc, TP Hồ Chí Minh",160.5,,,,,1,2,2,Have certificate,,4.5,2026
"Hẻm 108 Đường Số 11, Phường Linh Xuân, TP Hồ Chí Minh",20.25,,,Nam,,,1,1,Have certificate,Other,1.08,2026
"Đường Huỳnh Tấn Phát, Xã Nhà Bè, TP Hồ Chí Minh",60,,,Bắc,,3,4,5,Have certificate,Other,6.79,2026
"Đường Nguyễn Bình, Xã Nhà Bè, TP Hồ Chí Minh",20,,,,,2,2,1,Shared certificate,Basic,650,2026
"43/2, Phường Tân Sơn Nhất, TP Hồ Chí Minh",48,,,,,,4,,Have certificate,,6.7,2026
"Đường 26 Tháng 3, Phường Bình Hưng Hòa, TP Hồ Chí Minh",74,,,,,4,4,5,Have certificate,,5,2026
"Phú Lợi , Phường Bình Đông, TP Hồ Chí Minh",40,,,,,2,2,2,Have certificate,,2.9,2026
"Sổ 14, Phường Bình Hưng Hòa, TP Hồ Chí Minh",15,,,,,,2,,Have certificate,,1.88,2026
"68, Phường Gia Định, TP Hồ Chí Minh",44,,,,,3,4,,Have certificate,,11,2026
"Đường Ni Sư Huỳnh Liên, Phường Bảy Hiền, TP Hồ Chí Minh",40,,,,,4,3,3,Have certificate,Full,5.4,2026
"Đường Huỳnh Tấn Phát, Xã Nhà Bè, TP Hồ Chí Minh",116,,,Tây,,1,3,2,Have certificate,Basic,5.1,2026
"Đường Trần Thị Cờ, Phường Thới An, TP Hồ Chí Minh",25,,,Đông Nam,,2,3,1,Shared certificate,Basic,1.45,2026
"Đường Kinh Dương Vương, Phường An Lạc, TP Hồ Chí Minh",45,,,,,,2,2,Have certificate,,5.1,2026
"Đường Lê Văn Lương, Xã Hiệp Phước, TP Hồ Chí Minh",18,,,,,2,1,1,Shared certificate,,700,2026
"Đường Tỉnh lộ 10, Phường Bình Trị Đông, TP Hồ Chí Minh",54,,,,,,4,3,Have certificate,,7,2026
"Đường Bùi Thế Mỹ, Phường Bảy Hiền, TP Hồ Chí Minh",45,,,,,2,3,2,Have certificate,Full,7.3,2026
"Đường D9, Phường Tây Thạnh, TP Hồ Chí Minh",64,,,Đông,,2,3,1,Have certificate,Full,4.799,2026
"Đường Phú Thọ Hoà, Phường Phú Thọ Hòa, TP Hồ Chí Minh",15,,,,,1,2,1,Have certificate,,2.48,2026
"Nguyễn Thị Tiểu, Xã Bà Điểm, TP Hồ Chí Minh",80,,,,,4,5,5,Have certificate,Other,6.8,2026
"Đường Nguyễn Thị Thập, Phường Tân Thuận, TP Hồ Chí Minh",60,,,,,,4,,Have certificate,Other,5.8,2026
"Đường Nguyễn Thị Tú, Phường Bình Tân, TP Hồ Chí Minh",80,,,Đông,,2,4,4,Have certificate,Other,5,2026
"Đường Hậu Giang, Phường Phú Lâm, TP Hồ Chí Minh",37,,,,,,2,2,,,2.95,2026
"Đường Võ Văn Vân, Xã Tân Vĩnh Lộc, TP Hồ Chí Minh",32,,,,,,2,2,Shared certificate,,1.2,2026
"Đường Tỉnh lộ 10, Phường Tân Tạo, TP Hồ Chí Minh",50,,,Tây,,1,1,1,Have certificate,Full,3.88,2026
"Đường Đặng Văn Bi, Phường Thủ Đức, TP Hồ Chí Minh",56,,,,,3,3,3,Have certificate,Basic,6.5,2026
"Đường Lê Văn Lương, Phường Tân Hưng, TP Hồ Chí Minh",86.8,,,,,1,2,1,Have certificate,Basic,3.7,2026
"182, Phường Linh Xuân, TP Hồ Chí Minh",87,,,Đông Nam,,2,3,2,Have certificate,Other,4.8,2026
"Đường Tô Hiến Thành, Phường Hòa Hưng, TP Hồ Chí Minh",30,,,,,3,3,3,,,5.6,2026
"Đường Đặng Văn Bi, Phường Thủ Đức, TP Hồ Chí Minh",149,,,,,1,2,2,Have certificate,Full,8.5,2026
"HT45, Phường Tân Thới Hiệp, TP Hồ Chí Minh",32,,,,,,2,2,Have certificate,,2.57,2026
"Khu Tên Lửa, Phường Tân Tạo, TP Hồ Chí Minh",100,,,Đông,,4,7,6,Have certificate,Other,10.5,2026
"546, Phường Bình Quới, TP Hồ Chí Minh",60,,,Nam,,,1,1,Have certificate,,5.5,2026
"Đường Thới An 16, Phường Thới An, TP Hồ Chí Minh",50,,,,,,4,,Have certificate,Other,5.89,2026
"Lê Văn Lương Nối dài, Xã Hiệp Phước, TP Hồ Chí Minh",104,,,,,1,1,1,Have certificate,Basic,4.2,2026
"Đường Quốc Lộ 13 Cũ, Phường Hiệp Bình, TP Hồ Chí Minh",23,,,,,2,3,2,Have certificate,Full,1.859,2026
"Đường Tân Chánh Hiệp 18, Phường Trung Mỹ Tây, TP Hồ Chí Minh",80,,,,,,5,6,Have certificate,Other,8.58,2026
"Đường Phạm Văn Chiêu, Phường An Hội Đông, TP Hồ Chí Minh",60,,,,,4,4,,Have certificate,Other,6,2026
"Đường Lê Công Phép, Phường An Lạc, TP Hồ Chí Minh",64,,,Đông,,,4,4,Have certificate,,8,2026
"Đường Đặng Văn Bi, Phường Thủ Đức, TP Hồ Chí Minh",254,,,,,1,10,6,Have certificate,Basic,7.3,2026
"Đường Cao Thắng, Phường Bàn Cờ, TP Hồ Chí Minh",90,,,,,,9,,Have certificate,,45,2026
"Đường Ni Sư Huỳnh Liên, Phường Bảy Hiền, TP Hồ Chí Minh",38,,,,,3,3,,Have certificate,,5.3,2026
"Đường Bến Mễ Cốc, Phường Phú Định, TP Hồ Chí Minh",76,,,,,4,10,6,Have certificate,Other,6.5,2026
"40C, Phường Cát Lái, TP Hồ Chí Minh",74.3,,,,,,4,,,,10.8,2026
"Đường Liên khu 4-5, Phường Bình Tân, TP Hồ Chí Minh",72,,,,,44,4,5,Have certificate,Other,5.4,2026
"Đường Bờ Bao, Phường Tân Sơn Nhì, TP Hồ Chí Minh",70,,,,,,5,5,,,9.45,2026
"Đường số 3, Phường Hiệp Bình, TP Hồ Chí Minh",70,,,Tây Bắc,,3,5,5,,,10.2,2026
"Đường Lê Quang Định, Phường Gia Định, TP Hồ Chí Minh",40,,,,,3,3,3,Have certificate,Other,5.39,2026
"Đường Phan Huy ích, Phường Tân Sơn, TP Hồ Chí Minh",45,,,,,3,3,4,Have certificate,Basic,6.5,2026
"C15/1 Ấp 3, Xã Tân Vĩnh Lộc, TP Hồ Chí Minh",105,,,Nam,,2,2,2,Have certificate,Basic,5.08,2026
"Đường Nguyễn Thị Kiểu, Phường Tân Thới Hiệp, TP Hồ Chí Minh",70,,,,,,3,,,,3.1,2026
"Đường Thới An 18, Phường Thới An, TP Hồ Chí Minh",87,,,,,,3,3,Have certificate,Other,8.79,2026
"Tân Thới Nhất 0.5, Phường Đông Hưng Thuận, TP Hồ Chí Minh",60,,,,,,2,1,Have certificate,,4.75,2026
"404/11, Phường Gò Vấp, TP Hồ Chí Minh",30,,,,,2,3,2,Have certificate,Other,4.98,2026
"Đường Lý Thường Kiệt, Phường Hạnh Thông, TP Hồ Chí Minh",35,,,,,,2,2,,,4.6,2026
"Đường Ba Tháng Hai, Phường Diên Hồng, TP Hồ Chí Minh",35.5,,,,,4,4,4,Have certificate,Basic,5.69,2026
"Tân Thới Nhất 12, Phường Đông Hưng Thuận, TP Hồ Chí Minh",90,,,,,,4,3,Have certificate,,4.98,2026
"Đường Quang Trung, Phường An Hội Tây, TP Hồ Chí Minh",36,,,,,2,2,2,Have certificate,Basic,4.85,2026
"Đường Âu Dương Lân, Phường Chánh Hưng, TP Hồ Chí Minh",50,,,Đông,,4,6,4,Have certificate,Basic,7.8,2026
"Đường Đường số 10, Phường An Lạc, TP Hồ Chí Minh",84,,,,,5,5,5,Have certificate,Other,7.75,2026
"Đường Trương Phước Phan, Phường Bình Trị Đông, TP Hồ Chí Minh",32,,,,,,2,,Have certificate,Other,3.65,2026
"125/4/31, Phường Gia Định, TP Hồ Chí Minh",53,,,Tây,,2,2,,Have certificate,Basic,5.68,2026
"Đường Lê Thị Riêng, Phường Thới An, TP Hồ Chí Minh",200,,,,,,4,,Have certificate,Other,23.98,2026
"Tân Thới Nhất 1, Phường Đông Hưng Thuận, TP Hồ Chí Minh",120,,,,,,2,2,Have certificate,,61.7,2026
"Tân THỚI Nhất 11, Phường Đông Hưng Thuận, TP Hồ Chí Minh",44,,,,,,1,1,Have certificate,,4.5,2026
"138, Phường An Hội Đông, TP Hồ Chí Minh",80,,,,,4,4,5,Have certificate,,9.3,2026
"Đường 26 Tháng 3, Phường Bình Hưng Hòa, TP Hồ Chí Minh",40,,,Đông Bắc,,2,2,2,Have certificate,Basic,4.35,2026
"Hẻm xe hơi, Phường Tăng Nhơn Phú, TP Hồ Chí Minh",24,,,,,1,1,1,Shared certificate,Basic,600,2026
"Đường 6, Phường Hiệp Bình, TP Hồ Chí Minh",60,,,,,,3,3,Have certificate,,5.1,2026
"Đường Nam Kỳ Khởi Nghĩa, Phường Xuân Hòa, TP Hồ Chí Minh",33,,,,,,4,,Have certificate,,5.7,2026
"Đường Kha Vạn Cân, Phường Hiệp Bình, TP Hồ Chí Minh",190,,,,,,3,,Have certificate,,13,2026
"Đường Đặng Văn Bi, Phường Thủ Đức, TP Hồ Chí Minh",92.6,,,,,2,3,2,Have certificate,Basic,7.5,2026
"Đường Hoàng Bật Đạt, Phường Tân Sơn, TP Hồ Chí Minh",56,,,,,4,4,,,,8.89,2026
"Đường Trần Quang Đạo, Xã Bình Khánh, TP Hồ Chí Minh",95,,,,,4,4,4,Have certificate,Basic,5.5,2026
"Cầu vượt Ngã tư Gò Dưa, Phường Tam Bình, TP Hồ Chí Minh",80,,,,,,3,,,,7,2026
"Nguyễn Ảnh Thủ, Phường Tân Thới Hiệp, TP Hồ Chí Minh",306,,,,,1,2,2,Have certificate,Basic,14.2,2026
"Hậu Giang, Phường Bình Phú, TP Hồ Chí Minh",24,,,,,,2,,Have certificate,,2.35,2026
"Đường Nguyễn Kiệm, Phường Hạnh Thông, TP Hồ Chí Minh",75.2,,,Đông Nam,,4,5,5,Have certificate,Full,7.799,2026
"Đường Nguyễn Ảnh Thủ, Phường Tân Thới Hiệp, TP Hồ Chí Minh",50,,,Tây Bắc,,4,4,4,Have certificate,Other,6.39,2026
"Đường Hậu Giang, Phường Bình Tây, TP Hồ Chí Minh",65,,,,,,4,,Have certificate,,5.95,2026
"Đường Lý Thái Tổ, Phường Vườn Lài, TP Hồ Chí Minh",32,,,Đông,,5,4,,Have certificate,,8.9,2026
"Số 2, Phường Bình Hưng Hòa, TP Hồ Chí Minh",60,,,Tây Nam,,3,4,3,Have certificate,Other,5.1,2026
"Hẻm 1/, Phường Bình Trị Đông, TP Hồ Chí Minh",62,,,,,5,5,6,Have certificate,Other,8.9,2026
"Trịnh Quang Nghị, Xã Bình Hưng, TP Hồ Chí Minh",75,,,,,3,3,3,Have certificate,,7,2026
"Đường Quang Trung, Phường An Hội Tây, TP Hồ Chí Minh",64,,,,,4,4,,Have certificate,Full,7.5,2026
"Tân Thới Nhất Q12, Phường Đông Hưng Thuận, TP Hồ Chí Minh",60,,,Nam,,,5,5,Have certificate,,7.48,2026
"Đường Hương Lộ 2, Phường Bình Trị Đông, TP Hồ Chí Minh",60,,,Đông Nam,,5,4,5,,,7.35,2026
"Đường Hồng Bàng, Phường Bình Tây, TP Hồ Chí Minh",18,,,,,4,3,4,Have certificate,Other,3.88,2026
"Đường Quang Trung, Phường Thông Tây Hội, TP Hồ Chí Minh",70,,,,,4,10,,,,7.5,2026
"Thạnh Xuân 25, Phường Thới An, TP Hồ Chí Minh",50.4,,,,,,4,5,Have certificate,Full,5.8,2026
"Đường Liên khu 2-5, Phường Bình Trị Đông, TP Hồ Chí Minh",80,,,Tây,,1,1,1,Have certificate,,7.5,2026
"Đường số 21, Phường Gò Vấp, TP Hồ Chí Minh",37.7,,,,,2,2,2,Have certificate,,4.6,2026
"Đường số 9, Phường Thông Tây Hội, TP Hồ Chí Minh",22,,,,,2,2,2,,,3.3,2026
"Đường Âu Cơ, Phường Bảy Hiền, TP Hồ Chí Minh",12,,,,,3,2,2,Have certificate,Other,1.85,2026
"Đường Lê Văn Khương, Phường Tân Thới Hiệp, TP Hồ Chí Minh",28.8,,,,,2,2,2,Shared certificate,Basic,1.68,2026
"Đường Lạc Long Quân, Phường Bảy Hiền, TP Hồ Chí Minh",26,,,Tây Nam,,4,2,3,Have certificate,,6.38,2026
"Đường Huỳnh Văn Bánh, Phường Phú Nhuận, TP Hồ Chí Minh",32,,,Đông Nam,,5,3,,Have certificate,,9.8,2026
"Đường Liên Khu 16-18, Phường Bình Trị Đông, TP Hồ Chí Minh",74,,,Đông,,4,4,5,Have certificate,Other,9.5,2026
"Đường Số 13, Phường Linh Xuân, TP Hồ Chí Minh",100,,,Tây Nam,,3,4,3,,,6.2,2026
"Đường Trường Chinh, Phường Tân Bình, TP Hồ Chí Minh",560,,,,,3,6,6,Have certificate,Other,78,2026
"Đường Lũy Bán Bích, Phường Phú Thọ Hòa, TP Hồ Chí Minh",35,,,,,5,3,3,Have certificate,Basic,5.8,2026
"Đường Quốc lộ 13, Phường Hiệp Bình, TP Hồ Chí Minh",70,,,,,,5,,,,10,2026
"Kế cầu Tân Nhiễu, Xã Bình Chánh, TP Hồ Chí Minh",70,,,Đông,,1,3,1,Shared certificate,Basic,1.1,2026
"Đường Hà Huy Giáp, Phường An Phú Đông, TP Hồ Chí Minh",22,,,,,2,2,1,Shared certificate,,590,2026
"Đường Nguyễn Cảnh Chân, Phường Cầu Ông Lãnh, TP Hồ Chí Minh",17.12,,,,,1,2,2,Have certificate,Other,6.9,2026
"Đường Số 6, Phường Vĩnh Hội, TP Hồ Chí Minh",21,,,,,4,3,,,,6.7,2026
"Đường T3, Phường Tây Thạnh, TP Hồ Chí Minh",100,,,,,4,4,4,Have certificate,,13.5,2026
"Đường Phạm Văn Chiêu, Phường Thông Tây Hội, TP Hồ Chí Minh",45,,,,,2,2,2,Have certificate,,4.95,2026
"Đường Dương Quảng Hàm, Phường An Nhơn, TP Hồ Chí Minh",20,,,Tây Bắc,,2,2,2,Have certificate,Full,2.86,2026
"Đường Gò Dầu, Phường Tân Sơn Nhì, TP Hồ Chí Minh",32,,,,,,3,,Have certificate,,3.85,2026
"Đường Nguyễn Văn Khối, Phường Thông Tây Hội, TP Hồ Chí Minh",37,,,,,2,2,2,Have certificate,,4.88,2026
"Đường Phạm Hùng, Phường Chánh Hưng, TP Hồ Chí Minh",48,,,,,,3,3,No certificate,,5.35,2026
"Đường Nguyễn Duy Cung, Phường An Hội Tây, TP Hồ Chí Minh",69,,,,,2,3,1,Have certificate,,4.85,2026
"Đường Thạnh Xuân 25, Phường Thới An, TP Hồ Chí Minh",125,,,Đông Nam,,1,1,1,Have certificate,Other,11,2026
"Hẻm 229, Phường Tân Sơn Nhì, TP Hồ Chí Minh",56,,,,,2,3,2,Have certificate,Other,5.48,2026
"Đường Tây Thạnh, Phường Tây Thạnh, TP Hồ Chí Minh",80,,,,,3,4,4,Have certificate,,10.3,2026
"Đường Hương Lộ 2, Phường Bình Trị Đông, TP Hồ Chí Minh",28,,,,,2,2,,Other,,1.78,2026
"Đường Chiến Lược, Phường Bình Trị Đông, TP Hồ Chí Minh",40,,,,,,3,,Have certificate,Full,4.1,2026
"Đường Nguyễn Bình, Xã Nhà Bè, TP Hồ Chí Minh",60,,,,,2,4,3,Have certificate,Other,5.46,2026
"Đường Lạc Long Quân, Phường Tân Hòa, TP Hồ Chí Minh",19,,,Nam,,3,3,2,Have certificate,,3.45,2026
"44, Phường Tân Hưng, TP Hồ Chí Minh",72,,,Nam,,4,7,6,Have certificate,,16.5,2026
"Đường Trần Thị Cờ, Phường Thới An, TP Hồ Chí Minh",117,,,Đông,,,4,5,Have certificate,Other,12.89,2026
"Đường Trịnh Văn Cấn, Phường Bến Thành, TP Hồ Chí Minh",68,,,,,5,10,6,Have certificate,,44.5,2026
"Lý Thường Kiệt, Phường Tân Hòa, TP Hồ Chí Minh",56,,,Đông,,4,4,4,Have certificate,Other,10.2,2026
"Đường Tỉnh lộ 10, Phường Tân Tạo, TP Hồ Chí Minh",56,,,,,,1,1,Have certificate,,3.88,2026
"Số 10, Xã Bình Hưng, TP Hồ Chí Minh",96,,,,,,10,6,Have certificate,,11,2026
"210/13, Phường Đức Nhuận, TP Hồ Chí Minh",68,,,,,3,7,,Have certificate,Full,14.1,2026
"Đường Độc Lập, Phường Tân Sơn Nhì, TP Hồ Chí Minh",114,,,,,2,6,6,Have certificate,,18,2026
"Đường DC11, Phường Tân Sơn Nhì, TP Hồ Chí Minh",100,,,,,2,4,5,Have certificate,,10.3,2026
"Đường Giác Đạo, Xã Bà Điểm, TP Hồ Chí Minh",40,,,Tây Nam,,2,2,2,Have certificate,,3.5,2026
"100/, Phường Bình Thạnh, TP Hồ Chí Minh",44,,,,,4,6,6,Have certificate,,7.8,2026
"Đường Bình Trị Đông, Phường Bình Trị Đông, TP Hồ Chí Minh",160,,,,,,5,5,Have certificate,,8.2,2026
"Đường Lê Văn Khương, Phường Tân Thới Hiệp, TP Hồ Chí Minh",88,,,,,1,2,2,Have certificate,Basic,4.3,2026
"101, Phường Phước Long, TP Hồ Chí Minh",140,,,,,,3,,Have certificate,,9.5,2026
"Đường Huỳnh Tấn Phát, Xã Nhà Bè, TP Hồ Chí Minh",50,,,,,3,4,4,Have certificate,Full,5.6,2026
"Đường Phan Huy Ích, Phường An Hội Tây, TP Hồ Chí Minh",20,,,,,3,2,2,Have certificate,,2.65,2026
"Đường Bông Sao, Phường Chánh Hưng, TP Hồ Chí Minh",64,,,,,,4,4,Have certificate,,9,2026
"Đường Trần Thị Cờ, Phường Thới An, TP Hồ Chí Minh",75,,,,,,4,2,Have certificate,Other,7.49,2026
"Đường Hoàng Quốc Việt, Phường Phú Thuận, TP Hồ Chí Minh",80,,,,,5,5,6,Have certificate,,13.5,2026
"157, Phường Thạnh Mỹ Tây, TP Hồ Chí Minh",85,,,,,4,7,6,,,17.9,2026
"Đường Lê Thị Hoa, Phường Tam Bình, TP Hồ Chí Minh",71.2,,,,,2,4,,Have certificate,Full,5.85,2026
"Zalo 0767.745.313, Phường Bình Tiên, TP Hồ Chí Minh",68,,,,,4,4,4,Have certificate,Other,14.39,2026
"Đường Thạnh Lộc 14, Phường An Phú Đông, TP Hồ Chí Minh",80,,,,,1,2,2,Have certificate,Basic,4.35,2026
"Đường Lê Văn Khương, Phường Tân Thới Hiệp, TP Hồ Chí Minh",88,,,,,1,2,2,Have certificate,Basic,4.3,2026
"Đường số 3, Phường Hiệp Bình, TP Hồ Chí Minh",69.7,,,Tây,,3,5,5,Have certificate,Full,10.5,2026
"Ấp rừng sễn xã mỹ hạnh bắc huyện đức hoà tỉnh Long an, Xã Hóc Môn, TP Hồ Chí Minh",140,,,Đông,,,1,2,Have certificate,Full,1.95,2026
"Đường Quang Trung, Phường Gò Vấp, TP Hồ Chí Minh",20,,,,,,2,,Have certificate,,1.6,2026
"Đường Nguyễn Văn Công, Phường Hạnh Thông, TP Hồ Chí Minh",25,,,,,3,3,3,Have certificate,Full,3.89,2026
"Đường Tân Sơn Nhì, Phường Tân Sơn Nhì, TP Hồ Chí Minh",32,,,,,4,4,4,Have certificate,Full,5.7,2026
"ĐẠI LỘ 3, Phường Phước Long, TP Hồ Chí Minh",105,,,,,,3,,,,7,2026
"Đường Trịnh Văn Cấn, Phường Bến Thành, TP Hồ Chí Minh",68,,,,,5,10,6,Have certificate,,44.5,2026
"101, Phường Phước Long, TP Hồ Chí Minh",140,,,,,,3,,Have certificate,,9.5,2026
"Đường số 4, Phường Tân Mỹ, TP Hồ Chí Minh",391,,,,,,6,,Have certificate,,85,2026
"Đường Số 16, Phường Tân Mỹ, TP Hồ Chí Minh",80,,,,,1,2,2,Have certificate,,14.2,2026
"Đường Lê Trọng Tấn, Phường Tân Sơn Nhì, TP Hồ Chí Minh",54,,,,,3,5,6,Have certificate,Basic,8.2,2026
"Đường Cao Thắng, Phường Hòa Hưng, TP Hồ Chí Minh",132,,,,,1,1,1,,,25.5,2026
"Đường Trần Thị Cờ, Phường Thới An, TP Hồ Chí Minh",82.23,,,Tây,,,2,1,Have certificate,Other,8.5,2026
"Đường số 4, Phường Tân Mỹ, TP Hồ Chí Minh",391,,,,,,6,,Have certificate,,85,2026
"Đường Nguyễn Duy Cung, Phường An Hội Tây, TP Hồ Chí Minh",72,,,,,2,3,2,Have certificate,Basic,5,2026
"Đường Bến Vân Đồn, Phường Vĩnh Hội, TP Hồ Chí Minh",75,,,,,5,9,,Have certificate,,17.5,2026
"Đường Tô Hiệu, Phường Phú Thạnh, TP Hồ Chí Minh",44,,,,,,3,2,Have certificate,,5.5,2026
"Đường Quang Trung, Phường Gò Vấp, TP Hồ Chí Minh",20,,,,,,2,,Have certificate,,1.6,2026
"Đường Bình Trị Đông, Phường Bình Trị Đông, TP Hồ Chí Minh",36,,,,,,2,,,,3.1,2026
"Đường Độc Lập, Phường Tân Sơn Nhì, TP Hồ Chí Minh",120,,,,,3,5,6,Have certificate,Full,18,2026
"Tân Kỳ Tân Quý, Phường Tây Thạnh, TP Hồ Chí Minh",113,,,,,1,3,,Have certificate,,9.49,2026
"Đường Nguyễn Ảnh Thủ, Phường Tân Thới Hiệp, TP Hồ Chí Minh",75,,,,,,5,,Have certificate,,12.89,2026
"Thân Nhân Trung, Phường Tân Bình, TP Hồ Chí Minh",108,,,,,4,5,,Have certificate,,14.6,2026
"Đường Phan Đăng Lưu, Phường Gia Định, TP Hồ Chí Minh",56,,,,,3,4,5,Have certificate,,8.4,2026
"Đường số 3, Phường Hiệp Bình, TP Hồ Chí Minh",69.7,,,Tây,,3,5,5,Have certificate,Full,10.5,2026
"275, Phường Tăng Nhơn Phú, TP Hồ Chí Minh",95,,,,,,2,,,,6.65,2026
"Đường Võ Văn Kiệt, Phường An Lạc, TP Hồ Chí Minh",55,,,,,,4,,,,6.8,2026
"Đường Tân Sơn Nhì, Phường Tân Sơn Nhì, TP Hồ Chí Minh",32,,,,,4,4,4,Have certificate,Full,5.7,2026
"Mặt Tiền Đường Trần Thị Năm, Phường Trung Mỹ Tây, TP Hồ Chí Minh",102.2,,,Đông Bắc,,3,3,4,Have certificate,,8.5,2026
"Đường Thích Quảng Đức, Phường Đức Nhuận, TP Hồ Chí Minh",36,,,,,,3,,,,7.45,2026
"Đường Trần Quang Diệu, Phường Nhiêu Lộc, TP Hồ Chí Minh",58.3,,,,,2,3,3,Have certificate,Other,14.5,2026
"Nguyễn Văn Luông, Phường Bình Phú, TP Hồ Chí Minh",39.2,,,,,3,4,5,Have certificate,Full,8.2,2026
"Chợ Bàn Cờ. Nguyễn Đình Chiểu., Phường Bàn Cờ, TP Hồ Chí Minh",30,,,,,2,2,2,Have certificate,,7.9,2026
"Đường Lê Trọng Tấn, Phường Tân Sơn Nhì, TP Hồ Chí Minh",54,,,,,3,5,6,Have certificate,Basic,8.2,2026
"Lý Chiêu Hoàng, Phường Bình Phú, TP Hồ Chí Minh",60,,,,,,3,,Have certificate,,5.2,2026
"275, Phường Tăng Nhơn Phú, TP Hồ Chí Minh",95,,,,,,2,,,,6.65,2026
"Đường Nguyễn Duy Trinh, Phường Long Trường, TP Hồ Chí Minh",55,,,,,3,4,4,Have certificate,,4.79,2026
"Đường Tân Thới Nhất 17, Phường Đông Hưng Thuận, TP Hồ Chí Minh",84,,,,,,4,5,Have certificate,Other,12.48,2026
"Đường Nơ Trang Long, Phường Bình Thạnh, TP Hồ Chí Minh",52,,,,,,3,3,Have certificate,,4.5,2026
"Thân Nhân Trung, Phường Tân Bình, TP Hồ Chí Minh",108,,,,,4,5,,Have certificate,,14.6,2026
"Đường số 15, Phường Bình Hưng Hòa, TP Hồ Chí Minh",64,,,,,3,5,4,Have certificate,,8.2,2026
"Đường Nguyễn Thị Kiểu, Phường Tân Thới Hiệp, TP Hồ Chí Minh",40,,,Tây Bắc,,,2,2,Have certificate,Basic,3.25,2026
"Đường Phạm Hùng, Phường Chánh Hưng, TP Hồ Chí Minh",64,,,Tây Bắc,,1,1,1,Shared certificate,Other,2.65,2026
"Đường Gò Xoài, Phường Bình Hưng Hòa, TP Hồ Chí Minh",58,,,,,3,4,3,Have certificate,Other,6,2026
"Đường Phan Huy Ích, Phường An Hội Tây, TP Hồ Chí Minh",42,,,,,2,2,2,Have certificate,,3.78,2026
"Hồng Bàng, Phường Phú Lâm, TP Hồ Chí Minh",39,,,,,,3,,Have certificate,,3.75,2026
"Đường Trần Thị Cờ, Phường Thới An, TP Hồ Chí Minh",82.23,,,Tây,,,2,1,Have certificate,Other,8.5,2026
"Đường số 15, Phường Bình Hưng Hòa, TP Hồ Chí Minh",64,,,,,3,5,4,Have certificate,,8.2,2026
"Đường Nguyễn Thái Học, Phường Cầu Ông Lãnh, TP Hồ Chí Minh",65,,,,,5,7,,Have certificate,,45,2026
"Đường Vườn Lài, Phường Phú Thọ Hòa, TP Hồ Chí Minh",130,,,,,,5,,Have certificate,,12.8,2026
"Đường Nguyễn Thị Nhuần, Phường An Phú Đông, TP Hồ Chí Minh",125,,,,,4,5,4,Have certificate,Full,12.9,2026
"62, Phường Tăng Nhơn Phú, TP Hồ Chí Minh",140,,,,,,4,,Have certificate,,6.8,2026
"Đường Lê Đình Cẩn, Phường Tân Tạo, TP Hồ Chí Minh",29,,,,,2,2,2,Have certificate,,3.1,2026
"Đường Xô Viết Nghệ Tĩnh, Phường Bình Thạnh, TP Hồ Chí Minh",62,,,,,2,3,3,Have certificate,,6.85,2026
"Đường Tân Thới Nhất 17, Phường Đông Hưng Thuận, TP Hồ Chí Minh",84,,,,,,4,5,Have certificate,Other,12.48,2026
"Hẻm 46, Phường Hiệp Bình, TP Hồ Chí Minh",16,,,Tây,,2,2,1,Shared certificate,Basic,1.05,2026
"Đường Nguyễn Thượng Hiền, Phường Đức Nhuận, TP Hồ Chí Minh",40,,,Tây Bắc,,5,4,4,Have certificate,Full,8.7,2026
"Đường Huỳnh Thị Hai, Phường Trung Mỹ Tây, TP Hồ Chí Minh",108,,,,,4,5,4,Have certificate,Other,5.3,2026
"Đường Mã Lò, Phường Bình Trị Đông, TP Hồ Chí Minh",62,,,,,,3,,,,5,2026
"Đường Tỉnh lộ 15, Xã An Nhơn Tây, TP Hồ Chí Minh",178.5,,,,,,2,1,Have certificate,Basic,2.65,2026
"Đường Gò Dầu, Phường Tân Sơn Nhì, TP Hồ Chí Minh",100,,,,,1,3,3,Have certificate,,12.5,2026
"Đường Quang Trung, Phường Gò Vấp, TP Hồ Chí Minh",44,,,,,2,2,2,Have certificate,Other,5.37,2026
"Đường Trường Sa, Phường Nhiêu Lộc, TP Hồ Chí Minh",50,,,,,,6,6,,,7.8,2026
"Đường Xô Viết Nghệ Tĩnh, Phường Bình Thạnh, TP Hồ Chí Minh",90,,,Tây Bắc,,5,10,6,Have certificate,Full,10,2026
"Đường Số 3, Phường Phú Thuận, TP Hồ Chí Minh",155,,,,,3,4,,Have certificate,Other,24.5,2026
"Đường An Phú Đông 3, Phường An Phú Đông, TP Hồ Chí Minh",52,,,,,,3,2,Shared certificate,,2.39,2026
"Đường Tây Lân, Phường Bình Trị Đông, TP Hồ Chí Minh",60,,,,,2,3,3,Have certificate,,4.85,2026
"Hiệp Thành 07, Phường Tân Thới Hiệp, TP Hồ Chí Minh",51,,,Đông Nam,,,4,5,Have certificate,Other,5.45,2026
"12/2B, Phường Tân Phú, TP Hồ Chí Minh",63.6,,,,,2,4,,Have certificate,Full,11.6,2026
"Đường Sương Nguyệt Anh, Phường Bến Thành, TP Hồ Chí Minh",83,,,,,8,10,,Have certificate,,80,2026
"Đường Nguyễn Thiện Thuật, Phường Bình Thạnh, TP Hồ Chí Minh",72,,,,,1,3,2,Have certificate,Full,7,2026
"Đường Âu Dương Lân, Phường Chánh Hưng, TP Hồ Chí Minh",45,,,Tây Bắc,,3,3,3,,,6.35,2026
"Đường Lê Thị Riêng, Phường Thới An, TP Hồ Chí Minh",45,,,,,2,2,2,Have certificate,,3.9,2026
"Đường 449, Phường Tăng Nhơn Phú, TP Hồ Chí Minh",445,,,,,6,10,6,,Basic,32.5,2026
"Đường Bình Hưng, Xã Bình Hưng, TP Hồ Chí Minh",19,,,Đông,,2,2,1,Other,Basic,1.35,2026
"Đường Trường Chinh, Phường Tân Sơn, TP Hồ Chí Minh",50.7,,,Đông,,1,2,2,Have certificate,,3.8,2026
"Đường Số 12, Phường Hiệp Bình, TP Hồ Chí Minh",56,,,Tây Bắc,,4,4,4,Have certificate,Basic,8.5,2026
"Đường Trương Thị Như, Xã Xuân Thới Sơn, TP Hồ Chí Minh",90.8,,,Đông Bắc,,3,6,3,Have certificate,,4.8,2026
"Đường Nơ Trang Long, Phường Bình Lợi Trung, TP Hồ Chí Minh",60,,,,,2,7,6,Have certificate,,5.3,2026
"Đường Hương Lộ 2, Phường Bình Trị Đông, TP Hồ Chí Minh",65,,,,,3,2,2,Have certificate,Other,5.54,2026
"Cư Xá phú bình, Phường Hòa Bình, TP Hồ Chí Minh",47.8,,,Đông Bắc,,2,4,3,Have certificate,Other,6.4,2026
"62, Phường Tăng Nhơn Phú, TP Hồ Chí Minh",110,,,,,,4,,Have certificate,,7,2026
"Đường Nguyễn Súy, Phường Tân Sơn Nhì, TP Hồ Chí Minh",48,,,,,3,3,2,,,5.5,2026
"436B/123, Phường Hòa Hưng, TP Hồ Chí Minh",65,,,Đông Nam,,5,6,6,Have certificate,,17.6,2026
"Phan Văn Trị, Phường Gò Vấp, TP Hồ Chí Minh",100,,,,,,8,6,Have certificate,Basic,19,2026
"Đường Xô Viết Nghệ Tĩnh, Phường Bình Thạnh, TP Hồ Chí Minh",90,,,Tây Bắc,,5,10,6,Have certificate,Full,10,2026
"Đường Trường Sa, Phường Nhiêu Lộc, TP Hồ Chí Minh",50,,,,,,6,6,,,7.8,2026
"Đường Lưu Hữu Phước, Phường Phú Định, TP Hồ Chí Minh",13.2,,,,,2,1,1,Have certificate,,1.38,2026
"Đường Phạm Văn Bạch, Phường Tân Sơn, TP Hồ Chí Minh",60,,,Đông Nam,,,2,1,,,8.5,2026
"Đường Hương Lộ 2, Phường Bình Trị Đông, TP Hồ Chí Minh",65,,,,,3,2,2,Have certificate,Other,5.54,2026
"Đường Nơ Trang Long, Phường Bình Lợi Trung, TP Hồ Chí Minh",60,,,,,2,7,6,Have certificate,,5.3,2026
"Đường Âu Dương Lân, Phường Chánh Hưng, TP Hồ Chí Minh",45,,,Tây Bắc,,3,3,3,,,6.35,2026
"Đường Bùi Đình Tuý, Phường Bình Thạnh, TP Hồ Chí Minh",63,,,,,,2,,Have certificate,,7.5,2026
"Đường số 17, Phường Tân Thuận, TP Hồ Chí Minh",40,,,,,,2,3,Have certificate,,5.3,2026
"Đường An Dương Vương, Phường An Lạc, TP Hồ Chí Minh",68,,,Bắc,,3,3,3,Have certificate,,7.8,2026
"Đường Huỳnh Thị Hai, Phường Trung Mỹ Tây, TP Hồ Chí Minh",93,,,,,1,2,1,Have certificate,Basic,4.24,2026
"Phạm Văn Chiêu, Phường Hạnh Thông, TP Hồ Chí Minh",67,,,Tây,,2,2,,Have certificate,,5.49,2026
"12/2B, Phường Tân Phú, TP Hồ Chí Minh",63.6,,,,,2,4,,Have certificate,Full,11.6,2026
"Đường Tạ Quang Bửu, Phường Chánh Hưng, TP Hồ Chí Minh",48,,,,,4,4,4,Have certificate,Basic,9.89,2026
"Đường Só 8, Phường Hiệp Bình, TP Hồ Chí Minh",60,,,Nam,,4,8,6,Have certificate,Full,6,2026
"Đường Tỉnh lộ 10, Phường Tân Tạo, TP Hồ Chí Minh",40,,,,,1,1,1,Have certificate,,2.7,2026
"Nguyễn Tri Phương, Phường Diên Hồng, TP Hồ Chí Minh",33,,,,,4,5,5,Have certificate,Basic,7,2026
"Đường Mã Lò, Phường Bình Trị Đông, TP Hồ Chí Minh",192,,,,,,1,,Have certificate,,10,2026
"Đường số 10, Phường An Lạc, TP Hồ Chí Minh",48,,,,,,4,4,Have certificate,Other,7.5,2026
"Đường Xuân Thới Thượng 27, Xã Bà Điểm, TP Hồ Chí Minh",110,,,Tây Bắc,,2,3,2,Have certificate,,4.25,2026
"Đường Trần Thị Cờ, Phường Thới An, TP Hồ Chí Minh",50.4,,,,,4,4,4,Have certificate,Full,5.2,2026
"Đường Lê Văn Thọ, Phường An Hội Tây, TP Hồ Chí Minh",56,,,,,4,4,5,Have certificate,,7.5,2026
"Đường Số 9, Phường Vĩnh Hội, TP Hồ Chí Minh",62,,,,,5,9,,Have certificate,Full,10.5,2026
"Đường Số 409, Xã Củ Chi, TP Hồ Chí Minh",68,,,,,1,2,1,Have certificate,,1.2,2026
"Đường Lũy Bán Bích, Phường Tân Phú, TP Hồ Chí Minh",62,,,,,2,2,,,,5.95,2026
"Đường Quốc lộ 13, Phường Hiệp Bình, TP Hồ Chí Minh",52,,,Tây Bắc,,4,4,4,Have certificate,,8.9,2026
"Đường Lâm Văn Bền, Phường Tân Hưng, TP Hồ Chí Minh",59,,,Tây,,2,2,1,Have certificate,,5.15,2026
"Đường Số 6, Phường Linh Xuân, TP Hồ Chí Minh",52,,,,,,2,2,,,3.45,2026
"Đường Phạm Thế Hiển, Phường Chánh Hưng, TP Hồ Chí Minh",74.2,,,,,3,6,,Have certificate,,7.8,2026
"Đường Phan Đăng Lưu, Phường Gia Định, TP Hồ Chí Minh",54,,,,,3,4,5,Have certificate,Full,8,2026
"Đường Nguyễn Xiển, Phường Long Bình, TP Hồ Chí Minh",53.4,,,,,2,2,2,Have certificate,Basic,4.6,2026
"Cầu Xéo, Phường Tân Sơn Nhì, TP Hồ Chí Minh",79,,,,,3,4,3,Have certificate,,13.8,2026
"Đường Nguyễn Văn Đậu, Phường Bình Lợi Trung, TP Hồ Chí Minh",30,,,,,2,2,2,Have certificate,,4.75,2026
"Đường Bùi Quang Là, Phường An Hội Tây, TP Hồ Chí Minh",68,,,,,4,4,3,Have certificate,Full,9.2,2026
"1113, Phường Phú Thuận, TP Hồ Chí Minh",62,,,,,4,6,,Have certificate,Full,8.5,2026
"Đường Lô Tư, Phường Bình Hưng Hòa, TP Hồ Chí Minh",70,,,,,5,5,6,Have certificate,Other,8,2026
"Đường Huỳnh Văn Bánh, Phường Cầu Kiệu, TP Hồ Chí Minh",48,,,,,5,4,3,Have certificate,,7.7,2026
"Đường Thoại Ngọc Hầu, Phường Phú Thạnh, TP Hồ Chí Minh",64,,,,,4,4,4,Have certificate,Other,7.7,2026
"Đường Phan Đăng Lưu, Phường Gia Định, TP Hồ Chí Minh",54,,,,,3,4,5,Have certificate,Full,8,2026
"Đường Lũy Bán Bích, Phường Tân Phú, TP Hồ Chí Minh",62,,,,,2,2,,,,5.95,2026
"Đường Lê Thị Riêng, Phường Thới An, TP Hồ Chí Minh",58,,,,,5,4,5,Have certificate,Other,7.6,2026
"Đường Nguyễn Xiển, Phường Long Bình, TP Hồ Chí Minh",53.4,,,,,2,2,2,Have certificate,Basic,4.6,2026
"Đường Tây Lân, Phường Bình Trị Đông, TP Hồ Chí Minh",72,,,Tây Bắc,,5,4,5,Have certificate,,7.6,2026
"Đường Phạm Văn Chiêu, Phường An Hội Tây, TP Hồ Chí Minh",20,,,,,2,2,2,,,2.688,2026
"Đường Bình Trị Đông, Phường Bình Trị Đông, TP Hồ Chí Minh",40,,,,,2,3,2,Have certificate,,4,2026
"Đường Lê Đức Thọ, Phường An Hội Đông, TP Hồ Chí Minh",56,,,,,4,4,4,Have certificate,Other,6.75,2026
"Đường Chu Văn An, Phường Bình Thạnh, TP Hồ Chí Minh",30,,,,,,3,,,,6.4,2026
"Đường số 2, Phường Bình Trưng, TP Hồ Chí Minh",160,,,,,,5,2,Have certificate,,9.9,2026
"Đường Hiệp Thành 35, Phường Tân Thới Hiệp, TP Hồ Chí Minh",110,,,,,,5,,Have certificate,Other,8.48,2026
"Đường Xuân Thới Thượng 27, Xã Bà Điểm, TP Hồ Chí Minh",110,,,Tây Bắc,,2,3,2,Have certificate,,4.25,2026
"Đường Quốc lộ 13, Phường Hiệp Bình, TP Hồ Chí Minh",52,,,Tây Bắc,,4,4,4,Have certificate,,8.9,2026
"Đường Số 409, Xã Củ Chi, TP Hồ Chí Minh",68,,,,,1,2,1,Have certificate,,1.2,2026
"Đường Phạm Văn Chiêu, Phường Thông Tây Hội, TP Hồ Chí Minh",60,,,,,3,4,4,Have certificate,Other,6.68,2026
"Đường Lạc Long Quân, Phường Hòa Bình, TP Hồ Chí Minh",50,,,,,,2,2,Have certificate,Full,6,2026
"Đường Nguyễn Công Hoan, Phường Cầu Kiệu, TP Hồ Chí Minh",72,,,,,5,6,6,Have certificate,,16.95,2026
"tx25, Phường Thới An, TP Hồ Chí Minh",100,,,,,,2,,Have certificate,,2.25,2026
"Đường Xô Viết Nghệ Tĩnh, Phường Thạnh Mỹ Tây, TP Hồ Chí Minh",21,,,,,2,1,2,Have certificate,Full,3.65,2026
"Đường Hoàng Hoa Thám, Phường Đức Nhuận, TP Hồ Chí Minh",22,,,,,2,1,,Have certificate,Full,3.3,2026
"Đường Hàn Hải Nguyên, Phường Minh Phụng, TP Hồ Chí Minh",50,,,Tây Bắc,,1,2,2,Have certificate,Other,5.39,2026
"Đường số 2, Phường Long Phước, TP Hồ Chí Minh",102,,,,,,3,1,Have certificate,,2.95,2026
"Đường Phạm Văn Bạch, Phường Tân Sơn, TP Hồ Chí Minh",78,,,,,5,6,5,Have certificate,Full,10.5,2026
"Đường Số 16, Phường Vĩnh Hội, TP Hồ Chí Minh",45,,,,,4,4,,Have certificate,,12.95,2026
"Đường Ðiện Biên Phủ, Phường Bàn Cờ, TP Hồ Chí Minh",24.39,,,,,,4,2,Have certificate,,4,2026
"Đường Cách Mạng Tháng Tám, Phường Nhiêu Lộc, TP Hồ Chí Minh",90,,,,,3,5,5,Have certificate,Full,18,2026
"Đường Tôn Thất Thuyết, Phường Vĩnh Hội, TP Hồ Chí Minh",24.4,,,Đông Nam,,3,3,2,Have certificate,Basic,3.5,2026
"Đường Liên khu 4-5, Phường Bình Tân, TP Hồ Chí Minh",315,,,Bắc,,5,10,6,Have certificate,Full,26.8,2026
"Tân Hưng Thuận, Phường Đông Hưng Thuận, TP Hồ Chí Minh",51,,,,,1,1,1,Have certificate,Full,3.9,2026
"Đường Lê Quang Định, Phường Gia Định, TP Hồ Chí Minh",45.5,,,,,2,3,4,,,6.5,2026
"Đường Số 32, Phường Long Bình, TP Hồ Chí Minh",54,,,Đông Bắc,,3,4,4,Have certificate,Full,5.5,2026
"Đường Tôn Thất Thuyết, Phường Khánh Hội, TP Hồ Chí Minh",45,,,,,3,4,3,Have certificate,Basic,7,2026
"Đường số 3, Phường An Lạc, TP Hồ Chí Minh",79,,,Tây Bắc,,4,6,6,Have certificate,,12,2026
"Đường Hậu Giang, Phường Bình Phú, TP Hồ Chí Minh",50,,,,,,3,4,Have certificate,,8.2,2026
"5, Phường Linh Xuân, TP Hồ Chí Minh",34.9,,,Đông Bắc,,2,2,1,Have certificate,Basic,2.7,2026
"Đường Nguyễn Duy Trinh, Phường Bình Trưng, TP Hồ Chí Minh",131.2,,,,,1,2,2,Have certificate,Full,8.499,2026
"Đường Xô Viết Nghệ Tĩnh, Phường Bình Thạnh, TP Hồ Chí Minh",58,,,,,,4,3,Have certificate,Other,6.85,2026
"Đường Hoàng Hoa Thám, Phường Bình Lợi Trung, TP Hồ Chí Minh",90,,,Bắc,,3,3,5,Have certificate,Full,11.8,2026
"Đường Ông Ích Khiêm, Phường Hòa Bình, TP Hồ Chí Minh",26,,,,,,2,,Have certificate,,3,2026
"Đường Vành Đai, Phường Bình Phú, TP Hồ Chí Minh",65,,,,,5,4,5,Have certificate,Basic,13,2026
", Phường Bàn Cờ, TP Hồ Chí Minh",64,,,,,,4,4,Have certificate,,12.8,2026
"Đường Rừng Sác, Xã Bình Khánh, TP Hồ Chí Minh",230.3,,,,,,2,,Have certificate,,3.3,2026
"23/, Phường Cầu Kiệu, TP Hồ Chí Minh",45,,,,,,2,,Have certificate,,7.39,2026
"Đường Lê Văn Lương, Xã Nhà Bè, TP Hồ Chí Minh",44,,,,,2,2,2,Have certificate,Basic,3.59,2026
"Đường Số 5, Phường Bình Hưng Hòa, TP Hồ Chí Minh",32,,,,,3,4,3,Have certificate,Basic,4.1,2026
"1333, Phường Phú Thuận, TP Hồ Chí Minh",63,,,,,3,4,4,Have certificate,Full,9.5,2026
"Đường Tô Ngọc Vân, Phường Linh Xuân, TP Hồ Chí Minh",135,,,,,6,10,6,Have certificate,Full,25,2026
"Đường 8A, Xã Bình Hưng, TP Hồ Chí Minh",100,,,,,4,5,6,Have certificate,Basic,16,2026
"Đường Kinh Dương Vương, Phường An Lạc, TP Hồ Chí Minh",27,,,Đông,,2,2,1,Have certificate,Full,2.888,2026
"Đường Nguyễn Thái Sơn, Phường Hạnh Thông, TP Hồ Chí Minh",41,,,,,,3,,Have certificate,,4.35,2026
"Đường Tô Ngọc Vân, Phường Thới An, TP Hồ Chí Minh",60,,,,,3,4,4,Have certificate,Other,5.6,2026
"Đường Quốc lộ 13, Phường Hiệp Bình, TP Hồ Chí Minh",59.2,,,Đông Nam,,3,3,,Have certificate,Full,8.1,2026
"Đường Nguyễn Thị Trọn, Xã Vĩnh Lộc, TP Hồ Chí Minh",90,,,Bắc,,2,5,3,Shared certificate,Basic,1.79,2026
"Đường Đào Tông Nguyên, Xã Nhà Bè, TP Hồ Chí Minh",85,,,,,4,4,5,Have certificate,Other,9.8,2026
"Đường 8A, Xã Bình Hưng, TP Hồ Chí Minh",100,,,,,4,5,6,Have certificate,Basic,16,2026
"Đường Kinh Dương Vương, Phường An Lạc, TP Hồ Chí Minh",27,,,Đông,,2,2,1,Have certificate,Full,2.888,2026
"Đường Xô Viết Nghệ Tĩnh, Phường Bình Thạnh, TP Hồ Chí Minh",58,,,,,,4,3,Have certificate,Other,6.85,2026
"Lê Văn Quới, Phường Bình Trị Đông, TP Hồ Chí Minh",112,,,Đông,,3,5,4,Have certificate,Other,13.8,2026
"Đường Rừng Sác, Xã Bình Khánh, TP Hồ Chí Minh",230.3,,,,,,2,,Have certificate,,3.3,2026
"Đường Thạnh Lộc 14, Phường An Phú Đông, TP Hồ Chí Minh",80,,,,,1,4,2,Have certificate,,4.55,2026
"Đường Quang Trung, Phường An Hội Tây, TP Hồ Chí Minh",68,,,,,4,5,5,Have certificate,,7,2026
"1/, Phường Thạnh Mỹ Tây, TP Hồ Chí Minh",108,,,Tây Nam,,6,10,6,Have certificate,Other,16,2026
"Đường Hiệp Bình, Phường Hiệp Bình, TP Hồ Chí Minh",66,,,,,2,2,,Have certificate,Full,4.59,2026
"Đường số 3, Phường An Lạc, TP Hồ Chí Minh",79,,,Tây Bắc,,4,6,6,Have certificate,,12,2026
"Đường Phan Văn Hớn, Xã Bà Điểm, TP Hồ Chí Minh",90,,,,,,5,4,,,6.5,2026
"Hẻm 23 Nguyễn Hữu Tiến, Phường Tây Thạnh, TP Hồ Chí Minh",36,,,,,4,3,,Have certificate,,6.1,2026
"5, Phường Linh Xuân, TP Hồ Chí Minh",34.9,,,Đông Bắc,,2,2,1,Have certificate,Basic,2.7,2026
"Đường Lý Thường Kiệt, Phường Bảy Hiền, TP Hồ Chí Minh",70,,,,,5,4,4,Have certificate,,13.2,2026
"Đường An Dương Vương, Phường An Lạc, TP Hồ Chí Minh",84,,,Bắc,,4,4,3,Have certificate,,8.8,2026
"Đường Hai Bà Trưng, Phường Xuân Hòa, TP Hồ Chí Minh",75,,,,,,2,2,,,13.9,2026
"Đường Quang Trung, Phường An Hội Tây, TP Hồ Chí Minh",68,,,,,4,5,5,Have certificate,,7,2026
"Đường Xô Viết Nghệ Tĩnh, Phường Gia Định, TP Hồ Chí Minh",20,,,,,4,2,3,Have certificate,Basic,3.98,2026
"Đường Xô Viết Nghệ Tĩnh, Phường Bình Thạnh, TP Hồ Chí Minh",105,,,,,4,6,5,Have certificate,Full,10.8,2026
"Đường Nguyễn Thị Trọn, Xã Vĩnh Lộc, TP Hồ Chí Minh",90,,,Bắc,,2,5,3,Shared certificate,Basic,1.79,2026
"Đường Số 16, Phường Bình Hưng Hòa, TP Hồ Chí Minh",66,,,,,,4,4,,,3.7,2026
"Đường Phan Văn Trị, Phường Bình Lợi Trung, TP Hồ Chí Minh",33,,,,,1,3,3,Have certificate,Other,6,2026
"Đường Âu Dương Lân, Phường Chánh Hưng, TP Hồ Chí Minh",52,,,,,,3,2,Have certificate,,5.9,2026
"Hẻm 23 Nguyễn Hữu Tiến, Phường Tây Thạnh, TP Hồ Chí Minh",36,,,,,4,3,,Have certificate,,6.1,2026
"Đường Thạnh Lộc 14, Phường An Phú Đông, TP Hồ Chí Minh",80,,,,,1,4,2,Have certificate,,4.55,2026
"Đường Lê Văn Quới, Phường Bình Hưng Hòa, TP Hồ Chí Minh",72,,,,,2,3,3,Have certificate,Full,5.1,2026
"Đường Lý Phục Man, Phường Tân Thuận, TP Hồ Chí Minh",106.7,,,,,5,10,6,Have certificate,Full,19.5,2026
"Đường Lô Tư, Phường Bình Hưng Hòa, TP Hồ Chí Minh",72,,,,,2,3,3,Have certificate,,6.3,2026
"Đường Trần Mai Ninh, Phường Bảy Hiền, TP Hồ Chí Minh",40,,,,,3,3,,Have certificate,Other,5.75,2026
"Đường Hồ Học Lãm, Phường An Lạc, TP Hồ Chí Minh",31,,,Bắc,,4,2,3,Have certificate,Full,3.58,2026
"110/32/14, Phường Phú Thạnh, TP Hồ Chí Minh",69.1,,,Đông Bắc,,3,4,4,Have certificate,Full,9.2,2026
"Đường Nơ Trang Long, Phường Bình Lợi Trung, TP Hồ Chí Minh",12,,,,,2,1,1,Have certificate,,1.25,2026
"Đường Lý Phục Man, Phường Tân Thuận, TP Hồ Chí Minh",106.7,,,,,5,10,6,Have certificate,Full,19.5,2026
"Đường Phan Văn Trị, Phường Bình Lợi Trung, TP Hồ Chí Minh",33,,,,,1,3,3,Have certificate,Other,6,2026
"Đường Lý Phục Man, Phường Tân Thuận, TP Hồ Chí Minh",60,,,,,,4,,,,7.8,2026
"Đường Hai Bà Trưng, Phường Xuân Hòa, TP Hồ Chí Minh",75,,,,,,2,2,,,13.9,2026
"Đường Số 40, Phường Hiệp Bình, TP Hồ Chí Minh",50,,,,,4,5,5,Have certificate,Full,7.9,2026
"Hẻm 92 Bà Hạt, Phường Vườn Lài, TP Hồ Chí Minh",44,,,,,,2,,,,7,2026
"Đường Hồ Học Lãm, Phường An Lạc, TP Hồ Chí Minh",31,,,Bắc,,4,2,3,Have certificate,Full,3.58,2026
"Đường Hậu Giang, Phường Bình Tây, TP Hồ Chí Minh",33,,,Đông,,3,3,3,Have certificate,Other,4,2026
"Đường Số 12, Phường Bình Hưng Hòa, TP Hồ Chí Minh",80,,,,,6,5,5,Have certificate,Other,8.5,2026
"Đường Lạc Long Quân, Phường Bảy Hiền, TP Hồ Chí Minh",22,,,,,2,2,2,Have certificate,Full,2.85,2026
"Đường Tô Ký, Xã Đông Thạnh, TP Hồ Chí Minh",160,,,Tây Nam,,3,5,5,Have certificate,Other,9.85,2026
"Đường Phạm Văn Chiêu, Phường Thông Tây Hội, TP Hồ Chí Minh",52,,,Đông Nam,,4,4,3,Have certificate,,6.55,2026
"Hẻm 137 Ngô Quyền, Phường Diên Hồng, TP Hồ Chí Minh",20,,,,,,2,3,Have certificate,,3.68,2026
"Đường Tỉnh lộ 10, Phường An Lạc, TP Hồ Chí Minh",60,,,Nam,,,4,4,,,5.6,2026
"Đường Ung Văn Khiêm, Phường Thạnh Mỹ Tây, TP Hồ Chí Minh",80,,,,,3,5,5,Have certificate,Full,8.5,2026
"184/, Phường An Hội Tây, TP Hồ Chí Minh",75,,,Bắc,,3,7,6,Have certificate,Other,8.79,2026
"Đường Huỳnh Tấn Phát, Phường Phú Thuận, TP Hồ Chí Minh",30,,,,,,2,2,Have certificate,,4.29,2026
"Đường Số 3, Phường Bình Hưng Hòa, TP Hồ Chí Minh",58,,,,,3,4,,Have certificate,Other,6.35,2026
"Hẻm 92 Bà Hạt, Phường Vườn Lài, TP Hồ Chí Minh",44,,,,,,2,,,,7,2026
"Đường Lâm Văn Bền, Phường Tân Thuận, TP Hồ Chí Minh",84,,,,,,4,,Have certificate,,18,2026
"Đường T6, Phường Tây Thạnh, TP Hồ Chí Minh",100,,,,,1,3,2,Have certificate,,9.8,2026
"Đường Số 53, Phường Tân Hưng, TP Hồ Chí Minh",30,,,,,1,2,2,Shared certificate,Basic,1.65,2026
"Đường Nguyễn Thái Sơn, Phường Hạnh Thông, TP Hồ Chí Minh",135.5,,,,,,2,2,Have certificate,Basic,14.5,2026
"Đường Lý Phục Man, Phường Tân Thuận, TP Hồ Chí Minh",60,,,,,,4,,,,7.8,2026
"Đường Lạc Long Quân, Phường Hòa Bình, TP Hồ Chí Minh",32,,,,,,4,,Have certificate,,4.8,2026
"137/6, Phường Hạnh Thông, TP Hồ Chí Minh",15,,,Đông Nam,,2,2,2,Have certificate,,2.98,2026
"Đường Lê Thị Riêng, Phường Thới An, TP Hồ Chí Minh",80,,,,,5,4,6,Have certificate,Other,7.69,2026
"Đường Lê Văn Sỹ, Phường Tân Sơn Hòa, TP Hồ Chí Minh",29,,,,,3,2,3,Have certificate,Full,4.6,2026
"Đường Tân Hương, Phường Tân Sơn Nhì, TP Hồ Chí Minh",16,,,,,2,2,2,Have certificate,Basic,1.85,2026
"Đường Huỳnh Tấn Phát, Phường Tân Thuận, TP Hồ Chí Minh",109.7,,,,,,2,,Have certificate,,16,2026
"Đường Xô Viết Nghệ Tĩnh, Phường Gia Định, TP Hồ Chí Minh",50,,,,,3,3,3,Have certificate,Other,4.95,2026
"Đường Ung Văn Khiêm, Phường Thạnh Mỹ Tây, TP Hồ Chí Minh",80,,,,,3,5,5,Have certificate,Full,8.5,2026
"Đường Nguyễn Văn Đậu, Phường Bình Lợi Trung, TP Hồ Chí Minh",53,,,,,3,3,3,Have certificate,Full,4.7,2026
"Đường Quốc lộ 13, Phường Hiệp Bình, TP Hồ Chí Minh",58.5,,,,,3,3,4,Have certificate,Full,8.2,2026
"Đường Thạnh Xuân 25, Phường Thới An, TP Hồ Chí Minh",50.4,,,Đông,,3,4,3,Have certificate,Full,5.49,2026
"123/31/30 đs 2, Phường An Hội Đông, TP Hồ Chí Minh",14,,,Tây,,3,2,2,Have certificate,Other,2.98,2026
"Đường Tân Mỹ, Phường Tân Mỹ, TP Hồ Chí Minh",66,,,,,6,10,,Have certificate,,9.8,2026
"Đường Phạm Văn Chiêu, Phường An Hội Đông, TP Hồ Chí Minh",44,,,,,2,2,2,Have certificate,Basic,5.4,2026
"Đường Nguyễn Thị Ngâu, Xã Đông Thạnh, TP Hồ Chí Minh",203,,,,,,3,,Have certificate,,7.5,2026
"Đường Đội Cung, Phường Phú Thọ, TP Hồ Chí Minh",20,,,,,,2,,Have certificate,,3.6,2026
"Hẻm 118 Huỳnh Thiện Lộc, Phường Tân Phú, TP Hồ Chí Minh",15,,,Đông Nam,,2,2,2,Have certificate,Basic,2.25,2026
"2056, Xã Nhà Bè, TP Hồ Chí Minh",40.4,,,Bắc,,3,3,3,Have certificate,Basic,3.2,2026
"Đường Bùi Thế Mỹ, Phường Bảy Hiền, TP Hồ Chí Minh",60,,,,,2,2,2,Have certificate,,5.2,2026
"Thới An 11, Phường Thới An, TP Hồ Chí Minh",45,,,,,2,2,2,Have certificate,Full,3.99,2026
"Huỳnh Thị Hai, Phường Trung Mỹ Tây, TP Hồ Chí Minh",116,,,,,,3,,Have certificate,,5.6,2026
"2056, Xã Nhà Bè, TP Hồ Chí Minh",40.4,,,Bắc,,3,3,3,Have certificate,Basic,3.2,2026
"Lý Thường Kiệt /373, Phường Tân Hòa, TP Hồ Chí Minh",28,,,Tây Nam,,3,2,3,Have certificate,Other,6.3,2026
"Đường Dương Bá Trạc, Phường Chánh Hưng, TP Hồ Chí Minh",75.8,,,Tây Bắc,,3,2,2,Have certificate,Basic,8,2026
"Đường Hoàng Quốc Việt, Phường Tân Mỹ, TP Hồ Chí Minh",90,,,Bắc,,5,4,5,Have certificate,,18.8,2026
"Đường Phan Văn Trị, Phường Gò Vấp, TP Hồ Chí Minh",50,,,,,1,3,2,Have certificate,Basic,5.6,2026
"Đường Nơ Trang Long, Phường Bình Thạnh, TP Hồ Chí Minh",50,,,,,2,2,2,Have certificate,Basic,5.89,2026
"123/31/30 đs 2, Phường An Hội Đông, TP Hồ Chí Minh",14,,,Tây,,3,2,2,Have certificate,Other,2.98,2026
"Xuan Thoi Thuong 31, Xã Bà Điểm, TP Hồ Chí Minh",52,,,,,,2,,,,3.58,2026
"Đường Phạm Thế Hiển, Phường Bình Đông, TP Hồ Chí Minh",50,,,,,,4,3,Have certificate,,4.35,2026
"Đường Trương Thị Hoa, Phường Tân Thới Hiệp, TP Hồ Chí Minh",80,,,,,3,4,3,Have certificate,,5.7,2026
"Đường Lạc Long Quân, Phường Bình Thới, TP Hồ Chí Minh",25.2,,,Tây,,2,2,2,Have certificate,Other,4.05,2026
"Đường 3 Tháng 2, Phường Minh Phụng, TP Hồ Chí Minh",50,,,Đông Nam,,4,5,4,Have certificate,Full,14.9,2026
"Đường Thạnh Xuân 25, Phường Thới An, TP Hồ Chí Minh",50.4,,,Đông,,3,4,3,Have certificate,Full,5.49,2026
"263, Phường Tân Sơn Nhì, TP Hồ Chí Minh",72,,,,,2,3,,Have certificate,,17.3,2026
"Nguyễn Văn Linh, Phường Tân Thuận, TP Hồ Chí Minh",112,,,Nam,,4,6,,Have certificate,Other,12.98,2026
"Đường Âu Cơ, Phường Bảy Hiền, TP Hồ Chí Minh",13,,,,,,2,,Have certificate,,2.3,2026
"Đường Nguyễn Chí Thanh, Phường Vườn Lài, TP Hồ Chí Minh",24,,,,,,2,,Have certificate,,3.2,2026
"Đường Nguyễn Thị Thập, Phường Tân Mỹ, TP Hồ Chí Minh",110,,,Tây,,2,4,5,Have certificate,Other,11.5,2026
"Đường Lê Quang Định, Phường Gia Định, TP Hồ Chí Minh",52,,,,,3,4,5,Have certificate,Basic,6.69,2026
"Đường Số 20, Phường Bình Hưng Hòa, TP Hồ Chí Minh",142,,,,,2,5,3,Have certificate,,7.678,2026
"Đường Thạnh Lộc 14, Phường An Phú Đông, TP Hồ Chí Minh",81.4,,,Đông Bắc,,2,2,2,Have certificate,Basic,4.35,2026
"Đường Trần Quý, Phường Minh Phụng, TP Hồ Chí Minh",30,,,,,,4,,Have certificate,,5.3,2026
"Nguyễn Xiển, Phường Long Phước, TP Hồ Chí Minh",53.5,,,,,3,3,3,Have certificate,Full,5.85,2026
"Đường Hoàng Quốc Việt, Phường Tân Mỹ, TP Hồ Chí Minh",90,,,Bắc,,5,4,,Have certificate,,17.8,2026
"Đường số 9, Phường Bình Phú, TP Hồ Chí Minh",80,,,Đông,,,4,5,Have certificate,,15.2,2026
"tân hương, Phường Tân Sơn Nhì, TP Hồ Chí Minh",100,,,Đông,,6,8,,Have certificate,Other,14,2026
"Lê Văn Khương , Phường Tân Thới Hiệp, TP Hồ Chí Minh",50.8,,,Đông,,3,4,3,Have certificate,Other,5,2026
"Đường số 9, Phường Bình Phú, TP Hồ Chí Minh",80,,,Đông,,4,4,5,Have certificate,,15.5,2026
"Đường Nguyễn Thị Đặng, Phường Tân Thới Hiệp, TP Hồ Chí Minh",75,,,Tây Bắc,,1,2,1,Have certificate,Full,4.85,2026
"Đường Nguyễn Xí, Phường Bình Thạnh, TP Hồ Chí Minh",46,,,,,2,2,2,Have certificate,Basic,6.39,2026
"Đường Phạm Hữu Lầu, Phường Tân Mỹ, TP Hồ Chí Minh",120,,,,,3,5,5,,,17.5,2026
"Đường Bà Hom, Phường Phú Lâm, TP Hồ Chí Minh",68,,,,,5,10,6,Have certificate,Full,9.8,2026
"79, Phường Phước Long, TP Hồ Chí Minh",80,,,Đông Nam,,,2,,,Basic,5.9,2026
"Đường Xô Viết Nghệ Tĩnh, Phường Thạnh Mỹ Tây, TP Hồ Chí Minh",48,,,,,2,2,3,Have certificate,Basic,4.79,2026
"Hẻm 336 Phan Văn Trị, Phường Bình Lợi Trung, TP Hồ Chí Minh",45,,,,,,3,,Have certificate,,6.95,2026
"Đường Hoàng Quốc Việt, Phường Tân Mỹ, TP Hồ Chí Minh",80,,,,,5,5,6,Have certificate,Full,13.4,2026
"Đường Bùi Tư Toàn, Phường An Lạc, TP Hồ Chí Minh",32,,,Đông,,2,2,1,Have certificate,Full,3.6,2026
"Đường Thạnh Lộc 27, Phường An Phú Đông, TP Hồ Chí Minh",54.2,,,Tây Bắc,,2,2,3,Have certificate,Full,4.49,2026
"Đường số 4, Phường Hạnh Thông, TP Hồ Chí Minh",119,,,,,,7,6,Have certificate,,19.9,2026
"Đường Phú Thọ Hoà, Phường Phú Thọ Hòa, TP Hồ Chí Minh",69,,,,,5,5,4,Have certificate,,8.2,2026
"Đường Lê Đình Cẩn, Phường Bình Trị Đông, TP Hồ Chí Minh",39,,,,,2,2,2,Have certificate,Other,3,2026
"Đường Thành Thái, Phường Diên Hồng, TP Hồ Chí Minh",28,,,,,,2,,Have certificate,,4.79,2026
"Đường Trần Xuân Soạn, Phường Tân Hưng, TP Hồ Chí Minh",60,,,,,,6,,Have certificate,Other,10.3,2026
"157, Phường Bình Tiên, TP Hồ Chí Minh",39.1,,,Đông,,,4,3,Have certificate,Other,5.8,2026
"1030, Xã Nhà Bè, TP Hồ Chí Minh",143,,,Đông,,2,3,3,Have certificate,,15.3,2026
"Đường Phạm Văn Đồng, Phường Hiệp Bình, TP Hồ Chí Minh",500,,,,,,10,6,Have certificate,,79,2026
"Đường Chương Dương, Phường Thủ Đức, TP Hồ Chí Minh",350,,,,,3,6,4,Have certificate,Full,36.5,2026
"Đường Bạch Đằng, Phường Tân Sơn Hòa, TP Hồ Chí Minh",147,,,,,,1,,Have certificate,,19.9,2026
"Nhà Hẻm 1 xẹt, Phường Cầu Kiệu, TP Hồ Chí Minh",34,,,Đông,,2,4,5,Have certificate,Full,4.6,2026
"Đường Trần Thị Cờ, Phường Thới An, TP Hồ Chí Minh",60,,,,,2,3,2,Have certificate,Full,5.44,2026
"123/1, Phường An Phú Đông, TP Hồ Chí Minh",39,,,Tây,,2,2,2,Have certificate,Basic,3.65,2026
"Đường Trần Quang Diệu, Phường Nhiêu Lộc, TP Hồ Chí Minh",69,,,,,,4,4,,,10.5,2026
"Hẻm 616 Lê Đức Thọ, Phường An Hội Đông, TP Hồ Chí Minh",215,,,,,,6,,Have certificate,,16.9,2026
"Đường Hương lộ 80, Phường Tân Thới Hiệp, TP Hồ Chí Minh",40,,,Đông Nam,,2,2,2,Have certificate,Basic,3.68,2026
"Đường Phan Huy Ích, Phường An Hội Tây, TP Hồ Chí Minh",10,,,,,,1,,Have certificate,,1.1,2026
"Đường Quang Trung, Phường Gò Vấp, TP Hồ Chí Minh",20,,,,,,2,,Have certificate,,1.5,2026
"Đường Lạc Long Quân, Phường Tân Hòa, TP Hồ Chí Minh",21,,,,,3,3,2,Have certificate,Full,3.45,2026
"Đường Nguyễn Tri Phương, Phường Vườn Lài, TP Hồ Chí Minh",31,,,,,5,4,4,Have certificate,Full,7.4,2026
"Thạnh Xuân 22, Phường Thới An, TP Hồ Chí Minh",80,,,Tây Bắc,,4,4,6,Have certificate,Other,7.6,2026
"Hẻm 47 Trương Văn Hải, Phường Tăng Nhơn Phú, TP Hồ Chí Minh",146.6,,,Đông Nam,,6,10,6,Have certificate,Full,23,2026
"Đường Huỳnh Tấn Phát, Phường Phú Thuận, TP Hồ Chí Minh",66,,,,,2,3,2,,Other,4.25,2026
"Đường Vĩnh Viễn, Phường Vườn Lài, TP Hồ Chí Minh",32,,,,,,3,,Have certificate,,5.4,2026
"Đường Hồ Học Lãm, Phường An Lạc, TP Hồ Chí Minh",56,,,,,2,2,2,Have certificate,Other,5.95,2026
"Đường Thới An 16, Phường Thới An, TP Hồ Chí Minh",200,,,,,2,3,3,Have certificate,Full,5.86,2026
"Đường Lê Trọng Tấn, Phường Tân Sơn Nhì, TP Hồ Chí Minh",35,,,,,5,4,3,Have certificate,Other,5,2026
"Đường Nguyễn Xiển, Phường Long Bình, TP Hồ Chí Minh",100,,,,,,2,,,,3.65,2026
"Đường số 24, Phường Cát Lái, TP Hồ Chí Minh",103,,,,,4,6,6,Have certificate,Full,13.9,2026
"Đường Dương Bá Trạc, Phường Chánh Hưng, TP Hồ Chí Minh",26.8,,,Nam,,3,4,3,Have certificate,Full,4.35,2026
"Đường Tam Hà, Phường Tam Bình, TP Hồ Chí Minh",45,,,,,3,3,3,Have certificate,Full,4.29,2026
"Đường Phan Huy Ích, Phường An Hội Tây, TP Hồ Chí Minh",30,,,,,2,2,2,Have certificate,Full,4.5,2026
"Đường Xô Viết Nghệ Tĩnh, Phường Bình Thạnh, TP Hồ Chí Minh",60,,,,,2,3,3,Have certificate,Other,6.85,2026
"Đường Lạc Long Quân, Phường Bình Thới, TP Hồ Chí Minh",165,,,,,3,4,4,Have certificate,,32,2026
"Đường Số 44, Phường Bình Phú, TP Hồ Chí Minh",80,,,,,4,4,5,Have certificate,,13.4,2026
"CẦU BA PHỤ, Phường Thới An, TP Hồ Chí Minh",88,,,,,4,5,6,Have certificate,Other,9.5,2026
"Đường Nguyễn Văn Quá, Phường Đông Hưng Thuận, TP Hồ Chí Minh",110,,,,,,2,,Have certificate,Basic,5.6,2026
"Đường Số 25, Phường Hiệp Bình, TP Hồ Chí Minh",64,,,,,,1,1,,,5.7,2026
"Đường Quang Trung, Phường Thông Tây Hội, TP Hồ Chí Minh",60,,,,,3,4,4,Have certificate,Other,6.7,2026
"Đường Trương Thị Hoa, Phường Tân Thới Hiệp, TP Hồ Chí Minh",56,,,,,5,5,6,Have certificate,,7.7,2026
"Đường Hoàng Sa, Phường Tân Định, TP Hồ Chí Minh",16,,,,,5,3,3,Have certificate,Basic,5.6,2026
"Đường Tân Quý, Phường Tân Sơn Nhì, TP Hồ Chí Minh",60,,,,,4,7,6,Have certificate,,7,2026
"Đường Nguyễn Thị Tần, Phường Chánh Hưng, TP Hồ Chí Minh",68,,,,,4,4,4,,Other,8.5,2026
"Đường Thạnh Xuân 25, Phường Thới An, TP Hồ Chí Minh",54,,,Bắc,,4,4,6,Have certificate,Full,6.25,2026
"Đường Quốc lộ 1K, Phường Linh Xuân, TP Hồ Chí Minh",40,,,Đông Bắc,,2,2,2,Have certificate,Basic,1.9,2026
"Đường Nguyễn Hồng Đào, Phường Tân Bình, TP Hồ Chí Minh",31,,,,,,2,,,,5.9,2026
"Đường 3/2, Phường Diên Hồng, TP Hồ Chí Minh",16.1,,,,,,2,1,Have certificate,,2.8,2026
"Đường Thích Quảng Đức, Phường Cầu Kiệu, TP Hồ Chí Minh",60,,,,,2,3,3,Have certificate,Full,9.8,2026
"Đường Phan Sào Nam, Phường Bảy Hiền, TP Hồ Chí Minh",24,,,,,2,2,2,,,3.6,2026
"Đường Nguyễn Hồng Đào, Phường Tân Bình, TP Hồ Chí Minh",64,,,,,4,6,6,Have certificate,,9.8,2026
"Đường Nguyễn Văn Nghi, Phường Hạnh Thông, TP Hồ Chí Minh",15,,,,,3,2,3,Have certificate,Basic,2.75,2026
"Đường Dương Bá Trạc, Phường Chánh Hưng, TP Hồ Chí Minh",53.1,,,Đông Nam,,2,5,4,Have certificate,Full,7.35,2026
"Đường Trung Mỹ Tây 13, Phường Trung Mỹ Tây, TP Hồ Chí Minh",192,,,,,2,6,6,Have certificate,Basic,7.699,2026
"Đường Huỳnh Tấn Phát, Phường Phú Thuận, TP Hồ Chí Minh",21,,,,,2,2,2,Have certificate,Full,2.799,2026
"Đường Thống Nhất, Phường An Hội Đông, TP Hồ Chí Minh",140,,,,,4,4,5,Have certificate,Other,10.99,2026
"Đường Thạch Lam, Phường Phú Thạnh, TP Hồ Chí Minh",20,,,,,3,3,3,Have certificate,Other,2.4,2026
"Đường Phan Văn Trị, Phường Bình Lợi Trung, TP Hồ Chí Minh",36,,,,,,5,,,,6.86,2026
"Đường Nguyễn Văn Quá, Phường Tân Thới Hiệp, TP Hồ Chí Minh",65,,,,,,3,,Have certificate,,4.65,2026
"Gần mặt tiền Bờ Bao Tân Thắng, Phường Tân Sơn Nhì, TP Hồ Chí Minh",42,,,,,5,3,4,Have certificate,Full,5.5,2026
"Đường Bình Phú, Phường Bình Phú, TP Hồ Chí Minh",42,,,,,,5,,Have certificate,,8.6,2026
"Đường Nguyễn Thị Tú, Phường Bình Tân, TP Hồ Chí Minh",66,,,,,4,4,4,Have certificate,Other,5.94,2026
"Đường Thành Thái, Phường Diên Hồng, TP Hồ Chí Minh",16,,,Tây,,3,2,2,Have certificate,Basic,2.8,2026
"Đường Số 27, Phường An Lạc, TP Hồ Chí Minh",80,,,Bắc,,4,4,4,Have certificate,,10.9,2026
"Đường Vườn Lài, Phường Phú Thọ Hòa, TP Hồ Chí Minh",67.4,,,,,4,4,3,Have certificate,,16,2026
"Đường Dương Quảng Hàm, Phường An Nhơn, TP Hồ Chí Minh",68,,,,,,4,,Have certificate,Other,6.86,2026
"Đường số 2, Phường Tam Bình, TP Hồ Chí Minh",45,,,,,,3,,Have certificate,,4.3,2026
"Đường số 14, Phường Bình Hưng Hòa, TP Hồ Chí Minh",30,,,,,2,3,2,Have certificate,,3.6,2026
"Đường Hồng Bàng, Phường Minh Phụng, TP Hồ Chí Minh",32,,,,,2,2,2,Have certificate,,4,2026
"Nguyễn Văn Linh, Xã Bình Hưng, TP Hồ Chí Minh",153,,,,,,5,,Have certificate,,14.2,2026
"Đường Hoàng Sa, Phường Tân Sơn Nhất, TP Hồ Chí Minh",65,,,,,2,4,4,Have certificate,Other,8.6,2026
"Đường số 9, Phường Linh Xuân, TP Hồ Chí Minh",88,,,,,,2,,Have certificate,,10.35,2026
"Đường Trần Quang Diệu, Phường Nhiêu Lộc, TP Hồ Chí Minh",65.1,,,,,4,4,4,Have certificate,,9.5,2026
"Đường Hương Lộ 2, Phường Bình Trị Đông, TP Hồ Chí Minh",96,,,,,4,4,4,Have certificate,Full,6.3,2026
"Đường Thích Quảng Đức, Phường Đức Nhuận, TP Hồ Chí Minh",35,,,,,4,5,4,Have certificate,Other,6,2026
"Đường Trần Thánh Tông, Phường Tân Sơn, TP Hồ Chí Minh",30,,,,,2,2,2,Have certificate,Full,4.5,2026
"Đường Nguyễn Tư Giản, Phường An Hội Tây, TP Hồ Chí Minh",31.5,,,,,2,2,3,Have certificate,Other,5.68,2026
"Đường Lý Thường Kiệt, Phường Tân Hòa, TP Hồ Chí Minh",39,,,,,2,2,2,Have certificate,Full,8.5,2026
"Đường Hưng Phú, Phường Chánh Hưng, TP Hồ Chí Minh",52,,,,,,4,3,Have certificate,,4.9,2026
"Đường Tân Quý, Phường Tân Sơn Nhì, TP Hồ Chí Minh",318,,,,,3,10,6,Have certificate,Other,23.5,2026
"Đường số 7, Phường Gò Vấp, TP Hồ Chí Minh",80,,,,,6,5,6,Have certificate,Other,14.35,2026
"Đường Trần Xuân Soạn, Phường Tân Hưng, TP Hồ Chí Minh",32,,,,,4,4,5,Have certificate,Other,6.2,2026
"Mặt Tiền Đường 11, Phường Thủ Đức, TP Hồ Chí Minh",132,,,,,,4,5,Have certificate,Full,16,2026
"Đường Nơ Trang Long, Phường Bình Lợi Trung, TP Hồ Chí Minh",15.5,,,,,2,2,1,Have certificate,Full,2.95,2026
"Đường Hồ Học Lãm, Phường An Lạc, TP Hồ Chí Minh",32,,,,,4,2,3,Have certificate,,3.58,2026
"Đường Bến Mễ Cốc, Phường Phú Định, TP Hồ Chí Minh",40,,,Bắc,,4,4,,Have certificate,,5.38,2026
"Đường Tân Liêm, Xã Bình Hưng, TP Hồ Chí Minh",30,,,,,,1,,,,3,2026
", Phường An Đông, TP Hồ Chí Minh",42,,,,,,5,,Have certificate,,9.5,2026
"Long Trường, Phường Long Trường, TP Hồ Chí Minh",55,,,,,3,3,3,Have certificate,,5.2,2026
"Đường Huỳnh Thị Đồng, Xã Nhà Bè, TP Hồ Chí Minh",68,,,Tây Bắc,,4,4,5,Have certificate,Full,6.68,2026
"Đường Trần Văn Giàu, Phường Tân Tạo, TP Hồ Chí Minh",50,,,,,,5,,Have certificate,,4.55,2026
"Đường Hậu Giang, Phường Bình Phú, TP Hồ Chí Minh",36,,,,,,2,2,Have certificate,,3.95,2026
"B2/88, Xã Vĩnh Lộc, TP Hồ Chí Minh",15,,,,,,2,1,Other,Basic,540,2026
"Đường Hoàng Hữu Nam, Phường Long Bình, TP Hồ Chí Minh",36,,,,,,2,,,,2.45,2026
"Hẻm 1502 Nguyễn Duy Trinh, Phường Long Trường, TP Hồ Chí Minh",56,,,Bắc,,4,3,4,Have certificate,,6.5,2026
"Đường Bùi Văn Ba, Phường Tân Thuận, TP Hồ Chí Minh",80,,,,,3,10,6,Have certificate,Full,8.9,2026
"Đường Trần Thánh Tông, Phường Tân Sơn, TP Hồ Chí Minh",30,,,,,2,2,2,,,4.6,2026
"Đường Kênh Tân Hóa, Phường Tân Phú, TP Hồ Chí Minh",40,,,,,,4,,Have certificate,Full,6,2026
"Hẻm 106 Cống Lở, Phường Tân Sơn, TP Hồ Chí Minh",60,,,,,4,5,,,,7.9,2026
"Đường Dương Bá Trạc, Phường Chánh Hưng, TP Hồ Chí Minh",27,,,,,,4,,,,4.35,2026
"Đường Trần Ðình Xu, Phường Cầu Ông Lãnh, TP Hồ Chí Minh",22,,,,,3,2,3,Have certificate,Full,5.5,2026
"Đường số 3B, Phường Bình Hưng Hòa, TP Hồ Chí Minh",55,,,,,4,5,5,Have certificate,Other,6.25,2026
"Đường Nguyễn Trãi, Phường An Đông, TP Hồ Chí Minh",60,,,Bắc,,4,4,5,Have certificate,,35,2026
"Đường số 9, Phường An Hội Đông, TP Hồ Chí Minh",22,,,,,2,2,,Have certificate,Other,3.3,2026
"Đường Phạm Văn Chiêu, Phường An Hội Đông, TP Hồ Chí Minh",40,,,Đông Bắc,,3,4,3,Have certificate,Full,4.95,2026
"Đường Trường Chinh, Phường Tân Bình, TP Hồ Chí Minh",61,,,,,3,3,4,Have certificate,Other,8.78,2026
"Đường Lê Quang Định, Phường Bình Lợi Trung, TP Hồ Chí Minh",40,,,,,3,3,3,Have certificate,Full,5.4,2026
"Đường An Dương Vương, Phường An Lạc, TP Hồ Chí Minh",60,,,,,,2,,Have certificate,,4.5,2026
"115/16, Phường Cầu Kiệu, TP Hồ Chí Minh",63.1,,,,,3,3,4,Have certificate,Full,11,2026
"2, Phường An Hội Tây, TP Hồ Chí Minh",21,,,,,,2,1,Have certificate,,3.25,2026
"Đường Số 14, Phường Tân Mỹ, TP Hồ Chí Minh",120,,,,,3,5,6,Have certificate,Full,15.5,2026
"Đường Đông Bắc, Phường Trung Mỹ Tây, TP Hồ Chí Minh",80,,,,,2,3,2,Have certificate,Full,4.8,2026
"Đường Hồng Lạc, Phường Bảy Hiền, TP Hồ Chí Minh",16,,,Đông,,3,2,2,Have certificate,Full,2.3,2026
"Mặt Tiền Đường 11, Phường Thủ Đức, TP Hồ Chí Minh",132,,,,,,4,5,Have certificate,Full,16,2026
"Đường Âu Dương Lân, Phường Chánh Hưng, TP Hồ Chí Minh",43,,,,,3,3,3,Have certificate,,6.4,2026
"Đường An Dương Vương, Phường An Lạc, TP Hồ Chí Minh",64,,,,,4,4,,Have certificate,,5.2,2026
"Đường Số 19, Phường Thủ Đức, TP Hồ Chí Minh",103.1,,,,,,3,2,Have certificate,,8.5,2026
"Đường Huỳnh Thị Hai, Phường Trung Mỹ Tây, TP Hồ Chí Minh",108,,,,,,7,5,Have certificate,Full,5,2026
"Đường Quang Trung, Phường Gò Vấp, TP Hồ Chí Minh",27,,,,,2,2,2,Have certificate,Full,3.65,2026
"Đường số 3B, Phường Bình Hưng Hòa, TP Hồ Chí Minh",58,,,,,3,4,3,Have certificate,,6.35,2026
"Đường Tăng Bạt Hổ, Phường Bình Lợi Trung, TP Hồ Chí Minh",40,,,,,,3,3,,,5.98,2026
"Đường Huỳnh Tấn Phát, Phường Phú Thuận, TP Hồ Chí Minh",78,,,,,2,4,2,Have certificate,Full,7.55,2026
"Đường Trần Thị Hè, Phường Tân Thới Hiệp, TP Hồ Chí Minh",59,,,,,,4,4,Have certificate,Other,5.5,2026
"Đường Hoàng Diệu 2, Phường Thủ Đức, TP Hồ Chí Minh",80,,,,,3,4,,Have certificate,Full,13,2026
"Đường Phạm Văn Đồng, Phường Linh Xuân, TP Hồ Chí Minh",85,,,,,1,2,3,,,4.5,2026
"Trịnh Đình Trọng, Phường Tân Phú, TP Hồ Chí Minh",65,,,,,4,4,4,Have certificate,Other,9.95,2026
"Đường Ngô Thời Nhiệm, Phường Xuân Hòa, TP Hồ Chí Minh",44,,,Đông Nam,,4,3,3,Have certificate,Full,24.5,2026
"Đường Nguyễn Văn Lượng, Phường Gò Vấp, TP Hồ Chí Minh",36,,,,,2,3,,Have certificate,Other,3.86,2026
"Đường Nghĩa Phát, Phường Tân Hòa, TP Hồ Chí Minh",43,,,,,,4,3,Have certificate,Basic,6.4,2026
"Đường số 11, Phường An Lạc, TP Hồ Chí Minh",48,,,,,,4,4,Have certificate,,7.5,2026
"Đường Bình Trị Đông, Phường Bình Trị Đông, TP Hồ Chí Minh",65,,,Tây,,3,3,3,Have certificate,,5.95,2026
"Đường Đoàn Văn Bơ, Phường Khánh Hội, TP Hồ Chí Minh",22.4,,,,,4,2,3,Have certificate,Full,4.55,2026
"Đường Hồng Lạc, Phường Bảy Hiền, TP Hồ Chí Minh",74,,,,,5,6,6,Have certificate,Full,14,2026
"Đường Gò Dưa, Phường Tam Bình, TP Hồ Chí Minh",183,,,,,3,4,4,,,16,2026
"Đường Quang Trung, Phường Gò Vấp, TP Hồ Chí Minh",31.2,,,Tây,,2,2,2,Have certificate,Basic,3.1,2026
"Đường Mã Lò, Phường Bình Hưng Hòa, TP Hồ Chí Minh",20,,,Đông,,3,2,2,No certificate,Full,1.45,2026
"Đường Phan Văn Hớn, Xã Bà Điểm, TP Hồ Chí Minh",123,,,,,,2,,Have certificate,,5.2,2026
"Đường Phan Văn Trị, Phường Bình Lợi Trung, TP Hồ Chí Minh",33,,,,,3,3,3,Have certificate,,6.95,2026
"Đường Xô Viết Nghệ Tĩnh, Phường Bình Thạnh, TP Hồ Chí Minh",60,,,,,1,3,3,Have certificate,Other,6,2026
"Đường Trường Sa, Phường Cầu Kiệu, TP Hồ Chí Minh",40,,,,,2,3,3,Have certificate,,6.5,2026
"Đường Phan Đình Phùng, Phường Cầu Kiệu, TP Hồ Chí Minh",26,,,,,2,1,2,Have certificate,Full,4.05,2026
"Đường Nguyễn Tri Phương, Phường Vườn Lài, TP Hồ Chí Minh",19,,,,,3,2,3,Have certificate,Full,4.8,2026
"Đường Lê Thị Riêng, Phường Thới An, TP Hồ Chí Minh",80,,,,,3,4,3,Have certificate,Other,6.249,2026
"Đường số 8, Phường Linh Xuân, TP Hồ Chí Minh",105,,,Tây Bắc,,2,2,2,Have certificate,Full,8.7,2026
"Đường Ung Văn Khiêm, Phường Thạnh Mỹ Tây, TP Hồ Chí Minh",76,,,,,2,5,5,Have certificate,,14.999,2026
"Đường Cách Mạng Tháng 8, Phường Hòa Hưng, TP Hồ Chí Minh",50,,,,,5,7,,,,7.8,2026
"Đường Nguyễn Thiện Thuật, Phường Bình Thạnh, TP Hồ Chí Minh",70,,,,,,4,3,,,7.48,2026
"Đường Trần Quang Diệu, Phường Nhiêu Lộc, TP Hồ Chí Minh",66,,,,,,4,4,,,9.5,2026
"Đường Thoại Ngọc Hầu, Phường Tân Phú, TP Hồ Chí Minh",48,,,,,3,5,,,,6.3,2026
"Đường Sư Vạn Hạnh, Phường Vườn Lài, TP Hồ Chí Minh",21,,,,,4,3,4,Have certificate,Basic,4.35,2026
"Hẻm 54 Ao Đôi, Phường Bình Hưng Hòa, TP Hồ Chí Minh",40,,,,,2,2,2,Have certificate,Full,4,2026
"1/xtt8-4, Xã Bà Điểm, TP Hồ Chí Minh",19,,,Tây Nam,,2,2,3,Shared certificate,,850,2026
"Đường Kha Vạn Cân, Phường Hiệp Bình, TP Hồ Chí Minh",51,,,,,2,2,,,,6.15,2026
"Đường Số 1, Phường Tân Mỹ, TP Hồ Chí Minh",68,,,Tây,,2,4,,Have certificate,Basic,11.8,2026
"Đường số 14, Phường Bình Hưng Hòa, TP Hồ Chí Minh",40,,,,,,3,,,,4.95,2026
"Đường Bình Trị Đông, Phường Bình Trị Đông, TP Hồ Chí Minh",65,,,Tây,,3,3,3,,,5.9,2026
"Đường Trần Bá Giao, Phường An Nhơn, TP Hồ Chí Minh",44,,,,,2,2,2,Have certificate,Full,4.39,2026
"Đường Nguyễn Phúc Chu, Phường Tân Sơn, TP Hồ Chí Minh",55,,,,,4,4,5,Have certificate,Full,5.2,2026
"Tô Hiệu, Phường Phú Thạnh, TP Hồ Chí Minh",36,,,,,3,3,,Have certificate,Other,5,2026
"Đường Phạm Văn Chiêu, Phường Gò Vấp, TP Hồ Chí Minh",65,,,,,5,6,6,Have certificate,Other,14.5,2026
"Đường Lý Phục Man, Phường Tân Thuận, TP Hồ Chí Minh",60,,,Đông Bắc,,4,4,5,Have certificate,Basic,9.6,2026
"Đường Tỉnh lộ 43, Phường Tam Bình, TP Hồ Chí Minh",60,,,,,,3,3,,,3.5,2026
"Đường Âu Cơ, Phường Bảy Hiền, TP Hồ Chí Minh",64,,,,,,3,,,,5.99,2026
"Đường số 26, Phường Hiệp Bình, TP Hồ Chí Minh",52,,,,,,2,,,,7,2026
"Đường 475, Phường Phước Long, TP Hồ Chí Minh",50,,,,,1,2,1,Have certificate,Basic,3.1,2026
"Đường Kênh Nước Đen, Phường Bình Hưng Hòa, TP Hồ Chí Minh",21,,,Bắc,,2,2,2,Have certificate,Full,1.9,2026
"Đường Huỳnh Văn Nghệ, Phường An Hội Tây, TP Hồ Chí Minh",40,,,,,2,2,2,Have certificate,Full,4.9,2026
"Đường Lũy Bán Bích, Phường Tân Phú, TP Hồ Chí Minh",72,,,,,4,4,,Have certificate,,8.8,2026
"Đường Văn Thân, Phường Bình Tiên, TP Hồ Chí Minh",37,,,,,2,3,2,Have certificate,Other,3.9,2026
"Hẻm 30 Lâm Văn Bền, Phường Tân Hưng, TP Hồ Chí Minh",74,,,,,,4,4,Have certificate,,5.55,2026
"Đường Số 4, Phường Hiệp Bình, TP Hồ Chí Minh",77,,,,,,2,,,,4,2026
"Đường Số 2, Phường Thủ Đức, TP Hồ Chí Minh",80,,,Tây Nam,,3,4,4,Have certificate,,13,2026
"439, Phường Tân Thới Hiệp, TP Hồ Chí Minh",50,,,Nam,,1,2,1,Have certificate,Basic,3.8,2026
"Đường Lê Quý Ðôn, Phường Phú Nhuận, TP Hồ Chí Minh",54,,,,,,4,,,,13,2026
"Đường Trần Văn Ơn, Phường Tân Sơn Nhì, TP Hồ Chí Minh",40,,,,,3,4,4,Have certificate,,5.99,2026
"Đường Dương Quảng Hàm, Phường An Nhơn, TP Hồ Chí Minh",30,,,,,3,3,3,Have certificate,Other,4,2026
"Đường Lê Văn Lương, Xã Hiệp Phước, TP Hồ Chí Minh",30,,,,,2,2,2,Have certificate,Full,1.3,2026
"Đường Huỳnh Tấn Phát, Phường Phú Thuận, TP Hồ Chí Minh",65,,,,,2,2,2,Have certificate,,4.25,2026
"Đường Số 5A, Phường Bình Hưng Hòa, TP Hồ Chí Minh",35,,,,,2,2,2,Have certificate,,2.6,2026
"Đường Lê Thị Riêng, Phường Thới An, TP Hồ Chí Minh",1080,,,,,,5,,Have certificate,,77.98,2026
"Đường Kinh Dương Vương, Phường An Lạc, TP Hồ Chí Minh",60,,,,,5,5,5,Have certificate,Other,7.5,2026
"Nhà 3 TẦNG 3PN FULL NỘI THẤT, Phường An Hội Tây, TP Hồ Chí Minh",23,,,,,3,3,3,Have certificate,Other,4.199,2026
"Đường Phạm Văn Đồng, Phường Hiệp Bình, TP Hồ Chí Minh",80,,,,,,4,,,,7,2026
"Đường số 18, Phường Hiệp Bình, TP Hồ Chí Minh",60,,,,,1,1,,Have certificate,,4.5,2026
"Đường Trần Thị Cờ, Phường Thới An, TP Hồ Chí Minh",64,,,,,,4,5,Have certificate,Other,5.89,2026
"Đường Phạm Văn Chiêu, Phường An Hội Tây, TP Hồ Chí Minh",80,,,,,4,4,5,Have certificate,Other,9.35,2026
"Hẻm 549 Lê Văn Thọ, Phường An Hội Tây, TP Hồ Chí Minh",30,,,,,3,3,3,Have certificate,,4.5,2026
"Đường Bưng Ông Thoàn, Phường Long Trường, TP Hồ Chí Minh",55,,,,,3,4,3,,,5.5,2026
"Nhà mới 5 tầng 3PN- cho thuê 18 tr, Phường Hòa Hưng, TP Hồ Chí Minh",37,,,,,,3,4,,,7.3,2026
"Đường Hương Lộ 2, Phường Bình Trị Đông, TP Hồ Chí Minh",160,,,,,2,3,3,Have certificate,Full,10.9,2026
"Đường Ngô Chí Quốc, Phường Tam Bình, TP Hồ Chí Minh",173,,,,,,10,,,,6,2026
"Đường Nguyễn Thị Tú, Phường Bình Tân, TP Hồ Chí Minh",250,,,,,4,4,6,Have certificate,Other,17.9,2026
"Đường Tỉnh lộ 10, Phường Bình Trị Đông, TP Hồ Chí Minh",55,,,,,,2,2,Have certificate,Other,5.45,2026
"Hẻm 54 Trần Xuân Soạn, Phường Tân Thuận, TP Hồ Chí Minh",40.3,,,,,2,2,2,Have certificate,,3.95,2026
"Đường Số 19, Phường Tân Hưng, TP Hồ Chí Minh",56,,,,,2,3,3,Have certificate,Full,6.18,2026
"Đường Tô Ký, Phường Trung Mỹ Tây, TP Hồ Chí Minh",130,,,,,1,3,2,Have certificate,Basic,6.899,2026
"439, Phường Tân Thới Hiệp, TP Hồ Chí Minh",50,,,Nam,,1,2,1,Have certificate,Basic,3.8,2026
"Mặt Tiền Đường Huỳnh Thị Hai, Phường Trung Mỹ Tây, TP Hồ Chí Minh",87.3,,,Nam,,1,2,1,Have certificate,,7.6,2026
"Đường Bình Trị Đông, Phường Bình Trị Đông, TP Hồ Chí Minh",90,,,,,1,4,3,Have certificate,,6.85,2026
"Đường Tân Thới Nhất 6, Phường Đông Hưng Thuận, TP Hồ Chí Minh",86,,,,,2,2,,Have certificate,,6.65,2026
"Đường số 18, Phường Hiệp Bình, TP Hồ Chí Minh",60,,,,,1,1,,Have certificate,,4.5,2026
"Đường Tân Kỳ Tân Quý, Phường Bình Hưng Hòa, TP Hồ Chí Minh",58,,,,,3,4,3,Have certificate,Full,5.95,2026
"Hẻm 413 Lê Văn Quới, Phường Bình Trị Đông, TP Hồ Chí Minh",56,,,,,,4,5,,,6,2026
"Đường Lê Văn Quới, Phường Bình Trị Đông, TP Hồ Chí Minh",44,,,,,,5,,Have certificate,,6.49,2026
"Đường Lê Văn Thọ, Phường Thông Tây Hội, TP Hồ Chí Minh",56,,,,,4,4,5,Have certificate,Full,7.45,2026
"Đường Võ Văn Kiệt, Phường Bình Tiên, TP Hồ Chí Minh",52,,,,,3,4,3,Have certificate,,6.2,2026
"Đường Nguyễn Công Hoan, Phường Cầu Kiệu, TP Hồ Chí Minh",44,,,,,2,3,,Have certificate,Basic,8.5,2026
"Đường Trung Mỹ Tây 1, Phường Trung Mỹ Tây, TP Hồ Chí Minh",225,,,,,,5,,Have certificate,Other,14.5,2026
"Đường Âu Cơ, Phường Bảy Hiền, TP Hồ Chí Minh",12,,,Bắc,,3,2,2,Have certificate,Full,1.99,2026
"Đường Quang Trung, Phường Thông Tây Hội, TP Hồ Chí Minh",65,,,,,4,4,5,Have certificate,Other,9,2026
"Đường Hương Lộ 2, Phường Bình Trị Đông, TP Hồ Chí Minh",68,,,Đông,,5,5,6,Have certificate,,6,2026
"Đường Nguyễn Thị Tú, Phường Bình Tân, TP Hồ Chí Minh",250,,,,,4,4,6,Have certificate,Other,17.9,2026
"Đường Trương Phước Phan, Phường Bình Trị Đông, TP Hồ Chí Minh",72.5,,,Tây,,2,3,2,Have certificate,Full,5.3,2026
"Đường Huỳnh Văn Chính, Phường Tân Phú, TP Hồ Chí Minh",15,,,Bắc,,3,2,2,Have certificate,Full,2.3,2026
"Đường Nguyễn Văn Quá, Phường Đông Hưng Thuận, TP Hồ Chí Minh",96,,,,,2,4,4,Have certificate,,5.7,2026
"1806, Xã Nhà Bè, TP Hồ Chí Minh",66,,,Nam,,3,4,5,Have certificate,Other,6.99,2026
"Đường Võ Thị Liễu, Phường An Phú Đông, TP Hồ Chí Minh",66,,,,,2,3,,Have certificate,,4.7,2026
"Đường Nguyễn Văn Khối, Phường Thông Tây Hội, TP Hồ Chí Minh",60,,,,,4,4,5,Have certificate,Other,8,2026
"Đường Lê Văn Lương, Xã Hiệp Phước, TP Hồ Chí Minh",21,,,,,,2,,Shared certificate,,1.19,2026
"Đường Vĩnh Lộc, Xã Vĩnh Lộc, TP Hồ Chí Minh",48,,,,,1,2,2,Shared certificate,Full,1.185,2026
"1806, Xã Nhà Bè, TP Hồ Chí Minh",80,,,Tây,,3,4,5,Have certificate,Full,6.68,2026
"Đường Bình Đông, Phường Phú Định, TP Hồ Chí Minh",15,,,,,2,2,2,Have certificate,Basic,1.68,2026
"Đường Phan Văn Trị, Phường Bình Lợi Trung, TP Hồ Chí Minh",32.8,,,,,3,3,3,Have certificate,Other,6.9,2026
"Đường Võ Thị Liễu, Phường An Phú Đông, TP Hồ Chí Minh",84,,,,,2,3,,Have certificate,,5.3,2026
"Đường Nguyễn Thị Nhỏ, Phường Tân Hòa, TP Hồ Chí Minh",39.4,,,Đông,,5,4,5,Have certificate,,7.7,2026
"Đường Điện Biên Phủ, Phường Thạnh Mỹ Tây, TP Hồ Chí Minh",30,,,,,,3,,Have certificate,Full,7.98,2026
"35, Phường Thủ Đức, TP Hồ Chí Minh",79,,,,,2,2,2,Have certificate,Full,5,2026
"Đường 26 Tháng 3, Phường Bình Hưng Hòa, TP Hồ Chí Minh",55,,,,,4,4,5,Have certificate,Full,6.18,2026
"Đường Võ Văn Vân, Xã Tân Vĩnh Lộc, TP Hồ Chí Minh",59,,,,,1,2,2,Shared certificate,Other,2.69,2026
"Phạm Văn Chiêu Phường 14 Gò vấp Tp Hồ Chí Minh., Phường An Hội Tây, TP Hồ Chí Minh",51,,,Đông Nam,,4,4,5,Have certificate,Other,7.48,2026
"Đường Quang Trung, Phường Gò Vấp, TP Hồ Chí Minh",40,,,,,3,3,3,Have certificate,Other,6.5,2026
"Gò Xoài , Phường Bình Trị Đông, TP Hồ Chí Minh",60,,,Đông,,5,4,6,Have certificate,,8,2026
"Đường Lê Văn Lương, Xã Hiệp Phước, TP Hồ Chí Minh",39,,,,,2,2,2,Have certificate,Full,2.15,2026
"Đường Tân Hòa Đông, Phường Phú Lâm, TP Hồ Chí Minh",48,,,,,2,3,2,Have certificate,,5.1,2026
"Đường Chiến Lược, Phường Bình Trị Đông, TP Hồ Chí Minh",15,,,Nam,,2,2,2,Have certificate,Full,1.85,2026
"Tân Hương, Phường Phú Thọ Hòa, TP Hồ Chí Minh",72,,,,,,4,,Have certificate,,8,2026
"Đường Mã Lò, Phường Bình Hưng Hòa, TP Hồ Chí Minh",40,,,,,,2,,,,4.5,2026
"CXPLA, Phường Phú Lâm, TP Hồ Chí Minh",49,,,,,3,3,3,Have certificate,,5.9,2026
"Đường số 14, Phường Bình Hưng Hòa, TP Hồ Chí Minh",76.1,,,Đông,,2,3,2,Have certificate,Full,6.9,2026
"Đường Quang Trung, Phường An Hội Tây, TP Hồ Chí Minh",36,,,,,2,2,2,Have certificate,Other,4.85,2026
"Đường Vườn Lài, Phường Phú Thọ Hòa, TP Hồ Chí Minh",85,,,,,,3,,Have certificate,,6.5,2026
"Tăng Nhơn Phú A, Phường Tăng Nhơn Phú, TP Hồ Chí Minh",90,,,,,,2,1,Have certificate,,5.4,2026
"Đường Phan Anh, Phường Phú Lâm, TP Hồ Chí Minh",72,,,,,,2,,Shared certificate,,2.4,2026
"Đường Công Chúa Ngọc Hân, Phường Phú Thọ, TP Hồ Chí Minh",30,,,,,4,4,4,Have certificate,,6.89,2026
"Vũ Thị Lùng, Xã Đông Thạnh, TP Hồ Chí Minh",144.7,,,,,,2,1,Shared certificate,Basic,2.625,2026
"Đường Bến Vân Đồn, Phường Vĩnh Hội, TP Hồ Chí Minh",56.5,,,Đông Nam,,,4,3,Have certificate,,12,2026
"Đường Hậu Giang, Phường Bình Tây, TP Hồ Chí Minh",32,,,,,4,4,3,Have certificate,Basic,5.2,2026
"Đường Vũ Huy Tấn, Phường Gia Định, TP Hồ Chí Minh",47,,,,,,3,,Have certificate,,4.79,2026
"Phường Tăng Nhơn Phú B, Phường Tăng Nhơn Phú, TP Hồ Chí Minh",35.5,,,,,,2,2,Have certificate,,3.65,2026
"Đường Hương Lộ 3, Phường Bình Hưng Hòa, TP Hồ Chí Minh",36,,,Tây,,3,4,3,Have certificate,Other,3.9,2026
"Đường Tân Hòa Đông, Phường Phú Lâm, TP Hồ Chí Minh",42,,,Đông,,1,3,2,,,5.3,2026
"Đường Số 8, Phường Bình Hưng Hòa, TP Hồ Chí Minh",40,,,,,2,2,3,Have certificate,Full,3.7,2026
"Đường Số 7, Phường Hạnh Thông, TP Hồ Chí Minh",66,,,,,,10,6,Have certificate,Other,11.9,2026
"997, Phường Tân Hưng, TP Hồ Chí Minh",15,,,Tây,,2,2,2,Have certificate,Basic,1.88,2026
"Hiệp Thành 06, Phường Tân Thới Hiệp, TP Hồ Chí Minh",100,,,,,,3,,Have certificate,,6.55,2026
"Đường Nguyễn Trãi, Phường An Đông, TP Hồ Chí Minh",35.2,,,,,3,3,3,Have certificate,Basic,6.6,2026
"Đường Lê Cảnh Tuân, Phường Phú Thọ Hòa, TP Hồ Chí Minh",51,,,,,,3,,Have certificate,,6.5,2026
"138/3a Ngô Quyền, Phường Vườn Lài, TP Hồ Chí Minh",44,,,,,3,3,3,Have certificate,,6.9,2026
"Đường Nguyễn Thái Sơn, Phường An Nhơn, TP Hồ Chí Minh",27,,,,,3,3,3,Have certificate,Other,4.5,2026
"Đường Nguyễn Thị Kiểu, Phường Tân Thới Hiệp, TP Hồ Chí Minh",58,,,Tây Nam,,2,2,2,Have certificate,,3.98,2026
"540, Xã Bà Điểm, TP Hồ Chí Minh",148,,,Đông,,3,6,1,Have certificate,Other,10.9,2026
"Đường Đoàn Văn Bơ, Phường Xóm Chiếu, TP Hồ Chí Minh",30.5,,,,,,2,2,Have certificate,,3.35,2026
"Đường Lê Văn Quới, Phường Bình Hưng Hòa, TP Hồ Chí Minh",42,,,,,5,4,3,Have certificate,Full,6.3,2026
"Đường Dương Quảng Hàm, Phường An Nhơn, TP Hồ Chí Minh",25.3,,,,,,2,,Have certificate,,3.4,2026
"Đường Nguyễn Cửu Vân, Phường Gia Định, TP Hồ Chí Minh",36,,,,,2,2,,Have certificate,Full,5.65,2026
"Đường Tỉnh lộ 10, Phường Bình Trị Đông, TP Hồ Chí Minh",66,,,,,2,2,2,Have certificate,Other,4.7,2026
"Đường Bàu Cát 8, Phường Bảy Hiền, TP Hồ Chí Minh",22,,,Đông,,2,2,1,Have certificate,Basic,2.3,2026
"Đường Hương Lộ 2, Phường Bình Trị Đông, TP Hồ Chí Minh",48,,,Bắc,,2,2,2,Have certificate,Other,4.8,2026
"Liên Âp 4-5, Xã Hưng Long, TP Hồ Chí Minh",1000,,,Tây,,,3,,Have certificate,,20,2026
"Đường số 14, Phường Bình Hưng Hòa, TP Hồ Chí Minh",76.1,,,Đông,,2,3,2,Have certificate,Full,6.9,2026
"Hiệp Thành 06, Phường Tân Thới Hiệp, TP Hồ Chí Minh",100,,,,,,3,,Have certificate,,6.55,2026
"125/150, Phường Chánh Hưng, TP Hồ Chí Minh",61,,,Bắc,,1,2,1,Have certificate,,8,2026
"00, Phường Vĩnh Hội, TP Hồ Chí Minh",40,,,Đông Nam,,4,4,3,Have certificate,Other,12.4,2026
"Đường Văn Thân, Phường Bình Tiên, TP Hồ Chí Minh",12.5,,,,,1,1,1,Have certificate,,1.59,2026
"907/2C Lò Gốm, Phường Bình Tây, TP Hồ Chí Minh",48,,,,,4,4,3,Have certificate,,5.98,2026
"Bình Phú, Phường Bình Phú, TP Hồ Chí Minh",42,,,,,5,5,,Have certificate,Other,8.55,2026
"1027, Phường Phú Thuận, TP Hồ Chí Minh",44,,,Đông,,3,3,3,Have certificate,Full,5.95,2026
"lê văn luong, Xã Nhà Bè, TP Hồ Chí Minh",45,,,,,2,2,2,Have certificate,Other,3.59,2026
"Đường Dương Bá Trạc, Phường Chánh Hưng, TP Hồ Chí Minh",36,,,,,4,4,4,Have certificate,Full,4.88,2026
"Tân chánh Hiệp 07, Phường Trung Mỹ Tây, TP Hồ Chí Minh",40,,,Đông Bắc,,2,2,2,Have certificate,,3.999,2026
"Đường Lũy Bán Bích, Phường Phú Thạnh, TP Hồ Chí Minh",15,,,,,3,2,3,Have certificate,Full,2.6,2026
"Đường Chiến Lược, Phường Bình Trị Đông, TP Hồ Chí Minh",64.2,,,Đông Nam,,3,2,3,Have certificate,Other,5.45,2026
"Đường Trần Tử Bình, Xã Củ Chi, TP Hồ Chí Minh",110,,,,,1,3,2,Have certificate,Basic,1.45,2026
"Đường Lê Trọng Tấn, Phường Bình Hưng Hòa, TP Hồ Chí Minh",80,,,,,5,4,6,Have certificate,Other,9.2,2026
"Đường Miếu Gò Xoài, Phường Bình Hưng Hòa, TP Hồ Chí Minh",48,,,Nam,,2,3,3,Have certificate,Other,4.6,2026
"Đường Âu Cơ, Phường Bảy Hiền, TP Hồ Chí Minh",70,,,,,4,4,,No certificate,,6.8,2026
"Hẻm Xe Hơi 97, Phường Hiệp Bình, TP Hồ Chí Minh",72,,,Tây Nam,,2,2,3,Have certificate,Basic,6.8,2026
"Đường Lê Văn Khương, Phường Tân Thới Hiệp, TP Hồ Chí Minh",50.5,,,Tây Nam,,2,3,2,Have certificate,Full,3.98,2026
"Đường Hòa Hưng, Phường Hòa Hưng, TP Hồ Chí Minh",31,,,,,,2,,,,6.3,2026
"Đường Lê Đức Thọ, Phường An Hội Đông, TP Hồ Chí Minh",116,,,,,,3,3,Have certificate,Basic,8.2,2026
"Đường Hùng Vương, Phường Vườn Lài, TP Hồ Chí Minh",52,,,Đông,,4,4,3,Have certificate,Full,8.1,2026
"Hẻm 104 Tân Thới Hiệp 13, Phường Tân Thới Hiệp, TP Hồ Chí Minh",40,,,,,2,2,2,Have certificate,Basic,3.48,2026
"Đường Lưu Hữu Phước, Phường Phú Định, TP Hồ Chí Minh",56,,,,,2,3,2,Have certificate,Full,3.6,2026
"Đường Hà Huy Giáp, Phường An Phú Đông, TP Hồ Chí Minh",52,,,,,,2,,Have certificate,,2.2,2026
"Đường Nguyễn Thị Tú, Phường Bình Tân, TP Hồ Chí Minh",60,,,,,1,2,3,Have certificate,Basic,4.88,2026
"Đường Bến Mễ Cốc, Phường Phú Định, TP Hồ Chí Minh",15,,,Nam,,2,1,,Have certificate,,1.85,2026
"Phạm Văn Sáng, Xã Bà Điểm, TP Hồ Chí Minh",187,,,Đông,,2,4,3,Have certificate,Other,7.9,2026
"Đường Tân Hòa Đông, Phường Bình Trị Đông, TP Hồ Chí Minh",85,,,,,5,6,6,Have certificate,Other,8.4,2026
"Đường Xô Viết Nghệ Tĩnh, Phường Thạnh Mỹ Tây, TP Hồ Chí Minh",36,,,,,2,3,2,Have certificate,,5.95,2026
"Đường Đoàn Nguyễn Tuấn, Xã Hưng Long, TP Hồ Chí Minh",7000,,,,,3,6,5,Have certificate,Full,160,2026
"Mặt tiền , Phường An Nhơn, TP Hồ Chí Minh",63,,,,,4,4,3,Have certificate,Basic,12.5,2026
"Đường Huỳnh Văn Bánh, Phường Phú Nhuận, TP Hồ Chí Minh",190,,,,,5,7,6,Have certificate,Other,29.5,2026
"Đường Hoàng Diệu 2, Phường Linh Xuân, TP Hồ Chí Minh",67.7,,,,,,5,5,Have certificate,,6.6,2026
"Thới an 11, Phường Thới An, TP Hồ Chí Minh",44,,,,,,2,2,Have certificate,Basic,3.99,2026
"Cầu vượt Hàng Xanh, Phường Thạnh Mỹ Tây, TP Hồ Chí Minh",27.5,,,Bắc,,3,4,3,Have certificate,Other,5.68,2026
"Đường Huỳnh Tấn Phát, Xã Nhà Bè, TP Hồ Chí Minh",26,,,,,2,2,,Shared certificate,,1.69,2026
"Đường Trịnh Đình Trọng, Phường Tân Phú, TP Hồ Chí Minh",52,,,,,2,3,,Have certificate,Full,5.99,2026
"Đường Nguyễn Bình, Xã Nhà Bè, TP Hồ Chí Minh",55,,,,,2,2,,Shared certificate,,2.86,2026
"Đường Tỉnh lộ 10, Phường Tân Tạo, TP Hồ Chí Minh",56,,,,,4,5,,No certificate,Other,7.97,2026
"Đường Trần Thị Cờ, Phường Thới An, TP Hồ Chí Minh",41,,,Tây Nam,,2,3,2,Have certificate,Basic,3.95,2026
"Đường số 4, Phường Bình Hưng Hòa, TP Hồ Chí Minh",79,,,,,4,4,5,Have certificate,,6.8,2026
"Đường Nguyễn Oanh, Phường Gò Vấp, TP Hồ Chí Minh",54,,,,,2,3,3,Have certificate,Other,6.6,2026
"Đường Nguyễn Ảnh Thủ, Phường Trung Mỹ Tây, TP Hồ Chí Minh",40,,,,,1,2,2,Have certificate,Full,3.999,2026
"Đường Thạnh Xuân 25, Phường Thới An, TP Hồ Chí Minh",50,,,,,,4,,Have certificate,Other,5.25,2026
"Đường Hoàng Việt, Phường Tân Sơn Nhất, TP Hồ Chí Minh",93,,,,,6,10,,Have certificate,,25.5,2026
"Đường Bình Thành, Phường Bình Tân, TP Hồ Chí Minh",140,,,,,,5,6,Have certificate,,7.5,2026
"lò siêu , Phường Bình Thới, TP Hồ Chí Minh",39,,,,,,2,,Have certificate,,7.99,2026
"Đường Huỳnh Tấn Phát, Phường Tân Thuận, TP Hồ Chí Minh",54,,,,,,3,,Have certificate,,6.25,2026
"Đường số 14, Phường Bình Hưng Hòa, TP Hồ Chí Minh",48,,,,,2,3,2,Have certificate,,4.25,2026
"Đường Huỳnh Văn Bánh, Phường Phú Nhuận, TP Hồ Chí Minh",90,,,,,2,3,2,Have certificate,Other,11.5,2026
"Đường Tây Lân, Phường Bình Trị Đông, TP Hồ Chí Minh",54,,,,,,3,,Have certificate,,4.8,2026
"Thạnh Lộc 25, Phường An Phú Đông, TP Hồ Chí Minh",44,,,Đông Bắc,,1,2,2,Shared certificate,Basic,1.05,2026
"Đường Số 8, Phường Bình Tân, TP Hồ Chí Minh",40,,,Nam,,1,2,2,Have certificate,Basic,3.65,2026
"Đường Phan Anh, Phường Phú Thạnh, TP Hồ Chí Minh",310,,,Tây Nam,,2,8,6,Have certificate,,18.5,2026
"Đường Bến Mễ Cốc, Phường Phú Định, TP Hồ Chí Minh",34,,,,,4,4,3,Have certificate,,4,2026
"Đường Tỉnh lộ 10, Phường Tân Tạo, TP Hồ Chí Minh",54.8,,,,,1,1,1,Have certificate,Full,3.88,2026
"Đường Trần Thị Cờ, Phường Thới An, TP Hồ Chí Minh",35.6,,,,,1,3,1,Have certificate,Full,3.3,2026
"Đường số 8A, Phường An Lạc, TP Hồ Chí Minh",54,,,,,4,4,4,Have certificate,,8.4,2026
"Đường số 17, Phường Tân Thuận, TP Hồ Chí Minh",140,,,,,2,3,,Have certificate,,12.8,2026
"Đường Bùi Đình Tuý, Phường Bình Thạnh, TP Hồ Chí Minh",100,,,,,,3,,,,9.3,2026
"Đường Liên khu 4-5, Phường Bình Tân, TP Hồ Chí Minh",104,,,,,3,4,3,Have certificate,,6.5,2026
"Đường Trương Đăng Quế, Phường Hạnh Thông, TP Hồ Chí Minh",13,,,,,3,3,3,Have certificate,,3.25,2026
"Đường Lưu Hữu Phước, Phường Phú Định, TP Hồ Chí Minh",117.4,,,Tây Nam,,,3,1,Have certificate,,6.3,2026
"Huỳnh Thị Hai, Phường Trung Mỹ Tây, TP Hồ Chí Minh",42,,,,,2,2,2,Have certificate,Other,3.25,2026
"Đường số 4, Phường Bình Hưng Hòa, TP Hồ Chí Minh",58,,,,,,5,,Have certificate,,6,2026
"Đường Bắc Lân 1, Xã Bà Điểm, TP Hồ Chí Minh",85,,,Đông Nam,,3,4,5,Have certificate,Other,6.97,2026
"Mặt tiền, Phường Hạnh Thông, TP Hồ Chí Minh",68,,,,,3,5,4,Have certificate,Full,11.6,2026
"Đường Thới An 6, Phường Thới An, TP Hồ Chí Minh",35,,,Đông Nam,,2,2,2,Shared certificate,Full,1.69,2026
"Đường Nguyễn Văn Lượng, Phường Rạch Dừa, TP Hồ Chí Minh",97,,,Đông Nam,,1,3,3,Have certificate,Basic,12.5,2026
"Đường Nơ Trang Long, Phường Bình Lợi Trung, TP Hồ Chí Minh",16,,,,,2,2,2,Other,Basic,1.18,2026
"Đường Hương Lộ 2, Phường Bình Trị Đông, TP Hồ Chí Minh",52,,,,,4,4,3,Have certificate,Other,5.75,2026
"281/19 khuông việt , Phường Tân Phú, TP Hồ Chí Minh",60,,,Tây,,2,5,3,Have certificate,,5.8,2026
"Tân Thới Nhất, Phường Đông Hưng Thuận, TP Hồ Chí Minh",120,,,,,2,10,6,Have certificate,,8.9,2026
"Đường Gò Ô Môi, Phường Phú Thuận, TP Hồ Chí Minh",57,,,,,3,4,,Have certificate,,8.6,2026
"Đường Bông Sao, Phường Chánh Hưng, TP Hồ Chí Minh",63,,,,,4,4,4,Have certificate,,9,2026
"Hẻm 334 Lê Quang Định, Phường Bình Lợi Trung, TP Hồ Chí Minh",22,,,,,3,3,3,Have certificate,Basic,3.65,2026
"1/6C, Xã Bà Điểm, TP Hồ Chí Minh",92,,,Đông Bắc,,1,2,1,Shared certificate,Basic,1.25,2026
"Đường Liên khu 4-5, Phường Bình Tân, TP Hồ Chí Minh",82,,,,,4,4,5,,,6.8,2026
"Đường Huỳnh Khương An, Phường An Nhơn, TP Hồ Chí Minh",31,,,,,4,4,3,Have certificate,Full,5.6,2026
"Đường Nguyễn Súy, Phường Tân Sơn Nhì, TP Hồ Chí Minh",50.4,,,Đông,,4,4,4,Have certificate,Other,7.5,2026
"Đường Phan Huy Ích, Phường An Hội Tây, TP Hồ Chí Minh",36,,,,,,3,,Have certificate,,4.5,2026
"Đường Trần Xuân Soạn, Phường Tân Hưng, TP Hồ Chí Minh",35,,,,,,3,4,Have certificate,,6.2,2026
"Đường Huỳnh Tấn Phát, Xã Nhà Bè, TP Hồ Chí Minh",18,,,,,3,2,3,Have certificate,Other,1.39,2026
"Đường Lê Quang Định, Phường Bình Thạnh, TP Hồ Chí Minh",62,,,,,3,3,3,Have certificate,,6.5,2026
"Đường Lê Văn Khương, Phường Thới An, TP Hồ Chí Minh",57,,,,,,4,5,Have certificate,Other,7.25,2026
"Đường số 2, Phường Hiệp Bình, TP Hồ Chí Minh",15,,,,,2,1,1,Shared certificate,Basic,690,2026
"Đường Hòa Bình, Phường Phú Thạnh, TP Hồ Chí Minh",56.2,,,,,2,2,1,Have certificate,Basic,6.2,2026
"PB279, Phường Tăng Nhơn Phú, TP Hồ Chí Minh",72,,,,,,4,,Have certificate,,7,2026
"Đường Nguyễn Cửu Vân, Phường Gia Định, TP Hồ Chí Minh",34,,,,,,2,,Have certificate,,5.65,2026
"Đỗ Xuân Hợp, Phường Phước Long, TP Hồ Chí Minh",93,,,,,,4,4,Have certificate,,7,2026
"5, Phường Tăng Nhơn Phú, TP Hồ Chí Minh",90,,,,,,4,4,Have certificate,,6,2026
"Đường Man Thiện, Phường Tăng Nhơn Phú, TP Hồ Chí Minh",85,,,,,,2,,Have certificate,,5,2026
"Đường Tây Thạnh, Phường Tây Thạnh, TP Hồ Chí Minh",24,,,,,2,2,2,,,2.59,2026
"Đình Phong Phú, Phường Tăng Nhơn Phú, TP Hồ Chí Minh",90,,,,,,4,,Have certificate,,5,2026
"Đường Lã Xuân Oai, Phường Tăng Nhơn Phú, TP Hồ Chí Minh",58,,,,,4,4,3,Have certificate,Full,6,2026
"Đường Trần Bá Giao, Phường An Nhơn, TP Hồ Chí Minh",40,,,,,4,4,5,Have certificate,Other,6.6,2026
"Tây Hòa, Phường Phước Long, TP Hồ Chí Minh",95,,,,,,2,1,Have certificate,,5,2026
"Đường Tăng Nhơn Phú, Phường Tăng Nhơn Phú, TP Hồ Chí Minh",75,,,,,4,5,,Have certificate,,7,2026
"PB275, Phường Phước Long, TP Hồ Chí Minh",80,,,,,,4,,Have certificate,,6,2026
"Đường Tân Hòa Đông, Phường Bình Trị Đông, TP Hồ Chí Minh",90,,,,,3,4,4,Have certificate,,7.9,2026
"Đường Số 475, Phường Phước Long, TP Hồ Chí Minh",62,,,,,2,3,,Have certificate,,5,2026
"Tăng Nhơn Phú, Phường Tăng Nhơn Phú, TP Hồ Chí Minh",90,,,,,,4,4,Have certificate,,6,2026
"ĐƯỜNG TRỊNH NHƯ KHUÊ, Xã Bình Chánh, TP Hồ Chí Minh",85,,,,,1,2,2,Have certificate,Full,950,2026
"Đường Thạnh Lộc 19, Phường An Phú Đông, TP Hồ Chí Minh",38,,,,,,3,2,Shared certificate,,1.38,2026
"Đường Đông Hưng Thuận 2, Phường Đông Hưng Thuận, TP Hồ Chí Minh",60,,,,,4,4,3,Have certificate,,6.8,2026
"Đường Nguyễn Văn Quá, Phường Đông Hưng Thuận, TP Hồ Chí Minh",96,,,,,,4,,Have certificate,Full,5.7,2026
"Đường Huỳnh Tấn Phát, Phường Phú Thuận, TP Hồ Chí Minh",46,,,,,4,4,4,Have certificate,Basic,5.99,2026
"Đường Vòng xoay Phú Lâm, Phường Phú Lâm, TP Hồ Chí Minh",20,,,,,,1,,,,1.55,2026
"Đường Thống Nhất, Phường An Hội Đông, TP Hồ Chí Minh",64,,,,,,4,5,Have certificate,,9.5,2026
"Đường Nguyễn Lộ Trạch, Phường Tân Sơn Nhì, TP Hồ Chí Minh",83,,,Đông,,2,3,2,Have certificate,,7.1,2026
"Đường Liên khu 4-5, Phường Bình Tân, TP Hồ Chí Minh",63,,,,,4,4,5,Have certificate,Full,6,2026
"Đỗ thừa luông, Phường Tân Sơn Nhì, TP Hồ Chí Minh",66,,,,,4,4,5,Have certificate,,8.5,2026
"Đường Tôn Đản, Phường Khánh Hội, TP Hồ Chí Minh",54,,,,,,3,,,,9.25,2026
"Đường Điện Biên Phủ, Phường Thạnh Mỹ Tây, TP Hồ Chí Minh",40,,,Đông Nam,,3,4,5,Have certificate,Other,7.95,2026
"Đường Nguyễn Văn Dung, Phường An Nhơn, TP Hồ Chí Minh",65,,,,,,4,,Have certificate,,8.9,2026
"Đường Phạm Văn Chiêu, Phường An Hội Tây, TP Hồ Chí Minh",80,,,,,4,4,5,Have certificate,,9.4,2026
"Hoà Bình, Phường Tân Phú, TP Hồ Chí Minh",35.3,,,,,3,3,3,Have certificate,,6.2,2026
"343/51, Phường Phú Thạnh, TP Hồ Chí Minh",41,,,Bắc,,2,2,2,Have certificate,,4.25,2026
"Mễ Cốc, Phường Phú Định, TP Hồ Chí Minh",13,,,,,2,1,1,Have certificate,,1.85,2026
"Hẻm 1/, Phường Bình Trị Đông, TP Hồ Chí Minh",80,,,,,5,4,6,Have certificate,Other,9.199,2026
"Đường Nguyễn Hữu Tiến, Phường Tây Thạnh, TP Hồ Chí Minh",75,,,,,2,4,,Have certificate,,7.5,2026
"Đường số 7, Phường An Lạc, TP Hồ Chí Minh",70,,,Đông,,4,4,4,Have certificate,,8.9,2026
"Đường Quang Trung, Phường Gò Vấp, TP Hồ Chí Minh",42,,,Đông Nam,,4,4,5,Have certificate,Full,6.5,2026
"BÌNH THÀNH, Phường Bình Tân, TP Hồ Chí Minh",58,,,,,3,3,3,Have certificate,Full,5.1,2026
"Đường Vườn Lài, Phường Phú Thọ Hòa, TP Hồ Chí Minh",39,,,,,2,2,2,,,4.48,2026
"Đường Lê Văn Lương, Xã Nhà Bè, TP Hồ Chí Minh",32.5,,,Tây Bắc,,1,1,1,Shared certificate,Basic,1.2,2026
"Đường 43 -CL, Phường Cát Lái, TP Hồ Chí Minh",159,,,,,5,5,4,Have certificate,Full,19.9,2026
"145/8, Phường Tân Sơn, TP Hồ Chí Minh",90.52,,,Tây Nam,,2,2,,Have certificate,,6.255,2026
"Đường Bàu Cát, Phường Tân Bình, TP Hồ Chí Minh",117,,,,,3,3,4,Have certificate,Full,23.99,2026
"105/46, Phường An Hội Tây, TP Hồ Chí Minh",48,,,Tây,,2,2,2,Have certificate,Other,5.7,2026
"Đường Tân Kỳ Tân Quý, Phường Tân Sơn Nhì, TP Hồ Chí Minh",24,,,,,2,2,2,Have certificate,,3.1,2026
"Đường Lê Văn Lương, Xã Nhà Bè, TP Hồ Chí Minh",30,,,,,2,2,2,Have certificate,Basic,1.39,2026
"Đường số 42, Phường Hiệp Bình, TP Hồ Chí Minh",70,,,,,,1,2,Have certificate,Basic,7.5,2026
"Đường số 1B, Phường An Lạc, TP Hồ Chí Minh",60,,,,,4,4,4,Have certificate,,9.3,2026
"Đường Đỗ Công Tường, Phường Tân Sơn Nhì, TP Hồ Chí Minh",50,,,,,,2,,Have certificate,,5.799,2026
"Đường số 8, Phường Thông Tây Hội, TP Hồ Chí Minh",62.46,,,Tây,,3,5,5,Have certificate,Basic,8.8,2026
"Đường Quang Trung, Phường Thông Tây Hội, TP Hồ Chí Minh",34,,,,,4,3,3,Have certificate,Other,6.3,2026
"Đường Bùi Minh Trực, Phường Chánh Hưng, TP Hồ Chí Minh",60,,,,,5,4,4,Have certificate,,7.68,2026
"Đường Số 14, Phường Bình Hưng Hòa, TP Hồ Chí Minh",44,,,,,5,5,3,Have certificate,,6.5,2026
"Đường Huỳnh Tấn Phát, Phường Tân Thuận, TP Hồ Chí Minh",38,,,,,1,2,1,Have certificate,,4.3,2026
"Đường Đông Hưng Thuận 2, Phường Đông Hưng Thuận, TP Hồ Chí Minh",85,,,,,2,2,3,Have certificate,,5.1,2026
"Đường Số 45, Phường Tân Hưng, TP Hồ Chí Minh",134.8,,,Bắc,,4,4,,Have certificate,,23.9,2026
"Đường Trần Xuân Soạn, Phường Tân Hưng, TP Hồ Chí Minh",32,,,,,,2,,Have certificate,,3.6,2026
"Đường Phạm Văn Chiêu, Phường An Hội Tây, TP Hồ Chí Minh",50,,,,,,2,2,Have certificate,,4.95,2026
"Đường Quang Trung, Phường Thông Tây Hội, TP Hồ Chí Minh",50,,,Bắc,,2,4,3,Have certificate,Basic,5.6,2026
"Đường Tây Thạnh, Phường Tây Thạnh, TP Hồ Chí Minh",64,,,,,3,3,,Have certificate,,7.1,2026
"Đường Lê Văn Lương, Xã Nhà Bè, TP Hồ Chí Minh",44,,,Đông Bắc,,2,2,2,Have certificate,Other,3.6,2026
"Đường Vườn Lài, Phường Phú Thọ Hòa, TP Hồ Chí Minh",34,,,Tây,,,2,2,,,4.55,2026
"Đường Bông Sao, Phường Chánh Hưng, TP Hồ Chí Minh",63,,,,,4,5,5,Have certificate,,5.8,2026
"Đỗ Nhuận, Phường Tân Sơn Nhì, TP Hồ Chí Minh",54,,,Tây,,4,5,5,Have certificate,Full,12.8,2026
"Đường Nguyễn Văn Quá, Phường Đông Hưng Thuận, TP Hồ Chí Minh",72.8,,,,,2,3,2,Have certificate,Full,3.5,2026
"Đường số 19E, Phường An Lạc, TP Hồ Chí Minh",68,,,,,4,4,5,Have certificate,,9.7,2026
"Đường Liên khu 4-5, Phường Bình Tân, TP Hồ Chí Minh",102,,,Tây,,4,6,5,Have certificate,Basic,7.2,2026
"Đường Quốc lộ 1, Phường Đông Hưng Thuận, TP Hồ Chí Minh",72,,,Tây Nam,,2,5,2,Have certificate,Basic,3.5,2026
"Đường Thạnh Xuân 25, Phường Thới An, TP Hồ Chí Minh",60,,,,,,4,6,Have certificate,Other,7.15,2026
"Đường Nguyễn Duy Dương, Phường Vườn Lài, TP Hồ Chí Minh",56,,,,,4,4,4,Have certificate,Full,8.8,2026
"Đường Huỳnh Tấn Phát, Xã Nhà Bè, TP Hồ Chí Minh",25,,,,,3,4,2,Shared certificate,Full,1.58,2026
"700/2e, Phường Bình Trị Đông, TP Hồ Chí Minh",54,,,,,4,4,4,Have certificate,,7.3,2026
"Đường Thích Quảng Đức, Phường Đức Nhuận, TP Hồ Chí Minh",42,,,,,3,3,4,Have certificate,,7.55,2026
"Đường Mã Lò, Phường Bình Hưng Hòa, TP Hồ Chí Minh",48,,,,,2,2,2,Have certificate,Basic,4.8,2026
"Đường Tây Thạnh, Phường Tây Thạnh, TP Hồ Chí Minh",26,,,,,2,2,2,Have certificate,,2.55,2026
"Đường Bùi Quang Là, Phường An Hội Tây, TP Hồ Chí Minh",44,,,Đông Nam,,5,5,3,Have certificate,,5.7,2026
"Đường Tân Chánh Hiệp 25, Phường Trung Mỹ Tây, TP Hồ Chí Minh",62,,,,,,4,6,Have certificate,Other,7.89,2026
"Trần Mai Ninh, Phường Bảy Hiền, TP Hồ Chí Minh",65,,,,,,3,,Have certificate,,6.7,2026
"49/, Phường Thạnh Mỹ Tây, TP Hồ Chí Minh",25.5,,,,,2,2,2,Have certificate,Full,4.75,2026
"Đường số 3, Phường Tân Tạo, TP Hồ Chí Minh",100,,,Đông Bắc,,3,8,5,Have certificate,Basic,6.3,2026
"Đường Tân Thới Nhất 6, Phường Đông Hưng Thuận, TP Hồ Chí Minh",200,,,,,3,3,3,,,11.99,2026
"Đường số 3B, Phường Bình Hưng Hòa, TP Hồ Chí Minh",58.3,,,Đông,,3,4,3,Have certificate,Other,6.35,2026
"Đường Quang Trung, Phường An Hội Tây, TP Hồ Chí Minh",60,,,,,4,4,4,Have certificate,Other,7.45,2026
"Đường Hoàng Hoa Thám, Phường Bình Lợi Trung, TP Hồ Chí Minh",35,,,,,5,3,4,Have certificate,,6.8,2026
"Đường Điện Biên Phủ, Phường Gia Định, TP Hồ Chí Minh",75,,,,,1,5,2,Have certificate,Full,8,2026
"Lê Văn Sỹ, Phường Phú Nhuận, TP Hồ Chí Minh",74,,,,,,6,,,Basic,14,2026
"Đường Trần Xuân Soạn, Phường Tân Hưng, TP Hồ Chí Minh",33,,,,,2,2,2,Have certificate,,3.7,2026
"Đường Bùi Công Trừng, Xã Đông Thạnh, TP Hồ Chí Minh",102,,,,,,2,,Have certificate,,3.3,2026
"Đường Tăng Nhơn Phú, Phường Phước Long, TP Hồ Chí Minh",72,,,,,2,4,4,Have certificate,Basic,6.2,2026
"Đường Lê Đình Thám, Phường Tân Sơn Nhì, TP Hồ Chí Minh",48,,,,,1,1,1,Have certificate,,4.65,2026
"Lạc Long Quân, Phường Bảy Hiền, TP Hồ Chí Minh",60,,,,,3,6,6,Have certificate,,6.78,2026
"Đường Bông Sao, Phường Chánh Hưng, TP Hồ Chí Minh",62,,,,,2,3,1,Have certificate,,4.75,2026
"Đường Phan Văn Trị, Phường Bình Lợi Trung, TP Hồ Chí Minh",33,,,,,2,3,3,Have certificate,Other,6.97,2026
"Cầu Xéo, Phường Tân Sơn Nhì, TP Hồ Chí Minh",65,,,,,2,3,3,Have certificate,Full,7,2026
"Đường 30, Phường An Lạc, TP Hồ Chí Minh",100,,,Tây,,4,4,5,Have certificate,Basic,18,2026
"Đường Cách Mạng, Phường Phú Thọ Hòa, TP Hồ Chí Minh",93,,,,,2,8,,Have certificate,Basic,7.59,2026
"Đường Lạc Long Quân, Phường Bảy Hiền, TP Hồ Chí Minh",57.5,,,,,2,3,2,Have certificate,Full,5.2,2026
"ĐỖ CÔNG tường, Phường Tân Sơn Nhì, TP Hồ Chí Minh",48,,,,,3,4,,Have certificate,,7.5,2026
"Đường Dương Văn An, Phường Bình Trưng, TP Hồ Chí Minh",200,,,,,,4,4,Have certificate,Full,72,2026
"Đường C1, Phường Tân Bình, TP Hồ Chí Minh",98,,,,,1,7,,Have certificate,,14.5,2026
"Đường Ngô Y Linh, Phường An Lạc, TP Hồ Chí Minh",20,,,,,3,2,2,Have certificate,Basic,2.3,2026
"Đường Nguyễn Cửu Đàm, Phường Tân Sơn Nhì, TP Hồ Chí Minh",40,,,,,3,3,3,Have certificate,Full,5.2,2026
"Đường Phú Định, Phường Phú Định, TP Hồ Chí Minh",92,,,,,2,4,3,Have certificate,,6.7,2026
"26/41/43, Phường Tân Tạo, TP Hồ Chí Minh",56,,,,,,5,4,Have certificate,Basic,5,2026
"Đường Lê Văn Khương, Phường Tân Thới Hiệp, TP Hồ Chí Minh",52.2,,,Đông Bắc,,,1,1,Have certificate,,3.95,2026
"Đường Tân Chánh Hiệp 25, Phường Trung Mỹ Tây, TP Hồ Chí Minh",91,,,Đông Bắc,,4,4,4,Have certificate,Full,6.978,2026
"Đường Phan Huy Ích, Phường An Hội Tây, TP Hồ Chí Minh",56,,,Đông Nam,,1,2,2,Have certificate,Full,5.8,2026
"Đường Phú Định, Phường Phú Định, TP Hồ Chí Minh",80,,,,,3,5,4,Have certificate,,5.5,2026
"Đường Nguyễn Xí, Phường Bình Thạnh, TP Hồ Chí Minh",30,,,,,3,3,3,Have certificate,,5.98,2026
"Đường Chu Văn An, Phường Bình Thạnh, TP Hồ Chí Minh",40,,,,,3,3,3,Have certificate,Other,6,2026
"Đường Nguyễn Văn Trỗi, Phường Phú Nhuận, TP Hồ Chí Minh",36,,,,,,2,2,Have certificate,Full,5.5,2026
"Đường Tỉnh lộ 8, Phường Bình Cơ, TP Hồ Chí Minh",250,,,Đông Bắc,,3,3,3,Have certificate,Other,10.2,2026
"Đường Hưng Phú, Phường Chánh Hưng, TP Hồ Chí Minh",42.5,,,Nam,,5,4,3,Have certificate,Full,5.7,2026
"Đường Lê Văn Khương, Phường Thới An, TP Hồ Chí Minh",54,,,,,,5,5,Have certificate,Other,5.85,2026
"Đường Tân Thới Nhất 2, Phường Đông Hưng Thuận, TP Hồ Chí Minh",85.5,,,,,1,2,1,,,6.65,2026
"Đường Xóm Đất, Phường Bình Thới, TP Hồ Chí Minh",34,,,,,4,4,3,Have certificate,Other,5.98,2026
"Đường Bông Sao, Phường Chánh Hưng, TP Hồ Chí Minh",92,,,,,3,4,3,Have certificate,,6.7,2026
"Đường Phú Định, Phường Phú Định, TP Hồ Chí Minh",127,,,,,2,5,3,Have certificate,,5.5,2026
"Đường Gò Xoài, Phường Bình Hưng Hòa, TP Hồ Chí Minh",68,,,,,2,2,2,Have certificate,Basic,6.45,2026
"Đường Xô Viết Nghệ Tĩnh, Phường Thạnh Mỹ Tây, TP Hồ Chí Minh",36,,,,,2,3,2,Have certificate,,5.95,2026
", Phường Xóm Chiếu, TP Hồ Chí Minh",25,,,,,,2,3,Have certificate,,5.5,2026
"Đường Chu Văn An, Phường Bình Thạnh, TP Hồ Chí Minh",25,,,Đông,,2,2,2,Have certificate,Other,4.84,2026
"Đường Lê Văn Quới, Phường Bình Hưng Hòa, TP Hồ Chí Minh",46,,,,,,3,,Have certificate,Basic,4,2026
"Đường Cách Mạng Tháng 8, Phường Nhiêu Lộc, TP Hồ Chí Minh",57,,,,,2,4,,,,7.8,2026
"Lê quang định, Phường Hạnh Thông, TP Hồ Chí Minh",29,,,,,4,4,4,Have certificate,Full,8.75,2026
"Đường Liên khu 10-11, Phường Bình Trị Đông, TP Hồ Chí Minh",40,,,,,2,2,2,Have certificate,,4.75,2026
"Đường Lê Đình Cẩn, Phường Tân Tạo, TP Hồ Chí Minh",68,,,,,4,4,6,Have certificate,Other,7.6,2026
"Đường Huỳnh Tấn Phát, Phường Tân Thuận, TP Hồ Chí Minh",42.1,,,,,,3,3,Have certificate,,5,2026
"Đường Phạm Phú Thứ, Phường Bảy Hiền, TP Hồ Chí Minh",32,,,,,,2,2,,,6.9,2026
"Đường số 11, Phường Bình Hưng Hòa, TP Hồ Chí Minh",50,,,,,4,4,5,Have certificate,,6.2,2026
"Đường Bùi Thị Xuân, Phường Bến Thành, TP Hồ Chí Minh",30,,,,,,2,,,,8.5,2026
"Đường Quốc lộ 13, Phường Hiệp Bình, TP Hồ Chí Minh",58.2,,,Tây Bắc,,4,4,5,Have certificate,Full,8.5,2026
"Đường Xuân Thới Thượng 53, Xã Bà Điểm, TP Hồ Chí Minh",79.9,,,Đông Bắc,,,1,1,Shared certificate,,2.2,2026
"Đường Khuông Việt, Phường Phú Thạnh, TP Hồ Chí Minh",145,,,Đông Nam,,2,3,2,Have certificate,Basic,16,2026
"Đường Nguyễn Thần Hiến, Phường Xóm Chiếu, TP Hồ Chí Minh",29.8,,,Đông Bắc,,3,3,3,Have certificate,Basic,4.5,2026
"51, Phường An Hội Tây, TP Hồ Chí Minh",40,,,Đông Bắc,,4,5,3,Have certificate,Other,5.6,2026
"Đường Vườn Lài, Phường An Phú Đông, TP Hồ Chí Minh",100,,,,,,2,,Have certificate,,3.1,2026
"270/, Phường An Hội Tây, TP Hồ Chí Minh",49.6,,,,,2,2,3,Have certificate,,4.4,2026
"Hẻm 218 Bùi Văn Ngữ, Phường Tân Thới Hiệp, TP Hồ Chí Minh",21.5,,,,,3,3,3,Shared certificate,Basic,1.35,2026
"Đường Tân Sơn Nhì, Phường Tân Sơn Nhì, TP Hồ Chí Minh",68,,,,,2,3,3,Have certificate,Other,7,2026
"44/10, Xã Nhà Bè, TP Hồ Chí Minh",100,,,Đông,,,6,,Have certificate,,5.1,2026
"Đường Lý Thái Tổ, Phường Bàn Cờ, TP Hồ Chí Minh",18,,,,,,4,,,,5.5,2026
"Đường Phú Định, Phường Phú Định, TP Hồ Chí Minh",72,,,,,3,3,2,Have certificate,,6.6,2026
"Đường Đoàn Văn Bơ, Phường Khánh Hội, TP Hồ Chí Minh",15.5,,,Tây Bắc,,2,2,1,Have certificate,Basic,2.65,2026
"Tân Chánh Hiệp 10, Phường Trung Mỹ Tây, TP Hồ Chí Minh",102,,,,,,4,5,Have certificate,Other,8.6,2026
"Đường Tôn Đản, Phường Khánh Hội, TP Hồ Chí Minh",33.6,,,,,,4,3,,,5.2,2026
"Đường Trịnh Thị Dối, Xã Đông Thạnh, TP Hồ Chí Minh",101,,,,,2,3,3,Have certificate,Full,4.39,2026
"Bình Trưng Tây, Phường Bình Trưng, TP Hồ Chí Minh",53,,,,,3,3,3,Have certificate,,5.7,2026
"LK56, Phường Bình Tân, TP Hồ Chí Minh",72,,,,,4,4,5,Have certificate,Other,5,2026
"124/, Phường Thạnh Mỹ Tây, TP Hồ Chí Minh",22,,,,,3,3,3,Have certificate,,4.7,2026
"Đường Nguyễn Xiển – Long Phước, Phường Long Bình, TP Hồ Chí Minh",60,,,,,2,2,2,Have certificate,,3.9,2026
"Đường Quang Trung, Phường Thông Tây Hội, TP Hồ Chí Minh",250,,,,,,10,6,Have certificate,,29,2026
"Đường Hiệp Thành 13, Phường Tân Thới Hiệp, TP Hồ Chí Minh",60,,,,,2,3,2,Have certificate,Other,4.15,2026
"Đường Quốc lộ 13, Phường Hiệp Bình, TP Hồ Chí Minh",130,,,,,1,1,1,Have certificate,Basic,9.8,2026
"Đường Đình Phong Phú, Phường Tăng Nhơn Phú, TP Hồ Chí Minh",65,,,,,2,3,3,Have certificate,Other,3,2026
"Đường Tân Sơn Nhì, Phường Tân Sơn Nhì, TP Hồ Chí Minh",56,,,,,4,4,5,,Full,8,2026
"Đường Đặng Thùy Trâm, Phường Bình Lợi Trung, TP Hồ Chí Minh",80,,,,,,2,2,Have certificate,Full,8.7,2026
"Đường Nguyễn Sỹ Sách, Phường Tân Sơn, TP Hồ Chí Minh",37,,,,,1,2,2,,,3.8,2026
"Hàn Hải Nguyên, Phường Minh Phụng, TP Hồ Chí Minh",38,,,,,5,5,4,Have certificate,Full,12.5,2026
"Đường Xô Viết Nghệ Tĩnh, Phường Thạnh Mỹ Tây, TP Hồ Chí Minh",30,,,,,2,2,2,Have certificate,Other,4.68,2026
"Trường Thọ, Phường Thủ Đức, TP Hồ Chí Minh",49.4,,,,,,3,2,,,4.6,2026
"Hẻm 226 Lê Trọng Tấn, Phường Tây Thạnh, TP Hồ Chí Minh",103,,,,,,1,,Have certificate,,8,2026
"Đường Tôn Thất Thuyết, Phường Vĩnh Hội, TP Hồ Chí Minh",24.4,,,Đông Nam,,3,2,2,Have certificate,Basic,3.5,2026
"Đường Nguyễn Duy Cung, Phường An Hội Tây, TP Hồ Chí Minh",68,,,,,2,4,,,,4.85,2026
"Đường 21, Phường Phước Long, TP Hồ Chí Minh",75,,,,,,3,,,,5.4,2026
"316/13, Phường Tân Phú, TP Hồ Chí Minh",64,,,,,4,4,4,Have certificate,Full,12.8,2026
"Đường Nguyễn Thượng Hiền, Phường Hạnh Thông, TP Hồ Chí Minh",87,,,,,2,3,4,Have certificate,Basic,6.9,2026
"Đường 4B, Xã Hưng Long, TP Hồ Chí Minh",86.4,,,,,,1,2,Shared certificate,,1.3,2026
"Đường Thống Nhất, Phường An Hội Đông, TP Hồ Chí Minh",44,,,,,1,1,2,Have certificate,,4.4,2026
"Đường Đoàn Văn Bơ, Phường Khánh Hội, TP Hồ Chí Minh",49,,,,,4,4,3,Have certificate,,6.3,2026
"77/33, Phường Gò Vấp, TP Hồ Chí Minh",30,,,Đông Bắc,,2,3,2,Have certificate,Other,4.85,2026
"Đường Bình Long, Phường Bình Hưng Hòa, TP Hồ Chí Minh",51,,,,,,3,,Have certificate,,4,2026
"Đường Số 77, Phường Tân Hưng, TP Hồ Chí Minh",57.6,,,Nam,,3,4,3,Have certificate,Basic,6.2,2026
"Đường Cao Lỗ, Phường Chánh Hưng, TP Hồ Chí Minh",63,,,Đông Nam,,,5,3,Have certificate,,13.5,2026
"Đường Nguyễn Ảnh Thủ, Phường Tân Thới Hiệp, TP Hồ Chí Minh",52,,,,,4,5,5,Have certificate,Other,5.9,2026
"Đường Đông Hưng Thuận 9, Phường Đông Hưng Thuận, TP Hồ Chí Minh",260,,,,,2,2,2,,,21,2026
"Đường Bùi Văn Ba, Phường Tân Thuận, TP Hồ Chí Minh",75,,,Tây,,2,5,5,Have certificate,Other,6.5,2026
"Đường Đoàn Văn Bơ, Phường Khánh Hội, TP Hồ Chí Minh",49.1,,,,,,4,,,,6.3,2026
"Đường Đoàn Văn Bơ, Phường Khánh Hội, TP Hồ Chí Minh",39,,,Đông Nam,,2,3,3,Have certificate,Basic,4.95,2026
"Đường Cách Mạng Tháng Tám, Phường Nhiêu Lộc, TP Hồ Chí Minh",36,,,,,5,3,4,Have certificate,Full,8.9,2026
"Tx22, Phường Thới An, TP Hồ Chí Minh",60,,,,,,3,,Have certificate,,4.65,2026
"Đường Lê Văn Việt, Phường Tăng Nhơn Phú, TP Hồ Chí Minh",43,,,,,2,2,2,Have certificate,,3.95,2026
"Đường Đoàn Văn Bơ, Phường Khánh Hội, TP Hồ Chí Minh",39,,,Đông Nam,,2,3,3,Have certificate,Basic,4.95,2026
"Đường Cách Mạng Tháng 8, Phường Nhiêu Lộc, TP Hồ Chí Minh",27,,,,,3,2,2,Have certificate,Basic,5.2,2026
"Cách Mạng Tháng 8, Phường Hòa Hưng, TP Hồ Chí Minh",38,,,,,6,7,6,Have certificate,Basic,7.5,2026
"Đường Bùi Quang Là, Phường An Hội Tây, TP Hồ Chí Minh",66,,,Đông Bắc,,2,3,4,,,6.95,2026
"Đường Cách Mạng Tháng Tám, Phường Nhiêu Lộc, TP Hồ Chí Minh",36,,,,,5,3,4,Have certificate,Full,8.9,2026
"Đường Đoàn Văn Bơ, Phường Khánh Hội, TP Hồ Chí Minh",23.5,,,Tây Nam,,2,2,2,Have certificate,Basic,3.68,2026
"Đường Tô Hiệu, Phường Phú Thạnh, TP Hồ Chí Minh",54,,,,,4,3,4,,Other,7,2026
"Đường Đoàn Văn Bơ, Phường Khánh Hội, TP Hồ Chí Minh",49,,,,,4,4,3,Have certificate,,6.3,2026
"Đường Đình Phong Phú, Phường Tăng Nhơn Phú, TP Hồ Chí Minh",43,,,,,,3,,,,3.4,2026
"Đường Huỳnh Tấn Phát, Phường Phú Thuận, TP Hồ Chí Minh",46,,,,,4,4,4,Have certificate,Other,5.99,2026
"54, Phường An Lạc, TP Hồ Chí Minh",72,,,,,,4,3,Have certificate,,9.7,2026
"Đường Nguyễn Ảnh Thủ, Phường Tân Thới Hiệp, TP Hồ Chí Minh",52,,,,,4,5,5,Have certificate,Other,5.9,2026
"Đường Miếu Gò Xoài, Phường Bình Hưng Hòa, TP Hồ Chí Minh",60,,,,,4,3,4,Have certificate,Other,6.5,2026
"Đường Cách Mạng Tháng 8, Phường Hòa Hưng, TP Hồ Chí Minh",24,,,,,3,2,3,Have certificate,Basic,5.5,2026
"Đường Huỳnh Tấn Phát, Phường Phú Thuận, TP Hồ Chí Minh",46,,,,,4,4,4,Have certificate,,5.99,2026
"Đường Dương Bá Trạc, Phường Chánh Hưng, TP Hồ Chí Minh",26.8,,,,,2,4,3,Have certificate,Full,4.35,2026
"Đường Huỳnh Văn Nghệ, Phường An Hội Tây, TP Hồ Chí Minh",40,,,,,2,2,2,Have certificate,,4.98,2026
"54, Phường An Lạc, TP Hồ Chí Minh",72,,,,,,4,3,Have certificate,,9.7,2026
"Đường Linh Trung, Phường Linh Xuân, TP Hồ Chí Minh",51,,,,,3,3,,,,4.95,2026
"Đường Thạnh Lộc 16, Phường An Phú Đông, TP Hồ Chí Minh",56,,,,,,4,,Have certificate,,7.35,2026
"Đường Đình Phong Phú, Phường Tăng Nhơn Phú, TP Hồ Chí Minh",43,,,,,,3,,,,3.4,2026
"22, Phường Bình Phú, TP Hồ Chí Minh",72,,,,,,5,,Have certificate,,11.5,2026
"Đường Phan Anh, Phường Bình Trị Đông, TP Hồ Chí Minh",26,,,,,,3,,Have certificate,,2,2026
"Đường Đoàn Văn Bơ, Phường Khánh Hội, TP Hồ Chí Minh",24,,,,,4,2,3,Have certificate,,5.599,2026
"Phan Huy Ích, Phường An Hội Tây, TP Hồ Chí Minh",80,,,,,3,2,2,,,6.5,2026
"Đường Bùi Xuân Phái, Phường Tây Thạnh, TP Hồ Chí Minh",96,,,,,,6,6,Have certificate,,7.19,2026
"Tx22, Phường Thới An, TP Hồ Chí Minh",60,,,,,,3,,Have certificate,,4.65,2026
"Đường Lê Văn Việt, Phường Tăng Nhơn Phú, TP Hồ Chí Minh",43,,,,,2,2,2,Have certificate,,3.95,2026
"Đường Trần Bình Trọng, Phường Vườn Lài, TP Hồ Chí Minh",44.5,,,,,3,4,3,Have certificate,Full,8.49,2026
"Vườn Lài, Phường Phú Thọ Hòa, TP Hồ Chí Minh",78,,,Nam,,4,4,3,Have certificate,,6.5,2026
"Đường Nguyễn Thị Búp, Phường Tân Thới Hiệp, TP Hồ Chí Minh",90,,,Nam,,4,4,5,Have certificate,Full,9.45,2026
"C15/13N3, Xã Tân Nhựt, TP Hồ Chí Minh",118.8,,,Đông Bắc,,2,4,4,Have certificate,Basic,5.368,2026
"Đường 12, Phường Long Phước, TP Hồ Chí Minh",72,,,,,1,4,4,Have certificate,Basic,3.2,2026
"Đường Huỳnh Văn Nghệ, Phường An Hội Tây, TP Hồ Chí Minh",39,,,Tây Bắc,,3,3,4,Have certificate,,7.5,2026
"Đường Lê Quang Định, Phường Gia Định, TP Hồ Chí Minh",60,,,,,,4,,Have certificate,,9,2026
"Đường Ðiện Biên Phủ, Phường Vườn Lài, TP Hồ Chí Minh",60,,,,,2,3,3,Have certificate,,8.3,2026
"Đường Nguyễn Biểu, Phường Chợ Quán, TP Hồ Chí Minh",70,,,Tây Nam,,2,2,2,Have certificate,,9.5,2026
"3/2, Phường Vườn Lài, TP Hồ Chí Minh",50,,,,,6,7,6,Have certificate,,16.8,2026
"Hẻm 100 Dương Bá Trạc, Phường Chánh Hưng, TP Hồ Chí Minh",27,,,,,2,4,3,Have certificate,Full,4.35,2026
"363/38/10/6 Đất Mới, Phường Bình Trị Đông, TP Hồ Chí Minh",52,,,Bắc,,2,2,2,Have certificate,,5.35,2026
"Đường Man Thiện, Phường Tăng Nhơn Phú, TP Hồ Chí Minh",70,,,,,3,3,4,Have certificate,Full,7.9,2026
"Đường Thành Thái, Phường Diên Hồng, TP Hồ Chí Minh",35.7,,,,,4,4,4,Have certificate,,9,2026
"Đường Dạ Nam, Phường Chánh Hưng, TP Hồ Chí Minh",35,,,Đông Nam,,4,3,3,Have certificate,,6.4,2026
"Đường Âu Dương Lân, Phường Chánh Hưng, TP Hồ Chí Minh",18,,,Đông,,2,3,1,Have certificate,Full,3.18,2026
"lê thị hoa, Phường Hiệp Bình, TP Hồ Chí Minh",33,,,,,,3,,Have certificate,,3.1,2026
"Essensia Broadway, Xã Nhà Bè, TP Hồ Chí Minh",154,,,,,,4,5,,Other,36.65,2026
"Đường An Dương Vương, Phường Phú Định, TP Hồ Chí Minh",79,,,,,4,4,5,Have certificate,Basic,7,2026
"Đường Tám Danh, Phường Chánh Hưng, TP Hồ Chí Minh",50,,,,,5,6,5,Have certificate,Other,11,2026
"Đường Quốc Lộ 50, Phường Chánh Hưng, TP Hồ Chí Minh",15.2,,,Nam,,,1,1,Other,,1.19,2026
"413, Phường Bình Trị Đông, TP Hồ Chí Minh",52,,,Bắc,,2,3,3,Have certificate,Other,5.35,2026
"Đg.cmt8, Phường Tân Sơn Nhất, TP Hồ Chí Minh",25,,,Đông Nam,,3,2,2,Have certificate,Full,3.9,2026
"Đường Quang Trung, Phường Thông Tây Hội, TP Hồ Chí Minh",33.5,,,Nam,,4,3,3,Have certificate,Other,6.68,2026
"3/2, Phường Diên Hồng, TP Hồ Chí Minh",51,,,,,6,5,6,Have certificate,,12.9,2026
"Đường Nguyễn Cảnh Chân, Phường Cầu Ông Lãnh, TP Hồ Chí Minh",40,,,,,6,4,5,Have certificate,,12,2026
"Đường Bông Sao, Phường Chánh Hưng, TP Hồ Chí Minh",75,,,,,4,5,5,Have certificate,,10.3,2026
"Đường Huỳnh Tịnh Của, Phường Xuân Hòa, TP Hồ Chí Minh",35,,,,,5,3,4,Have certificate,,9.2,2026
"Đường Đoàn Văn Bơ, Phường Khánh Hội, TP Hồ Chí Minh",21,,,,,3,2,3,Have certificate,,4.5,2026
"Đường Huỳnh Tấn Phát, Xã Nhà Bè, TP Hồ Chí Minh",36,,,,,3,4,3,Have certificate,Basic,2.85,2026
"Đường Đoàn Nguyễn Tuấn, Xã Hưng Long, TP Hồ Chí Minh",86.7,,,,,,4,2,Have certificate,,1.5,2026
"Đường Phạm Thế Hiển, Phường Chánh Hưng, TP Hồ Chí Minh",76,,,,,2,3,1,Have certificate,,7.15,2026
"Đường Cao Lỗ, Phường Chánh Hưng, TP Hồ Chí Minh",100,,,,,,6,,Have certificate,,12.5,2026
"Đường Thạnh Xuân 25, Phường Thới An, TP Hồ Chí Minh",60,,,Đông Bắc,,5,4,5,Have certificate,Other,6.85,2026
"Đường Huỳnh Tấn Phát, Phường Phú Thuận, TP Hồ Chí Minh",52,,,,,,4,5,Have certificate,,7.29,2026
"Đường Đoàn Văn Bơ, Phường Xóm Chiếu, TP Hồ Chí Minh",21,,,,,3,2,2,Have certificate,,3.55,2026
"Đường Hạnh Thông, Phường Hạnh Thông, TP Hồ Chí Minh",26,,,,,4,3,4,Have certificate,Full,4.89,2026
"Đường Hạnh Thông, Phường Hạnh Thông, TP Hồ Chí Minh",26,,,,,4,3,4,Have certificate,Full,4.89,2026
"Đường Quang Trung, Phường Thông Tây Hội, TP Hồ Chí Minh",33.5,,,Nam,,4,3,3,Have certificate,Other,6.68,2026
"Đường Phạm Hữu Lầu, Phường Tân Mỹ, TP Hồ Chí Minh",35,,,,,,4,,,,2.36,2026
"Đường số 275, Phường Tăng Nhơn Phú, TP Hồ Chí Minh",64,,,,,,2,,Have certificate,,4.85,2026
"Đường Tân Hòa 2, Phường Tăng Nhơn Phú, TP Hồ Chí Minh",56,,,,,,4,,Have certificate,,5.95,2026
"Đường Lạc Long Quân, Phường Bảy Hiền, TP Hồ Chí Minh",60,,,,,3,4,4,Have certificate,,6.95,2026
"Đường Lê Văn Linh, Phường Xóm Chiếu, TP Hồ Chí Minh",31.7,,,,,,2,3,,,5.2,2026
"Xuân Thới Sơn 19, Xã Xuân Thới Sơn, TP Hồ Chí Minh",100,,,Đông Nam,,1,3,2,Have certificate,Basic,3.95,2026
"Đường Thạnh Xuân 14, Phường Thới An, TP Hồ Chí Minh",96.2,,,Bắc,,2,3,2,Have certificate,,3.8,2026
"Đường Lê Văn Sỹ, Phường Tân Sơn Hòa, TP Hồ Chí Minh",66,,,,,,6,,,,11.2,2026
"Điện Biên Phủ, Phường Thạnh Mỹ Tây, TP Hồ Chí Minh",60,,,,,,4,,Have certificate,,8.99,2026
"Đường Hồ Văn Long, Phường Bình Tân, TP Hồ Chí Minh",25,,,Tây Bắc,,4,4,4,Have certificate,Full,2.88,2026
"zalo. 0767.735.313, Phường Bình Phú, TP Hồ Chí Minh",110,,,,,4,7,5,Have certificate,Other,18,2026
"Đường Nguyễn Ảnh Thủ, Phường Tân Thới Hiệp, TP Hồ Chí Minh",40,,,,,,2,,Have certificate,,3.65,2026
"Đường Nguyễn Duy Trinh, Phường Bình Trưng, TP Hồ Chí Minh",34,,,,,,3,,Have certificate,,3.5,2026
"Đường Số 8, Phường Bình Tân, TP Hồ Chí Minh",48,,,,,3,4,3,Have certificate,Other,5.3,2026
"Đường 9, Phường Long Phước, TP Hồ Chí Minh",80,,,,,2,3,4,Have certificate,Other,5.8,2026
"Đường Nguyễn Văn Lịch, Phường Linh Xuân, TP Hồ Chí Minh",84,,,,,1,3,,,,4.1,2026
"Đường Trần Xuân Soạn, Phường Tân Hưng, TP Hồ Chí Minh",57,,,,,3,4,2,Have certificate,,4.85,2026
"Đường Lê Văn Việt, Phường Tăng Nhơn Phú, TP Hồ Chí Minh",127.5,,,,,,10,6,Have certificate,Basic,8.6,2026
"H1225, Phường Chánh Hưng, TP Hồ Chí Minh",36.4,,,Bắc,,3,4,3,Have certificate,Full,5.75,2026
"Điện Biên Phủ, Phường Gia Định, TP Hồ Chí Minh",35,,,,,5,3,3,Have certificate,Other,7.5,2026
"Đường Thái Thị Giữ, Xã Bà Điểm, TP Hồ Chí Minh",92,,,,,2,3,2,Have certificate,Other,5.17,2026
"Đường An Phú Tây - Hưng Long, Xã Bình Chánh, TP Hồ Chí Minh",57.1,,,,,,3,,Have certificate,,800,2026
"Đường Tô Hiệu, Phường Phú Thạnh, TP Hồ Chí Minh",52,,,,,1,2,1,Have certificate,,4.95,2026
"Hẻm 803 Huỳnh Tấn Phát, Phường Phú Thuận, TP Hồ Chí Minh",84,,,,,,2,,Other,,2.5,2026
"Đường Hương Lộ 3, Phường Bình Hưng Hòa, TP Hồ Chí Minh",64,,,,,2,4,3,Have certificate,Full,5.9,2026
"Đường Tỉnh lộ 10, Phường Bình Trị Đông, TP Hồ Chí Minh",88,,,Bắc,,,1,1,Have certificate,Basic,6.5,2026
"Đường Đình Phong Phú, Phường Tăng Nhơn Phú, TP Hồ Chí Minh",54,,,,,2,2,2,Have certificate,Basic,4.8,2026
"Đường Lê Văn Lương, Xã Hiệp Phước, TP Hồ Chí Minh",42,,,,,,3,3,Have certificate,,1.59,2026
"Xa Lộ Hà Nội, Phường Thủ Đức, TP Hồ Chí Minh",140,,,,,,5,5,Have certificate,,9.876,2026
"Zalo 0767.745.313, Phường An Lạc, TP Hồ Chí Minh",55,,,,,4,5,5,Have certificate,Other,7.99,2026
"Đường Cộng Hoà, Phường Tân Sơn, TP Hồ Chí Minh",66,,,,,4,5,5,Have certificate,Full,8.5,2026
"HT17, Phường Tân Thới Hiệp, TP Hồ Chí Minh",92,,,,,,4,,Have certificate,,9.99,2026
"Điện Biên Phủ, Phường Thạnh Mỹ Tây, TP Hồ Chí Minh",72,,,,,,6,,Have certificate,,6.5,2026
"Đường Thạnh Lộc 15, Phường An Phú Đông, TP Hồ Chí Minh",48,,,,,,2,2,Have certificate,Other,4.58,2026
"Nhi Bình 19, Xã Đông Thạnh, TP Hồ Chí Minh",96,,,,,1,2,,Have certificate,,4.5,2026
"Đường Ba Tháng Hai, Phường Diên Hồng, TP Hồ Chí Minh",40,,,,,,4,4,Have certificate,,8,2026
"Đường Thạnh Lộc 15, Phường An Phú Đông, TP Hồ Chí Minh",48,,,,,,2,2,Have certificate,Other,4.58,2026
"Đường Số 5, Phường Bình Hưng Hòa, TP Hồ Chí Minh",40,,,,,3,4,3,Have certificate,,4.1,2026
"Đường Hương Lộ 3, Phường Bình Hưng Hòa, TP Hồ Chí Minh",64,,,,,2,4,3,Have certificate,Full,5.9,2026
"55/1, Phường Long Bình, TP Hồ Chí Minh",70,,,Tây Bắc,,1,2,2,Have certificate,,3.95,2026
"Đường số 4, Phường Thủ Đức, TP Hồ Chí Minh",110,,,Bắc,,1,4,1,Have certificate,Basic,10.5,2026
"Điện Biên Phủ, Phường Thạnh Mỹ Tây, TP Hồ Chí Minh",72,,,,,,6,,Have certificate,,6.5,2026
"Đường Lê Văn Lương, Xã Hiệp Phước, TP Hồ Chí Minh",42,,,,,,3,3,Have certificate,,1.59,2026
"Đường Tỉnh lộ 10, Phường Bình Trị Đông, TP Hồ Chí Minh",27,,,Đông,,2,2,,Have certificate,,3.45,2026
"Đường Trần Văn Ðang, Phường Nhiêu Lộc, TP Hồ Chí Minh",34,,,,,,4,3,Have certificate,,4.5,2026
"845/3E/1, Phường An Phú Đông, TP Hồ Chí Minh",42.2,,,,,,2,,Shared certificate,,1.2,2026
"Đường Đoàn Thị Điểm, Phường Cầu Kiệu, TP Hồ Chí Minh",56,,,Nam,,4,4,4,Have certificate,Full,11.5,2026
"Đường Bà Hạt, Phường Vườn Lài, TP Hồ Chí Minh",27.3,,,,,,2,3,Have certificate,Full,6.1,2026
"Đường Bình Đông, Phường Phú Định, TP Hồ Chí Minh",161.2,,,,,,1,1,Have certificate,,8.7,2026
"TTH21, Phường Tân Thới Hiệp, TP Hồ Chí Minh",44,,,,,,2,,Have certificate,,3.95,2026
"Đường Lê Văn Việt, Phường Tăng Nhơn Phú, TP Hồ Chí Minh",127.5,,,,,,10,6,Have certificate,Basic,8.6,2026
"Đường Tỉnh lộ 10, Phường Bình Trị Đông, TP Hồ Chí Minh",88,,,Bắc,,,1,1,Have certificate,Basic,6.5,2026
"Đường Khánh Hội, Phường Vĩnh Hội, TP Hồ Chí Minh",73.9,,,,,,4,,Have certificate,,12.99,2026
"Đường số 12, Phường Bình Hưng Hòa, TP Hồ Chí Minh",56,,,,,2,3,3,Have certificate,Other,5.75,2026
"Huỳnh Mẫn Đạt, Phường Thạnh Mỹ Tây, TP Hồ Chí Minh",41,,,,,,3,,Have certificate,,7.6,2026
"Hẻm 67 Nguyễn Thị Tú, Phường Bình Tân, TP Hồ Chí Minh",60,,,,,3,3,,Have certificate,Full,4.25,2026
"Đường Tôn Thất Thuyết, Phường Xóm Chiếu, TP Hồ Chí Minh",45,,,,,,4,,,,8.49,2026
"Đường Hiệp Thành 13, Phường Tân Thới Hiệp, TP Hồ Chí Minh",48,,,,,2,2,,Shared certificate,Full,2.55,2026
"Đường Man Thiện, Phường Tăng Nhơn Phú, TP Hồ Chí Minh",76,,,,,2,3,2,Have certificate,Basic,5.3,2026
"225/25, Phường Tam Bình, TP Hồ Chí Minh",112,,,,,,3,2,Have certificate,,6.5,2026
"Thạnh Lộc 28, Phường An Phú Đông, TP Hồ Chí Minh",36,,,,,,2,2,Have certificate,,3.75,2026
"2, Phường Linh Xuân, TP Hồ Chí Minh",52,,,Đông Bắc,,,3,3,,Full,4.15,2026
"Đường Lê Thúc Hoạch, Phường Tân Sơn Nhì, TP Hồ Chí Minh",14.4,,,Nam,,1,2,3,Other,Full,2.45,2026
"Đường Quốc Lộ 50, Phường Chánh Hưng, TP Hồ Chí Minh",21,,,,,1,2,1,Other,Basic,1.58,2026
"Đầu đường Nguyễn Phúc Chu, Phường Tân Sơn, TP Hồ Chí Minh",52,,,,,4,4,5,Have certificate,Full,5.1,2026
"Nguyễn Thị Ra, Xã Bà Điểm, TP Hồ Chí Minh",72,,,Bắc,,1,3,2,Have certificate,,3.93,2026
"Đường Mã Lò, Phường Bình Hưng Hòa, TP Hồ Chí Minh",48,,,,,3,3,2,Have certificate,Other,5.6,2026
"Đường Phạm Văn Hai, Phường Tân Sơn Hòa, TP Hồ Chí Minh",15,,,,,2,1,2,Have certificate,Other,2.3,2026
"Đường Lê Thúc Hoạch, Phường Tân Sơn Nhì, TP Hồ Chí Minh",14.4,,,Nam,,1,2,3,Other,Full,2.45,2026
"Đường Thạnh Lộc 29, Phường An Phú Đông, TP Hồ Chí Minh",30,,,,,,3,2,Shared certificate,,1.38,2026
"Đường 7 , Phường Phước Long, TP Hồ Chí Minh",86,,,Bắc,,1,2,1,Have certificate,Basic,11,2026
"Đường Liên Ấp 6-2, Xã Vĩnh Lộc, TP Hồ Chí Minh",52,,,,,1,3,2,Shared certificate,Full,1.57,2026
"Đường Nguyễn Thị Sóc, Xã Bà Điểm, TP Hồ Chí Minh",100,,,Đông Nam,,4,5,6,Have certificate,Other,6,2026
"Nb 7, Xã Đông Thạnh, TP Hồ Chí Minh",180,,,,,,2,,Have certificate,,5.8,2026
"Đường Đình Phong Phú, Phường Tăng Nhơn Phú, TP Hồ Chí Minh",82.4,,,,,3,5,5,Have certificate,,7.2,2026
"Đường Tôn Đản, Phường Khánh Hội, TP Hồ Chí Minh",50,,,,,,3,,Have certificate,,5.49,2026
"Đường Trần Văn Ðang, Phường Nhiêu Lộc, TP Hồ Chí Minh",40,,,,,2,3,2,Have certificate,,4.7,2026
"Đường Cù Lao, Phường Cầu Kiệu, TP Hồ Chí Minh",51,,,,,2,2,2,Have certificate,Full,9.5,2026
"Đất Mới, Phường Bình Trị Đông, TP Hồ Chí Minh",48,,,Đông,,2,2,2,Have certificate,Full,3.85,2026
"Đường Trương Thị Hoa, Phường Tân Thới Hiệp, TP Hồ Chí Minh",25,,,,,,2,,Shared certificate,,1.52,2026
"Xô Viết Nghệ Tĩnh, Phường Thạnh Mỹ Tây, TP Hồ Chí Minh",45,,,,,,3,,Have certificate,,4.8,2026
"Đường 3 Tháng 2, Phường Diên Hồng, TP Hồ Chí Minh",64,,,,,4,5,3,Have certificate,Full,13.5,2026
"zalo 0767.745.313, Phường An Lạc, TP Hồ Chí Minh",52,,,,,4,4,4,Have certificate,Other,8.79,2026
"Đường Trương Thị Hoa, Phường Tân Thới Hiệp, TP Hồ Chí Minh",56,,,,,,1,,Have certificate,,4.5,2026
"Đường Tân Mỹ, Phường Tân Thuận, TP Hồ Chí Minh",30,,,,,,2,2,Have certificate,,4.15,2026
"Đường Quốc Lộ 50, Phường Chánh Hưng, TP Hồ Chí Minh",60,,,,,1,3,2,Other,Basic,3.2,2026
"0976354353, Phường Hòa Bình, TP Hồ Chí Minh",51,,,,,4,5,6,Have certificate,,10.8,2026
"Đường Điện Biên Phủ, Phường Gia Định, TP Hồ Chí Minh",40,,,Nam,,2,2,,Have certificate,Full,5,2026
"Đường Nguyễn Thị Sóc, Xã Bà Điểm, TP Hồ Chí Minh",90,,,Đông Nam,,3,4,5,Have certificate,Other,6.96,2026
"Đường Trần Thị Điệu, Phường Phước Long, TP Hồ Chí Minh",66.5,,,,,,2,2,,,5.5,2026
"Đường Lê Quang Định, Phường Bình Lợi Trung, TP Hồ Chí Minh",39,,,,,2,2,2,Have certificate,Full,3.85,2026
"Đường Số 160, Phường Tăng Nhơn Phú, TP Hồ Chí Minh",58,,,,,4,4,3,Have certificate,Other,6.5,2026
"Đường Tây Hòa, Phường Phước Long, TP Hồ Chí Minh",70,,,,,4,4,3,Have certificate,Full,8.5,2026
"Đường Hương Lộ 2, Phường Bình Trị Đông, TP Hồ Chí Minh",64,,,Tây Bắc,,4,4,4,Have certificate,Full,6.5,2026
"Đường Đỗ Xuân Hợp, Phường Phước Long, TP Hồ Chí Minh",60,,,,,2,3,2,Have certificate,,5.3,2026
"109, Phường Linh Xuân, TP Hồ Chí Minh",39,,,Đông Nam,,2,2,2,Have certificate,Full,2.65,2026
"Bùi Đình Túy, Phường Bình Thạnh, TP Hồ Chí Minh",60,,,,,,4,,Have certificate,,10.28,2026
"Đường Lạc Long Quân, Phường Bảy Hiền, TP Hồ Chí Minh",40,,,,,2,2,2,Have certificate,Other,5,2026
"Đường Bùi Văn Ba, Phường Tân Thuận, TP Hồ Chí Minh",30,,,,,,2,3,Have certificate,Basic,4.8,2026
"Đường Võ Văn Vân, Xã Tân Vĩnh Lộc, TP Hồ Chí Minh",60,,,,,1,4,2,Shared certificate,Other,2.1,2026
"Đường Đỗ Xuân Hợp, Phường Phước Long, TP Hồ Chí Minh",45,,,,,3,4,5,Have certificate,Full,4.8,2026
"Đường Nguyễn Kiệm, Phường Đức Nhuận, TP Hồ Chí Minh",31,,,,,4,3,3,Have certificate,Full,6.85,2026
"3, Phường Linh Xuân, TP Hồ Chí Minh",51,,,Đông Nam,,4,3,3,Have certificate,Full,4.9,2026
"Đường Hoàng Hữu Nam, Phường Long Bình, TP Hồ Chí Minh",86,,,,,2,4,2,Have certificate,Full,4.3,2026
"Đường Tân Sơn Nhì, Phường Tân Sơn Nhì, TP Hồ Chí Minh",54,,,,,4,5,5,Have certificate,Other,8.3,2026
"Đường Đào Sư Tích, Xã Nhà Bè, TP Hồ Chí Minh",85,,,Đông Nam,,4,4,5,Have certificate,Full,9.3,2026
"Đường Trần Thị Điệu, Phường Phước Long, TP Hồ Chí Minh",66.5,,,,,,2,2,,,5.5,2026
"Đường Dương Quảng Hàm, Phường An Nhơn, TP Hồ Chí Minh",52,,,,,3,3,4,Have certificate,Other,14.3,2026
"Đường Lê Văn Quới, Phường Bình Hưng Hòa, TP Hồ Chí Minh",56,,,,,5,4,,Have certificate,Other,6,2026
"317/10 HT17, Phường Tân Thới Hiệp, TP Hồ Chí Minh",20,,,,,1,2,2,Shared certificate,Other,950,2026
"Đường Cộng Hòa, Phường Tân Bình, TP Hồ Chí Minh",61,,,,,2,3,2,Have certificate,,5.5,2026
"708/36 ..., Phường Minh Phụng, TP Hồ Chí Minh",186,,,Nam,,2,5,2,Have certificate,,25.5,2026
"Đường Số 14A, Phường Bình Hưng Hòa, TP Hồ Chí Minh",40,,,Bắc,,1,2,2,Have certificate,,4.5,2026
"Đường Võ Văn Vân, Xã Tân Vĩnh Lộc, TP Hồ Chí Minh",60,,,,,1,4,2,Shared certificate,Other,2.1,2026
"Đường Lê Văn Lương, Xã Nhà Bè, TP Hồ Chí Minh",95,,,Tây,,5,5,6,Have certificate,Other,12.5,2026
"Đường Quang Trung, Phường Thông Tây Hội, TP Hồ Chí Minh",34,,,Tây Nam,,3,4,3,Have certificate,Other,4.69,2026
"Nguyễn Cửu Vân, Phường Gia Định, TP Hồ Chí Minh",46,,,,,,3,,Have certificate,,6.99,2026
"Đường Tân Thới Nhất 1, Phường Đông Hưng Thuận, TP Hồ Chí Minh",63,,,,,3,3,3,Have certificate,,2.69,2026
"Đường Thạnh Lộc 16, Phường An Phú Đông, TP Hồ Chí Minh",100,,,,,5,5,4,Have certificate,,7.5,2026
"Lê Quang Định, Phường Bình Lợi Trung, TP Hồ Chí Minh",58,,,,,,4,,Have certificate,,5.39,2026
"Đường Xô Viết Nghệ Tĩnh, Phường Thạnh Mỹ Tây, TP Hồ Chí Minh",80,,,,,2,3,2,Have certificate,Full,6.8,2026
"0976/354/353, Phường Hòa Bình, TP Hồ Chí Minh",94,,,,,5,7,6,Have certificate,,16,2026
"Đường Tân Sơn Nhì, Phường Tân Sơn Nhì, TP Hồ Chí Minh",54,,,,,4,5,5,Have certificate,Other,8.3,2026
"3, Phường Linh Xuân, TP Hồ Chí Minh",51,,,Đông Nam,,4,3,3,Have certificate,Full,4.9,2026
"Lê Văn DUYỆT, Phường Gia Định, TP Hồ Chí Minh",58,,,,,,4,,Have certificate,,7.5,2026
"Đinh Bộ Lĩnh, Phường Bình Thạnh, TP Hồ Chí Minh",90,,,,,,6,,Have certificate,,8.3,2026
"Đường Hoàng Hoa Thám, Phường Đức Nhuận, TP Hồ Chí Minh",39,,,,,3,3,3,Have certificate,Other,7.45,2026
"Xô Viết Nghệ Tĩnh, Phường Thạnh Mỹ Tây, TP Hồ Chí Minh",55,,,,,,4,,Have certificate,,6.35,2026
"Hẻm 30 Lâm Văn Bền, Phường Tân Hưng, TP Hồ Chí Minh",17,,,Tây,,2,3,1,Have certificate,Full,2.15,2026
"Đường Bình Thới, Phường Bình Thới, TP Hồ Chí Minh",50,,,,,,6,,Have certificate,,8,2026
"Bạch Đằng, Phường Gia Định, TP Hồ Chí Minh",36,,,,,,3,,Have certificate,,5.45,2026
"Đường Nguyễn Trọng Tuyển, Phường Tân Sơn Hòa, TP Hồ Chí Minh",25,,,,,,2,,Have certificate,,4,2026
"Đường Gò Dầu, Phường Tân Sơn Nhì, TP Hồ Chí Minh",24,,,,,2,2,2,Have certificate,,2.47,2026
"Xô Viết Nghệ Tĩnh, Phường Thạnh Mỹ Tây, TP Hồ Chí Minh",53,,,,,,3,,Have certificate,,5.9,2026
"Vũ Tùng, Phường Gia Định, TP Hồ Chí Minh",82,,,,,,4,,Have certificate,,8.95,2026
"Đường Lê Văn Khương, Phường Thới An, TP Hồ Chí Minh",590,,,Tây,,,2,2,,,48.5,2026
"Đường Đào Sư Tích, Xã Nhà Bè, TP Hồ Chí Minh",85,,,,,4,4,5,Have certificate,Other,9.5,2026
"Đường Liên Khu 1-6, Phường Bình Trị Đông, TP Hồ Chí Minh",40,,,,,2,3,2,Have certificate,Full,4,2026
"Nguyễn Duy, Phường Gia Định, TP Hồ Chí Minh",86,,,,,,9,,Have certificate,,9.2,2026
"Phan Văn Trị, Phường Bình Thạnh, TP Hồ Chí Minh",40,,,,,4,4,,Have certificate,,5.85,2026
"Đường Nguyễn Văn Tạo, Xã Hiệp Phước, TP Hồ Chí Minh",200,,,,,,4,4,,,7.3,2026
"cách mạng tháng tám, Phường Hòa Hưng, TP Hồ Chí Minh",40,,,,,,2,,Have certificate,,6.65,2026
"Lạc Long Quân, Phường Bảy Hiền, TP Hồ Chí Minh",45,,,,,,2,,Have certificate,,4.5,2026
"Đường Quang Trung, Phường An Hội Tây, TP Hồ Chí Minh",84,,,Đông Bắc,,2,4,4,Have certificate,Full,6.65,2026
"Đường Tân Hòa Đông, Phường Phú Lâm, TP Hồ Chí Minh",50,,,,,,2,,Have certificate,,4,2026
"Đường Nguyễn Trọng Tuyển, Phường Tân Sơn Hòa, TP Hồ Chí Minh",25,,,,,,2,,Have certificate,,4,2026
"Đường Huỳnh Tấn Phát, Xã Nhà Bè, TP Hồ Chí Minh",71,,,,,,3,,Have certificate,,5.38,2026
"Đường Âu Cơ, Phường Bảy Hiền, TP Hồ Chí Minh",28,,,,,2,3,2,Have certificate,Full,3.6,2026
"Zalo 0767.745.313, Phường An Lạc, TP Hồ Chí Minh",44,,,,,2,2,2,Have certificate,Other,5.95,2026
"25/7/9, Phường Bình Tây, TP Hồ Chí Minh",30,,,Đông Nam,,1,2,1,Have certificate,,3.2,2026
"Đường Nơ Trang Long, Phường Bình Lợi Trung, TP Hồ Chí Minh",12.5,,,Tây,,2,2,2,Have certificate,Full,2.34,2026
"Hẻm 282A, Phường Vườn Lài, TP Hồ Chí Minh",21.6,,,,,3,3,2,Have certificate,Other,4.6,2026
"Đường Số 5, Phường Bình Hưng Hòa, TP Hồ Chí Minh",56,,,,,2,3,2,Have certificate,,4.5,2026
"Đường Lê Đình Cẩn, Phường Tân Tạo, TP Hồ Chí Minh",101,,,,,2,6,,Have certificate,,4.75,2026
"Đường Lạc Long Quân, Phường Bảy Hiền, TP Hồ Chí Minh",58,,,,,2,3,2,Have certificate,Full,5.2,2026
"Đinh Bộ Lĩnh, Phường Bình Thạnh, TP Hồ Chí Minh",90,,,,,,6,,Have certificate,,8.3,2026
"Đường Quang Trung, Phường Gò Vấp, TP Hồ Chí Minh",45,,,Đông Bắc,,2,2,2,Have certificate,Other,5.37,2026
"Đường Bình Trị Đông, Phường Bình Trị Đông, TP Hồ Chí Minh",56,,,,,2,2,2,Have certificate,,3.88,2026
"Đường Bình Long, Phường Bình Hưng Hòa, TP Hồ Chí Minh",20,,,,,2,2,2,Shared certificate,,1.55,2026
"Đường Nguyễn Duy Trinh, Phường Long Trường, TP Hồ Chí Minh",55,,,,,5,4,3,Have certificate,Other,6.5,2026
"25/7/9, Phường Bình Tây, TP Hồ Chí Minh",30,,,Đông Nam,,1,2,1,Have certificate,,3.2,2026
"Đường Phạm Văn Chiêu, Phường An Hội Tây, TP Hồ Chí Minh",25,,,,,2,2,2,Have certificate,Other,3.65,2026
"Đường Quang Trung, Phường An Hội Tây, TP Hồ Chí Minh",84,,,Đông Bắc,,2,4,4,Have certificate,Full,6.65,2026
"Điện Biên Phủ , Phường Gia Định, TP Hồ Chí Minh",20,,,,,3,3,4,Have certificate,Other,4.35,2026
"Đường Nguyễn Thượng Hiền, Phường Hạnh Thông, TP Hồ Chí Minh",20,,,,,4,3,4,Have certificate,Other,4.5,2026
"Đường sổ 3, Phường Phước Long, TP Hồ Chí Minh",126,,,,,1,3,2,Have certificate,Full,8.2,2026
"Đường Nguyễn Văn Công, Phường Hạnh Thông, TP Hồ Chí Minh",15,,,,,3,3,3,Have certificate,,3.28,2026
"Đường Cô Giang, Phường Cầu Ông Lãnh, TP Hồ Chí Minh",28,,,Đông Bắc,,4,4,4,Have certificate,Basic,6.999,2026
"Đường Nơ Trang Long, Phường Gia Định, TP Hồ Chí Minh",20,,,,,2,2,2,Have certificate,Other,3.99,2026
"Đường Nguyễn Kiệm, Phường Hạnh Thông, TP Hồ Chí Minh",25,,,,,3,2,3,Have certificate,Other,4.15,2026
"Đường Bình Long, Phường Bình Hưng Hòa, TP Hồ Chí Minh",20,,,,,2,2,2,Shared certificate,,1.55,2026
"Đường Man Thiện, Phường Tăng Nhơn Phú, TP Hồ Chí Minh",46.7,,,,,2,3,2,Have certificate,Full,5.95,2026
"Đường Lê Văn Thọ, Phường An Hội Đông, TP Hồ Chí Minh",21.8,,,,,3,3,3,Have certificate,Other,4.49,2026
"Đường Thống Nhất, Phường An Hội Đông, TP Hồ Chí Minh",25,,,,,2,2,2,Have certificate,Other,3.35,2026
"Đường Quang Trung, Phường Gò Vấp, TP Hồ Chí Minh",45,,,Đông Bắc,,2,2,2,Have certificate,Other,5.37,2026
"Đường Phạm Văn Chiêu, Phường An Hội Tây, TP Hồ Chí Minh",40,,,,,2,2,2,Have certificate,Full,3.7,2026
"Đường Bùi Quang Là, Phường An Hội Tây, TP Hồ Chí Minh",24,,,,,2,2,2,Have certificate,Other,3.6,2026
"Đường Tân Thới Hiệp 15, Phường Tân Thới Hiệp, TP Hồ Chí Minh",48,,,,,3,4,3,Have certificate,Other,5.45,2026
"Đường Huỳnh Tấn Phát, Phường Phú Thuận, TP Hồ Chí Minh",63.5,,,,,2,2,1,Have certificate,Basic,5.15,2026
"Đường Lê Văn Lương, Phường Tân Hưng, TP Hồ Chí Minh",31,,,,,1,2,1,Have certificate,,2.59,2026
"Đường Nguyễn Văn Công, Phường Hạnh Thông, TP Hồ Chí Minh",15,,,,,3,3,3,Have certificate,,3.28,2026
"Đường Phạm Văn Chiêu, Phường An Hội Đông, TP Hồ Chí Minh",52,,,,,2,3,2,Have certificate,Other,5.4,2026
"Đường Hồ Văn Tư, Phường Thủ Đức, TP Hồ Chí Minh",50,,,,,1,3,,Have certificate,,4.5,2026
"Đường Nguyễn Tư Giản, Phường An Hội Tây, TP Hồ Chí Minh",24,,,,,2,2,2,Have certificate,Full,3.38,2026
"Đường Nguyễn Thượng Hiền, Phường Hạnh Thông, TP Hồ Chí Minh",20,,,,,4,3,4,Have certificate,Other,4.5,2026
"Đường Lê Văn Thọ, Phường Thông Tây Hội, TP Hồ Chí Minh",30,,,,,3,3,3,Have certificate,Other,4.85,2026
"Đường Lê Đức Thọ, Phường Gò Vấp, TP Hồ Chí Minh",25,,,,,2,2,2,Have certificate,Full,3.45,2026
"Đường Hữu Nghị, Phường Thủ Đức, TP Hồ Chí Minh",92,,,,,,8,6,,,7.8,2026
"Đường Phạm Văn Chiêu, Phường An Hội Tây, TP Hồ Chí Minh",40,,,,,4,4,3,Have certificate,Other,5.69,2026
"Đường Đặng Văn Bi, Phường Thủ Đức, TP Hồ Chí Minh",150,,,,,,2,,Have certificate,,8.25,2026
"Đường Lê Văn Thọ, Phường Thông Tây Hội, TP Hồ Chí Minh",32,,,,,2,2,2,Have certificate,Other,4.7,2026
"6/4 Lê Lợi, Xã Hóc Môn, TP Hồ Chí Minh",104,,,,,1,2,2,Have certificate,,2.75,2026
"Đường số 50, Phường Hiệp Bình, TP Hồ Chí Minh",80,,,,,,4,,Have certificate,,7,2026
"Mễ Cốc, Phường Phú Định, TP Hồ Chí Minh",60,,,,,4,7,6,Have certificate,Basic,5.7,2026
"Đường Nguyễn Thị Kiểu, Phường Tân Thới Hiệp, TP Hồ Chí Minh",35,,,,,2,2,2,Have certificate,Other,3.3,2026
"Đường E, Phường Bình Đông, TP Hồ Chí Minh",100,,,,,3,5,3,Have certificate,Full,10.9,2026
"Đường số 10, Phường Linh Xuân, TP Hồ Chí Minh",87,,,,,,2,2,Have certificate,Other,3.59,2026
"Đường Lê Quang Định, Phường Bình Lợi Trung, TP Hồ Chí Minh",40,,,,,2,2,2,Have certificate,Other,5.35,2026
"Đường Âu Dương Lân, Phường Chánh Hưng, TP Hồ Chí Minh",45,,,,,3,3,3,Have certificate,Full,6.4,2026
"Đường Nơ Trang Long, Phường Bình Lợi Trung, TP Hồ Chí Minh",10,,,Đông,,3,2,2,Have certificate,Full,1.979,2026
"3x, Phường Cát Lái, TP Hồ Chí Minh",99.75,,,Tây Bắc,,,5,5,Have certificate,,20.5,2026
"Đường Nguyễn Minh Châu, Phường Tân Phú, TP Hồ Chí Minh",66,,,Đông,,1,2,2,Have certificate,,7.6,2026
"Đường Nguyễn Văn Nghi, Phường Hạnh Thông, TP Hồ Chí Minh",20,,,,,3,2,3,Have certificate,Other,3.7,2026
"Tây Thạnh, Phường Tây Thạnh, TP Hồ Chí Minh",68,,,Đông Nam,,,3,4,Have certificate,Full,5.6,2026
"Hoàng Hoa Thám Phuong 7, Phường Gia Định, TP Hồ Chí Minh",19,,,,,3,2,3,Have certificate,Other,3.98,2026
"Đường Nguyễn Duy Trinh, Phường Bình Trưng, TP Hồ Chí Minh",309,,,Nam,,3,4,4,Have certificate,Other,26.5,2026
"Đường Kha Vạn Cân, Phường Hiệp Bình, TP Hồ Chí Minh",190,,,,,,7,,Have certificate,,13,2026
"Đường Lê Thiệt, Phường Phú Thọ Hòa, TP Hồ Chí Minh",40,,,,,2,2,2,Have certificate,,4.48,2026
"Lk 10 11, Phường Bình Trị Đông, TP Hồ Chí Minh",28,,,,,1,2,2,Have certificate,Other,3.45,2026
"Đường Trần Xuân Soạn, Phường Tân Hưng, TP Hồ Chí Minh",30,,,,,,3,,Have certificate,,6.3,2026
"Đường Lạc Long Quân, Phường Hòa Bình, TP Hồ Chí Minh",22,,,,,,2,,Have certificate,,4.28,2026
"Đường Hậu Giang, Phường Bình Phú, TP Hồ Chí Minh",79,,,,,,4,,Have certificate,,7.8,2026
"Đường Nguyễn Bỉnh Khiêm, Phường Sài Gòn, TP Hồ Chí Minh",36.6,,,,,3,2,3,Have certificate,Full,8.9,2026
"Đường số 10, Phường Linh Xuân, TP Hồ Chí Minh",87,,,,,,2,2,Have certificate,Other,3.59,2026
"Đường Nguyễn Lâm, Phường Cầu Kiệu, TP Hồ Chí Minh",102,,,,,1,3,1,Have certificate,Basic,8.8,2026
"Đường Kha Vạn Cân, Phường Hiệp Bình, TP Hồ Chí Minh",190,,,,,,7,,Have certificate,,13,2026
"Đường Tỉnh lộ 10, Phường Bình Trị Đông, TP Hồ Chí Minh",60,,,,,2,2,2,Have certificate,,4.77,2026
"Đường Thoại Ngọc Hầu, Phường Phú Thạnh, TP Hồ Chí Minh",50,,,,,3,5,,Have certificate,,6.3,2026
"Đường Lê Quang Định, Phường Bình Lợi Trung, TP Hồ Chí Minh",40,,,,,2,2,2,Have certificate,Other,5.35,2026
"Đường Phan Văn Hớn, Phường Đông Hưng Thuận, TP Hồ Chí Minh",99,,,,,,3,,Have certificate,,7.15,2026
"Đường Tây Thạnh, Phường Tây Thạnh, TP Hồ Chí Minh",19,,,,,2,2,1,Have certificate,Basic,2.15,2026
"Đường Nguyễn Minh Châu, Phường Tân Phú, TP Hồ Chí Minh",66,,,Đông,,1,2,2,Have certificate,,7.6,2026
"Đường Tân Hòa Đông, Phường Bình Tiên, TP Hồ Chí Minh",84,,,,,,3,,Have certificate,,8.75,2026
"Đường Lê Thiệt, Phường Phú Thọ Hòa, TP Hồ Chí Minh",40,,,,,2,2,2,Have certificate,,4.48,2026
"Đường Xóm Đất, Phường Bình Thới, TP Hồ Chí Minh",42,,,,,,5,3,Have certificate,,11.5,2026
"Đường An Dương Vương, Phường An Lạc, TP Hồ Chí Minh",64,,,,,,3,,Have certificate,,4.85,2026
"Đường Phạm Văn Chiêu, Phường An Hội Tây, TP Hồ Chí Minh",22,,,,,3,3,3,Have certificate,Full,4.19,2026
"Đường Nguyên Hồng, Phường Bình Lợi Trung, TP Hồ Chí Minh",155,,,,,,1,,Have certificate,,32.6,2026
"Đường Dương Đức Hiền, Phường Tây Thạnh, TP Hồ Chí Minh",32,,,,,2,2,2,Have certificate,,4.6,2026
"Lk 10 11, Phường Bình Trị Đông, TP Hồ Chí Minh",28,,,,,1,2,2,Have certificate,Other,3.45,2026
"Đường Lê Thị Kim, Xã Xuân Thới Sơn, TP Hồ Chí Minh",154,,,,,1,3,3,Have certificate,,4.5,2026
"Đường Nguyễn Lâm, Phường Cầu Kiệu, TP Hồ Chí Minh",102,,,,,1,3,1,Have certificate,Basic,8.8,2026
"Cạnh Đường Phan Anh, Phường Phú Thạnh, TP Hồ Chí Minh",48,,,,,,3,,,,4.85,2026
"Đường Lê Quang Định, Phường Bình Lợi Trung, TP Hồ Chí Minh",40,,,,,2,2,2,Have certificate,,5.35,2026
"Đường An Dương Vương, Phường Phú Lâm, TP Hồ Chí Minh",20.16,,,,,3,2,2,,,2.27,2026
"Đường Tân Hòa Đông, Phường Bình Tiên, TP Hồ Chí Minh",84,,,,,,3,,Have certificate,,8.75,2026
"Đường Xuân Thới Thượng 7, Xã Bà Điểm, TP Hồ Chí Minh",115,,,Tây,,3,4,3,Have certificate,Other,7.7,2026
"Tân Hoà Đông Gần Coopmart Phú Lâm - Quận 6, Phường Phú Lâm, TP Hồ Chí Minh",72,,,,,,3,,,,5.2,2026
"Đường Hậu Giang, Phường Bình Phú, TP Hồ Chí Minh",79,,,,,,4,,Have certificate,,7.8,2026
"Đường Lê Văn Việt, Phường Tăng Nhơn Phú, TP Hồ Chí Minh",82,,,,,1,2,1,Have certificate,Full,3.7,2026
"Đường Nguyễn Hữu Tiến, Phường Tây Thạnh, TP Hồ Chí Minh",48,,,,,2,4,3,Have certificate,,5.8,2026
"Đường Trần Xuân Soạn, Phường Tân Hưng, TP Hồ Chí Minh",30,,,,,,3,,Have certificate,,6.3,2026
"Đường Nguyễn Văn Lượng, Phường Gò Vấp, TP Hồ Chí Minh",78,,,,,,3,2,Have certificate,,7.5,2026
"Đường Hoàng Hoa Thám, Phường Bình Lợi Trung, TP Hồ Chí Minh",53,,,,,,4,5,Have certificate,,9.8,2026
"Đường Phan Văn Hớn, Phường Đông Hưng Thuận, TP Hồ Chí Minh",99,,,,,,3,,Have certificate,,7.15,2026
"Đường Phan Anh, Phường Bình Trị Đông, TP Hồ Chí Minh",72,,,,,,2,,Shared certificate,,2.4,2026
"Đường Lê Văn Khương, Phường Tân Thới Hiệp, TP Hồ Chí Minh",88,,,,,,2,2,Have certificate,,4.3,2026
"Hẻm 184/38 Âu Dương Lân, Phường Chánh Hưng, TP Hồ Chí Minh",23.1,,,Đông Bắc,,2,2,2,Have certificate,Basic,2.45,2026
"Đường Nguyễn Thị Kiểu, Phường Tân Thới Hiệp, TP Hồ Chí Minh",48,,,Tây Bắc,,2,2,1,Have certificate,Basic,2.35,2026
"A1/13T1, Xã Tân Vĩnh Lộc, TP Hồ Chí Minh",70,,,Đông Bắc,,1,1,1,,,2,2026
"Đường An Phú Tây - Hưng Long, Xã Bình Chánh, TP Hồ Chí Minh",60,,,,,,8,6,Have certificate,Full,965,2026
"Đường Nguyễn Thị Sóc, Xã Bà Điểm, TP Hồ Chí Minh",85,,,Đông,,3,5,5,Have certificate,Other,6.5,2026
"nhà HXH, Phường Gia Định, TP Hồ Chí Minh",54,,,,,3,4,5,Have certificate,Other,8.4,2026
"Đường Lê Thị Hà, Xã Hóc Môn, TP Hồ Chí Minh",84,,,,,,1,1,Have certificate,,3.35,2026
"Trần Văn Mười, Xã Bà Điểm, TP Hồ Chí Minh",88,,,Đông,,2,3,2,Have certificate,Other,5.45,2026
"Đường Nguyễn Văn Bứa, Xã Xuân Thới Sơn, TP Hồ Chí Minh",140,,,,,2,3,3,Have certificate,Full,4.8,2026
"Đường Nguyên Hồng, Phường Hạnh Thông, TP Hồ Chí Minh",45,,,,,4,3,4,Have certificate,,11.79,2026
"Đường Nguyễn Thị Kiểu, Phường Tân Thới Hiệp, TP Hồ Chí Minh",67,,,,,2,3,3,Have certificate,Full,3,2026
"Đường Vĩnh Viễn, Phường Vườn Lài, TP Hồ Chí Minh",30,,,,,,4,4,,,9.5,2026
"Đường Hiệp Thành 35, Phường Tân Thới Hiệp, TP Hồ Chí Minh",109.2,,,Đông Bắc,,1,2,2,Have certificate,Other,8.49,2026
"Đường Nguyễn Thị Đặng, Phường Tân Thới Hiệp, TP Hồ Chí Minh",100,,,Bắc,,2,2,,Have certificate,,6.69,2026
"Đường Bùi Văn Thêm, Phường Đức Nhuận, TP Hồ Chí Minh",42,,,,,,3,3,Have certificate,Full,7.5,2026
"Đường Huỳnh Tấn Phát, Phường Phú Thuận, TP Hồ Chí Minh",78,,,,,2,4,4,,Full,5.4,2026
"Hẻm 666 Nguyễn Văn Quá - Đông Hưng Thuận 14B, Phường Đông Hưng Thuận, TP Hồ Chí Minh",44,,,Nam,,1,2,2,Other,,2.1,2026
"Đường Thạnh Lộc 19, Phường An Phú Đông, TP Hồ Chí Minh",54,,,,,5,4,,Have certificate,Full,6.95,2026
"Đường Vĩnh Viễn, Phường Vườn Lài, TP Hồ Chí Minh",30,,,,,,4,4,,,9.5,2026
"Đường Hiệp Thành 35, Phường Tân Thới Hiệp, TP Hồ Chí Minh",109.2,,,Đông Bắc,,1,2,2,Have certificate,Other,8.49,2026
"Đường Huỳnh Văn Nghệ, Phường Tân Sơn, TP Hồ Chí Minh",50,,,Nam,,43,3,3,Have certificate,Full,7.4,2026
"Đường Trung Lân 1, Xã Bà Điểm, TP Hồ Chí Minh",100,,,Tây,,3,4,3,Have certificate,Other,7.9,2026
"Đường Chương Dương, Phường Thủ Đức, TP Hồ Chí Minh",37,,,,,2,2,2,Have certificate,,3.95,2026
"Đường Bế Văn Cấm, Phường Tân Hưng, TP Hồ Chí Minh",44,,,,,,4,5,Have certificate,,10.5,2026
"Đường Đặng Văn Bi, Phường Thủ Đức, TP Hồ Chí Minh",73,,,,,,6,,Have certificate,,5.75,2026
"Đường Thích Quảng Đức, Phường Đức Nhuận, TP Hồ Chí Minh",54,,,,,,3,,No certificate,,6.5,2026
"Đường Lê Văn Khương, Phường Tân Thới Hiệp, TP Hồ Chí Minh",88,,,,,,2,2,Have certificate,,4.3,2026
"Quốc Lộ 1A, Phường An Phú Đông, TP Hồ Chí Minh",60,,,Tây Nam,,4,4,5,Have certificate,Full,6.38,2026
"A1/13T1, Xã Tân Vĩnh Lộc, TP Hồ Chí Minh",70,,,Đông Bắc,,1,1,1,,,2,2026
"Đường An Phú Tây - Hưng Long, Xã Bình Chánh, TP Hồ Chí Minh",60,,,,,,8,6,Have certificate,Full,965,2026
"Đường Ngô Chí Quốc, Phường Tam Bình, TP Hồ Chí Minh",55,,,,,3,2,3,Have certificate,,4.3,2026
"nhà HXH, Phường Gia Định, TP Hồ Chí Minh",54,,,,,3,4,5,Have certificate,Other,8.4,2026
"Đường Kha Vạn Cân, Phường Thủ Đức, TP Hồ Chí Minh",101,,,,,1,2,,Have certificate,,4.85,2026
"Đường Thạnh Lộc 19, Phường An Phú Đông, TP Hồ Chí Minh",54,,,,,5,4,,Have certificate,Full,6.95,2026
"Đường Thích Quảng Đức, Phường Đức Nhuận, TP Hồ Chí Minh",54,,,,,,3,,No certificate,,6.5,2026
"Đường Bế Văn Cấm, Phường Tân Hưng, TP Hồ Chí Minh",44,,,,,,4,5,Have certificate,,10.5,2026
"TA11, Phường Thới An, TP Hồ Chí Minh",44,,,,,2,2,2,Have certificate,Full,3.99,2026
"Đường Ðường Số 4 Cư Xá Đô Thành, Phường Bàn Cờ, TP Hồ Chí Minh",33,,,,,2,2,2,Have certificate,Other,7,2026
"Đường Hậu Giang, Phường Bình Phú, TP Hồ Chí Minh",40,,,,,4,4,3,Have certificate,Basic,7.7,2026
"Đường Thạnh Xuân 25, Phường Thới An, TP Hồ Chí Minh",58,,,Đông Nam,,5,4,5,Have certificate,,6.9,2026
"Đường Huỳnh Văn Nghệ, Phường Tân Sơn, TP Hồ Chí Minh",50,,,Nam,,43,3,3,Have certificate,Full,7.4,2026
"Đường Nguyễn Văn Quá, Phường Đông Hưng Thuận, TP Hồ Chí Minh",105,,,Tây,,1,4,3,Have certificate,,6.5,2026
"Đường Trần Thị Trọng, Phường Tân Sơn, TP Hồ Chí Minh",85,,,,,,2,,Have certificate,,8.3,2026
"Đường Võ Duy Ninh, Phường Thạnh Mỹ Tây, TP Hồ Chí Minh",45,,,Đông Nam,,4,3,4,Have certificate,Full,7.4,2026
"Quốc Lộ 1A, Phường An Phú Đông, TP Hồ Chí Minh",60,,,Tây Nam,,4,4,5,Have certificate,Full,6.38,2026
"Đường Hồ Biểu Chánh, Phường Phú Nhuận, TP Hồ Chí Minh",29,,,,,,3,2,Have certificate,Full,5.92,2026
"Đường Lạc Long Quân, Phường Bảy Hiền, TP Hồ Chí Minh",58,,,,,2,2,2,Have certificate,Full,5.2,2026
"Hẻm 666 Nguyễn Văn Quá - Đông Hưng Thuận 14B, Phường Đông Hưng Thuận, TP Hồ Chí Minh",44,,,Nam,,1,2,2,Other,,2.1,2026
"Đường Lũy Bán Bích, Phường Tân Phú, TP Hồ Chí Minh",62,,,,,2,2,2,Have certificate,Full,5.95,2026
"Đường Phan Văn Trị, Phường Bình Lợi Trung, TP Hồ Chí Minh",50,,,,,3,3,3,Have certificate,,6.35,2026
"Đường Tân Chánh Hiệp 18, Phường Trung Mỹ Tây, TP Hồ Chí Minh",80,,,Đông Nam,,5,5,5,Have certificate,Other,8.49,2026
"Đường Tỉnh lộ 10, Phường An Lạc, TP Hồ Chí Minh",58,,,,,,2,3,Have certificate,,5.6,2026
"Đường Hậu Giang, Phường Bình Phú, TP Hồ Chí Minh",40,,,,,4,4,3,Have certificate,Basic,7.7,2026
"Đường Hiệp Thành 13, Phường Tân Thới Hiệp, TP Hồ Chí Minh",25,,,,,2,2,2,Shared certificate,Full,1.565,2026
"Hòa Bình, Phường Phú Thạnh, TP Hồ Chí Minh",60,,,Đông Nam,,4,5,5,Have certificate,Other,4,2026
"Đường Số 7, Phường Hạnh Thông, TP Hồ Chí Minh",35,,,,,2,3,2,Have certificate,,5.28,2026
"Đường Kinh Dương Vương, Phường An Lạc, TP Hồ Chí Minh",32,,,,,2,2,1,Have certificate,,2.85,2026
"Tân Chánh hiệp 10, Phường Trung Mỹ Tây, TP Hồ Chí Minh",84,,,,,,6,6,Have certificate,Other,10.79,2026
"Đường Hồng Lạc, Phường Bảy Hiền, TP Hồ Chí Minh",35,,,,,3,3,3,Have certificate,Other,6.4,2026
"ZALO 0767.745.313, Phường An Lạc, TP Hồ Chí Minh",72,,,,,4,4,4,Have certificate,Other,7.8,2026
"Đường Hồ Biểu Chánh, Phường Phú Nhuận, TP Hồ Chí Minh",29,,,,,,3,2,Have certificate,Full,5.92,2026
"Đường Thới An 20, Phường Thới An, TP Hồ Chí Minh",60,,,,,,4,5,Have certificate,Other,6.89,2026
"Đường Lê Văn Khương, Phường Tân Thới Hiệp, TP Hồ Chí Minh",65,,,Bắc,,2,3,2,Have certificate,Full,4.65,2026
"Hà Huy Giáp, Phường Thới An, TP Hồ Chí Minh",72,,,Nam,,3,4,4,Have certificate,Full,6.35,2026
"Đường Phan Văn Trị, Phường Bình Lợi Trung, TP Hồ Chí Minh",50,,,,,2,2,2,Have certificate,Basic,6.49,2026
"Đường Nguyễn Ảnh Thủ, Phường Tân Thới Hiệp, TP Hồ Chí Minh",50,,,,,3,3,4,Have certificate,Full,4.2,2026
"Đường Phùng Văn Cung, Phường Cầu Kiệu, TP Hồ Chí Minh",38,,,,,5,4,4,Have certificate,,7.98,2026
"Đường Thới An 11, Phường Thới An, TP Hồ Chí Minh",44,,,,,2,2,2,,,3.99,2026
"Đường Hà Huy Giáp, Phường Thới An, TP Hồ Chí Minh",80,,,,,,2,,Have certificate,,4.35,2026
"Mặt Tiền Đường Trần Thị Năm, Phường Trung Mỹ Tây, TP Hồ Chí Minh",102.2,,,Đông Bắc,,3,3,4,Have certificate,,8.5,2026
"Đường Lê Thị Riêng, Phường Thới An, TP Hồ Chí Minh",60,,,,,,3,,Have certificate,,4.5,2026
"Đường Tân Kỳ Tân Quý, Phường Tân Sơn Nhì, TP Hồ Chí Minh",140,,,,,3,4,4,Have certificate,Full,14.5,2026
"Đường Huỳnh Tấn Phát, Xã Nhà Bè, TP Hồ Chí Minh",52,,,Bắc,,2,3,3,Have certificate,Other,4.85,2026
"Đường Nguyễn Tư Giản, Phường An Hội Tây, TP Hồ Chí Minh",45,,,,,,3,3,Have certificate,Full,5.3,2026
"Đường Lê Đình Cẩn, Phường Tân Tạo, TP Hồ Chí Minh",72.2,,,,,2,3,3,Have certificate,,4.2,2026
"Đường Võ Duy Ninh, Phường Thạnh Mỹ Tây, TP Hồ Chí Minh",60,,,,,2,3,2,Have certificate,Basic,5.45,2026
"Đường Lê Thị Riêng, Phường Thới An, TP Hồ Chí Minh",45,,,Đông Nam,,2,2,2,Have certificate,Basic,3.99,2026
"Đường Nguyễn Thượng Hiền, Phường Hạnh Thông, TP Hồ Chí Minh",87,,,,,,3,3,Have certificate,,6.9,2026
"Đường Thạnh Lộc 29, Phường An Phú Đông, TP Hồ Chí Minh",43,,,,,1,2,2,Have certificate,,3.5,2026
"Đường Bình Trị Đông, Phường Bình Trị Đông, TP Hồ Chí Minh",68,,,,,,4,4,Have certificate,,5.95,2026
"Lê Văn Lương Nối dài, Xã Hiệp Phước, TP Hồ Chí Minh",217,,,,,1,5,5,Have certificate,,3.2,2026
"Đường Lê Văn Khương, Phường Tân Thới Hiệp, TP Hồ Chí Minh",62,,,,,,5,,Have certificate,,5.69,2026
"Đường Huỳnh Tấn Phát, Xã Nhà Bè, TP Hồ Chí Minh",56,,,Bắc,,2,2,2,Have certificate,Other,5.29,2026
"Đường Hà Huy Giáp, Phường An Phú Đông, TP Hồ Chí Minh",64,,,,,5,4,5,Have certificate,,5.78,2026
"Đường Trần Xuân Soạn, Phường Tân Hưng, TP Hồ Chí Minh",30,,,,,4,3,4,No certificate,Basic,6.3,2026
"Đường Tỉnh lộ 10, Phường Bình Trị Đông, TP Hồ Chí Minh",82,,,,,1,1,,Have certificate,,4.7,2026
"Đường Phan Huy ích, Phường Tân Sơn, TP Hồ Chí Minh",76,,,,,,3,3,,,6.6,2026
"Đường Bình Trị Đông, Phường Bình Trị Đông, TP Hồ Chí Minh",70,,,,,3,5,5,Have certificate,Other,5.9,2026
"Đường Bà Hom, Phường Phú Lâm, TP Hồ Chí Minh",38,,,Đông,,3,3,2,Have certificate,,5.25,2026
"Đường Huỳnh Tấn Phát, Xã Nhà Bè, TP Hồ Chí Minh",120,,,Đông,,4,4,6,Have certificate,Other,11.99,2026
"Đường Hoàng Hoa Thám, Phường Bình Lợi Trung, TP Hồ Chí Minh",57,,,,,3,7,,Have certificate,Full,6.99,2026
"Đường Lê Đức Thọ, Phường An Nhơn, TP Hồ Chí Minh",21,,,,,2,2,2,Have certificate,Full,1.79,2026
"Đường Huỳnh Tấn Phát, Xã Nhà Bè, TP Hồ Chí Minh",50.625,,,Bắc,,3,4,3,Have certificate,Other,5.6,2026
"113, Phường Linh Xuân, TP Hồ Chí Minh",61,,,Đông,,3,4,3,Have certificate,Other,6.75,2026
"Đường Lê Văn Lương, Xã Hiệp Phước, TP Hồ Chí Minh",42,,,Nam,,3,4,3,Have certificate,Other,3.35,2026
"Đường Xô Viết Nghệ Tĩnh, Phường Thạnh Mỹ Tây, TP Hồ Chí Minh",76,,,,,1,2,2,Have certificate,Basic,7.85,2026
"Lê Văn Lương, Phường Tân Hưng, TP Hồ Chí Minh",50,,,,,4,5,4,Have certificate,Other,6.5,2026
"Đường Trần Hưng Đạo, Phường Chợ Quán, TP Hồ Chí Minh",18,,,,,3,2,3,Have certificate,Full,2.95,2026
"Đường Lê Trọng Tấn, Phường Tây Thạnh, TP Hồ Chí Minh",50,,,,,2,2,2,Have certificate,,4.2,2026
"Đường Tây Thạnh, Phường Tây Thạnh, TP Hồ Chí Minh",20,,,,,2,2,2,Have certificate,,2.15,2026
"Đường Cao Thắng, Phường Hòa Hưng, TP Hồ Chí Minh",50,,,,,,4,,Have certificate,,6.65,2026
"Đường Huỳnh Tấn Phát, Xã Nhà Bè, TP Hồ Chí Minh",52,,,Tây,,4,5,3,Have certificate,Other,6.1,2026
"Đường Phạm Văn Đồng, Phường Linh Xuân, TP Hồ Chí Minh",68,,,,,4,4,5,Have certificate,,9.3,2026
"Đường Tây Thạnh, Phường Tây Thạnh, TP Hồ Chí Minh",20,,,,,2,2,2,Have certificate,,2.15,2026
"Đường Số 27, Phường Tân Sơn Nhì, TP Hồ Chí Minh",39,,,,,4,4,3,Have certificate,,5.78,2026
"Đường Xô Viết Nghệ Tĩnh, Phường Bình Thạnh, TP Hồ Chí Minh",45,,,,,2,3,3,Have certificate,Other,6.75,2026
"Đường Lê Văn Khương, Phường Tân Thới Hiệp, TP Hồ Chí Minh",116,,,,,,5,,Have certificate,,7.39,2026
"Đường Lê Văn Quới, Phường Bình Hưng Hòa, TP Hồ Chí Minh",60,,,,,5,5,5,Have certificate,Other,7,2026
"Đường Dương Tự Quán, Phường An Lạc, TP Hồ Chí Minh",26,,,,,2,2,,Have certificate,Full,2.88,2026
"67/29 Đào Tông Nguyên , Xã Nhà Bè, TP Hồ Chí Minh",52,,,,,,4,5,Have certificate,,7.6,2026
"Đường Lê Đức Thọ, Phường An Nhơn, TP Hồ Chí Minh",21,,,,,2,2,2,Have certificate,Full,1.79,2026
"Đường Lê Văn Việt, Phường Tăng Nhơn Phú, TP Hồ Chí Minh",82,,,Tây Bắc,,1,2,1,Have certificate,Full,3.7,2026
"Đường Phan Huy ích, Phường Tân Sơn, TP Hồ Chí Minh",76,,,,,,3,3,,,6.6,2026
"Đường Trần Hưng Đạo, Phường Chợ Quán, TP Hồ Chí Minh",18,,,,,3,2,3,Have certificate,Full,2.95,2026
"Đường Xô Viết Nghệ Tĩnh, Phường Thạnh Mỹ Tây, TP Hồ Chí Minh",76,,,,,1,2,2,Have certificate,Basic,7.85,2026
"Đường Nguyễn Duy Cung, Phường An Hội Tây, TP Hồ Chí Minh",35,,,,,2,2,2,Have certificate,Other,4.85,2026
"64, Phường Linh Xuân, TP Hồ Chí Minh",73,,,Tây Nam,,2,2,2,Have certificate,Basic,5.45,2026
"Đường Bùi Quang Là, Phường An Hội Tây, TP Hồ Chí Minh",48,,,,,3,3,4,Have certificate,Other,6.4,2026
"Đường Số 20, Phường Bình Hưng Hòa, TP Hồ Chí Minh",66,,,,,2,4,4,Have certificate,Full,3.7,2026
"hẻm 102, Phường Hòa Hưng, TP Hồ Chí Minh",68.1,,,Tây,,2,3,2,Have certificate,,8,2026
"Đường Trương Thị Hoa, Phường Tân Thới Hiệp, TP Hồ Chí Minh",56,,,,,,5,5,Have certificate,Other,7.5,2026
"68, Phường Thới An, TP Hồ Chí Minh",62,,,Bắc,,3,4,5,Have certificate,Other,7.15,2026
"Đường Cách Mạng Tháng 8, Phường Hòa Hưng, TP Hồ Chí Minh",50,,,,,,3,,Have certificate,,6.15,2026
"Đường Quốc lộ 50, Xã Bình Hưng, TP Hồ Chí Minh",18.2,,,,,1,1,1,Other,,490,2026
"Đường Tân Hòa Đông, Phường Bình Trị Đông, TP Hồ Chí Minh",73,,,,,3,3,3,Have certificate,Full,5.2,2026
"Đường Đông Bắc, Phường Trung Mỹ Tây, TP Hồ Chí Minh",54,,,,,,1,1,Shared certificate,Basic,1.57,2026
"Đường Trần Thị Hè, Phường Tân Thới Hiệp, TP Hồ Chí Minh",60,,,,,,4,5,Have certificate,Other,6.29,2026
"Tx 25, Phường Thới An, TP Hồ Chí Minh",30,,,,,,2,2,,,1.27,2026
"Đường Huỳnh Tấn Phát, Phường Phú Thuận, TP Hồ Chí Minh",114,,,,,1,2,2,Have certificate,,6.1,2026
"Đường Lê Văn Sỹ, Phường Nhiêu Lộc, TP Hồ Chí Minh",45,,,Tây Bắc,,4,5,5,Have certificate,Basic,7.8,2026
"Đường Phan Anh, Phường Bình Trị Đông, TP Hồ Chí Minh",60,,,,,5,5,5,Have certificate,Other,7,2026
"Đường Bùi Tư Toàn, Phường An Lạc, TP Hồ Chí Minh",40,,,,,4,4,3,Have certificate,Full,4.2,2026
"Đường Lê Văn Khương, Phường Tân Thới Hiệp, TP Hồ Chí Minh",65,,,,,,3,2,,,2.55,2026
"Đường Huỳnh Văn Nghệ, Phường An Hội Đông, TP Hồ Chí Minh",20,,,Đông Nam,,1,2,2,Have certificate,Other,3.66,2026
"Đường Thạnh Xuân 22, Phường Thới An, TP Hồ Chí Minh",70,,,Tây Bắc,,,3,3,Have certificate,Full,5.5,2026
"Mặt Tiền Đường Đỗ Xuân Hợp , Phường Phước Long, TP Hồ Chí Minh",52,,,,,4,4,5,Have certificate,Full,15,2026
"Đường Tân Hòa Đông, Phường Bình Trị Đông, TP Hồ Chí Minh",64,,,,,2,3,3,Have certificate,Full,6.69,2026
"Mặt Tiền Đường Phạm Trọng Cầu , Phường Phước Long, TP Hồ Chí Minh",133,,,,,3,5,6,Have certificate,Other,18.2,2026
"Đường 12, Phường Phước Long, TP Hồ Chí Minh",88,,,,,1,2,1,Have certificate,Basic,8.5,2026
"Chưa có số nhà, Phường Thới An, TP Hồ Chí Minh",16.5,,,Đông Bắc,,2,2,1,Shared certificate,Basic,750,2026
"Đường Võ Văn Kiệt, Phường Cầu Ông Lãnh, TP Hồ Chí Minh",27.5,,,,,,2,,Have certificate,,5.2,2026
"Đường Lê Văn Quới, Phường Bình Trị Đông, TP Hồ Chí Minh",68,,,,,,2,2,Have certificate,,4,2026
"Đường Quốc Lộ 50, Phường Chánh Hưng, TP Hồ Chí Minh",18,,,,,1,1,1,Shared certificate,,490,2026
"Đường Hương Lộ 3, Phường Bình Hưng Hòa, TP Hồ Chí Minh",56,,,,,2,3,3,Have certificate,Other,5,2026
"Đường Cô Bắc, Phường Cầu Kiệu, TP Hồ Chí Minh",41.2,,,,,4,5,,Have certificate,,8.85,2026
"Đường Nguyễn Văn Khối, Phường Thông Tây Hội, TP Hồ Chí Minh",36.4,,,Tây Bắc,,1,2,2,Have certificate,Basic,4.88,2026
"Đường Lê Trọng Tấn, Phường Bình Hưng Hòa, TP Hồ Chí Minh",85,,,,,4,10,6,Have certificate,,9.6,2026
"Đường S5, Phường Tây Thạnh, TP Hồ Chí Minh",100,,,,,2,5,5,Have certificate,,13.5,2026
"Đường Đại Lộ lll , Phường Phước Long, TP Hồ Chí Minh",86,,,Bắc,,3,5,4,Have certificate,Full,13.2,2026
"Đường Phạm Văn Đồng, Phường Bình Lợi Trung, TP Hồ Chí Minh",70,,,,,6,10,6,Have certificate,Full,13.5,2026
"Mặt Tiền Đường 3 , Phường Phước Long, TP Hồ Chí Minh",87,,,,,1,2,2,Have certificate,Basic,9.5,2026
"Đường Cách Mạng, Phường Phú Thọ Hòa, TP Hồ Chí Minh",99,,,,,,8,6,,,7.2,2026
"Đường Nguyễn Văn Tạo, Xã Hiệp Phước, TP Hồ Chí Minh",72,,,Nam,,1,1,1,Have certificate,Basic,1.05,2026
"2/29, Phường Bàn Cờ, TP Hồ Chí Minh",230,,,Đông Bắc,,2,6,6,Have certificate,Other,78,2026
"Đường Thích Minh Nguyệt, Phường Tân Sơn Hòa, TP Hồ Chí Minh",38,,,Bắc,,2,3,3,Have certificate,Full,6.3,2026
"Đường Bình Trị Đông, Phường Bình Trị Đông, TP Hồ Chí Minh",65,,,,,3,3,3,Have certificate,Basic,5.95,2026
"Đường Hương Lộ 2, Phường Bình Trị Đông, TP Hồ Chí Minh",48,,,,,2,2,2,Have certificate,,4.95,2026
"Đường Thạnh Lộc 31, Phường An Phú Đông, TP Hồ Chí Minh",60,,,Đông Nam,,2,3,3,Have certificate,Full,5.35,2026
"Đường Bạch Đằng, Phường Bình Thạnh, TP Hồ Chí Minh",102,,,,,3,5,6,Have certificate,Other,16.9,2026
"Đường Bình Phú, Phường Phú Thọ, TP Hồ Chí Minh",45,,,Tây,,5,4,4,Have certificate,Other,8,2026
"Đường Nguyễn Văn Đậu, Phường Bình Lợi Trung, TP Hồ Chí Minh",60,,,,,,4,,Have certificate,,7.15,2026
"Đường Trần Thị Hè, Phường Tân Thới Hiệp, TP Hồ Chí Minh",74,,,,,3,6,6,Have certificate,Basic,5.2,2026
"Đường Hà Huy Giáp, Phường An Phú Đông, TP Hồ Chí Minh",65,,,,,3,4,3,Have certificate,Other,7.5,2026
"Đường Hậu Giang, Phường Bình Phú, TP Hồ Chí Minh",32.5,,,,,2,2,2,Have certificate,Full,3.9,2026
"Đường Số 25A, Phường An Lạc, TP Hồ Chí Minh",84,,,,,4,5,6,Have certificate,,10.7,2026
"Đường Số 4, Phường Hiệp Bình, TP Hồ Chí Minh",43,,,,,2,2,2,Have certificate,,4.1,2026
"Đường Phú Thọ Hoà, Phường Phú Thọ Hòa, TP Hồ Chí Minh",56,,,,,2,2,2,Have certificate,,6.1,2026
"Đường Nguyễn Tất Thành, Phường Xóm Chiếu, TP Hồ Chí Minh",63.03,,,,,,1,,Have certificate,,5,2026
"Tạ Quang Bửu, Phường Bình Đông, TP Hồ Chí Minh",56,,,Đông Bắc,,2,3,2,Other,Basic,2.68,2026
"61/5/2A, Phường Phú Thọ Hòa, TP Hồ Chí Minh",99,,,Bắc,,2,8,6,Have certificate,Full,7.6,2026
"Đường Hương Lộ 2, Phường Bình Trị Đông, TP Hồ Chí Minh",96,,,,,4,5,5,,,6.3,2026
"Đường Miếu Gò Xoài, Phường Bình Hưng Hòa, TP Hồ Chí Minh",48,,,,,2,3,3,Have certificate,Other,4.85,2026
"Đường số 6, Phường Long Trường, TP Hồ Chí Minh",55,,,,,,4,3,Have certificate,,4.6,2026
"Đường Dương Bá Trạc, Phường Chánh Hưng, TP Hồ Chí Minh",42,,,,,2,4,3,Have certificate,,5.5,2026
"Đường Nguyễn Cửu Đàm, Phường Tân Sơn Nhì, TP Hồ Chí Minh",68,,,,,,4,,Have certificate,Other,10.5,2026
"Đường 3 Tháng 2, Phường Diên Hồng, TP Hồ Chí Minh",34,,,,,2,2,2,Have certificate,,6.6,2026
"Đường Vĩnh Viễn, Phường Diên Hồng, TP Hồ Chí Minh",36,,,Tây,,3,5,,Have certificate,Full,7.2,2026
"Đường Thới An 10, Phường Thới An, TP Hồ Chí Minh",45,,,Đông Nam,,2,2,2,Have certificate,Full,3.99,2026
"Đường Bàu Cát 8, Phường Bảy Hiền, TP Hồ Chí Minh",21,,,,,,1,1,Have certificate,,2.25,2026
"Tran Quang Nghi, Xã Bình Hưng, TP Hồ Chí Minh",100,,,Đông Nam,,4,8,6,Have certificate,Basic,11,2026
"Đường Nguyễn Văn Khối, Phường Thông Tây Hội, TP Hồ Chí Minh",80,,,,,,5,,Have certificate,,8.9,2026
"Đường Hồ Học Lãm, Phường An Lạc, TP Hồ Chí Minh",31,,,Bắc,,4,3,3,Have certificate,,3.58,2026
"28/2/2, Phường Thủ Đức, TP Hồ Chí Minh",213.5,,,Tây Bắc,,2,6,5,Have certificate,Basic,13.5,2026
"Đường Tân Sơn Nhì, Phường Tân Sơn Nhì, TP Hồ Chí Minh",76,,,,,,3,,Have certificate,Full,17.3,2026
"436/10, Phường Thới An, TP Hồ Chí Minh",150,,,Đông Bắc,,1,10,6,Have certificate,Basic,6.7,2026
"Đường Nguyễn Thiện Thuật, Phường Bàn Cờ, TP Hồ Chí Minh",53,,,,,,2,,Have certificate,,6.5,2026
"Tạ Quang Bửu, Phường Bình Đông, TP Hồ Chí Minh",35,,,Tây Nam,,1,2,2,Have certificate,Basic,3.48,2026
"Đường Trần Não, Phường An Khánh, TP Hồ Chí Minh",50,,,,,,3,,Have certificate,,12.8,2026
"Đường Xô Viết Nghệ Tĩnh, Phường Gia Định, TP Hồ Chí Minh",20,,,,,,2,3,,,3.98,2026
"Đường Nguyễn Văn Quá, Phường Đông Hưng Thuận, TP Hồ Chí Minh",52,,,,,2,2,1,Have certificate,Basic,3.35,2026
"Tạ Quang Bửu, Phường Bình Đông, TP Hồ Chí Minh",48,,,Tây Nam,,2,2,2,Have certificate,Basic,3.48,2026
"Đường Nguyễn Duy Cung, Phường An Hội Tây, TP Hồ Chí Minh",35,,,,,2,3,2,Have certificate,Other,5.56,2026
"Đường Nguyễn Duy Trinh, Phường Long Trường, TP Hồ Chí Minh",32,,,,,,1,,,,2.22,2026
"Đường Duong so 2, Phường An Lạc, TP Hồ Chí Minh",100,,,,,4,5,5,Have certificate,Other,11.49,2026
"Đường số 5, Phường Linh Xuân, TP Hồ Chí Minh",50,,,,,2,2,2,Have certificate,Basic,3.7,2026
"Đường Ấp Chiến lược, Phường Bình Hưng Hòa, TP Hồ Chí Minh",18,,,,,3,2,2,Have certificate,Basic,2.28,2026
"Đường Chương Dương, Phường Thủ Đức, TP Hồ Chí Minh",37.3,,,,,,2,2,Have certificate,,3.95,2026
"Đường Lê Trọng Tấn, Phường Tây Thạnh, TP Hồ Chí Minh",40,,,,,4,4,4,Have certificate,Other,5.9,2026
"Tạ Quang Bửu, Phường Bình Đông, TP Hồ Chí Minh",24,,,Đông Bắc,,1,2,2,Other,Basic,980,2026
"Đường Bến Vân Đồn, Phường Vĩnh Hội, TP Hồ Chí Minh",134,,,,,,4,3,Have certificate,,13,2026
"Đường Bình Phú, Phường Bình Phú, TP Hồ Chí Minh",73,,,Bắc,,3,4,4,Have certificate,,8.9,2026
"Đường 11, Phường Thủ Đức, TP Hồ Chí Minh",119.4,,,Đông Bắc,,2,5,5,Have certificate,Full,6.5,2026
"Đường Tân Xuân - Trung Chánh 1, Xã Hóc Môn, TP Hồ Chí Minh",84,,,,,1,2,2,Have certificate,Basic,3.45,2026
"Đường Số 6, Phường Bình Tân, TP Hồ Chí Minh",56,,,Nam,,5,4,5,Have certificate,Full,6.6,2026
"Đường Lê Trọng Tấn, Phường Tân Sơn Nhì, TP Hồ Chí Minh",50,,,,,3,4,5,Have certificate,Full,6.75,2026
"Đường Đinh Bộ Lĩnh, Phường Bình Thạnh, TP Hồ Chí Minh",20,,,Tây,,5,4,,Have certificate,,7.2,2026
"Đường Thạnh Lộc 27, Phường An Phú Đông, TP Hồ Chí Minh",55.9,,,Tây Bắc,,1,2,3,Have certificate,Full,4.49,2026
"Đường Bàu Cát, Phường Bảy Hiền, TP Hồ Chí Minh",120,,,,,,10,,,,12.3,2026
"Đường Phan Huy Ích, Phường An Hội Tây, TP Hồ Chí Minh",40,,,,,2,3,2,Have certificate,Other,4.45,2026
"Đường số 19, Phường An Lạc, TP Hồ Chí Minh",220,,,Bắc,,3,6,4,Have certificate,Other,40,2026
"Quố Lộ 1A, Phường Tân Thới Hiệp, TP Hồ Chí Minh",50,,,,,,2,1,Have certificate,Basic,3,2026
"Đường Hoàng Hoa Thám, Phường Gia Định, TP Hồ Chí Minh",19,,,,,3,2,3,Have certificate,,3.98,2026
"Đường Chu Văn An, Phường Bình Thạnh, TP Hồ Chí Minh",25,,,,,2,2,2,Have certificate,Other,4.85,2026
"Đường Trường Chinh, Phường Tân Bình, TP Hồ Chí Minh",70,,,,,3,3,3,Have certificate,Other,7.5,2026
"Đường Hoàng Diệu 2, Phường Linh Xuân, TP Hồ Chí Minh",39,,,Đông Nam,,2,2,2,Have certificate,,4.19,2026
"Đường Nguyễn Văn Đậu, Phường Gia Định, TP Hồ Chí Minh",39,,,,,5,3,4,Have certificate,,7.7,2026
"Đường Lý Thường Kiệt, Phường Diên Hồng, TP Hồ Chí Minh",21,,,,,,2,2,,,4,2026
"Đường Nguyễn Thái Sơn, Phường Hạnh Thông, TP Hồ Chí Minh",36,,,,,3,4,3,Have certificate,,4.2,2026
"Đường Huỳnh Tấn Phát, Phường Tân Mỹ, TP Hồ Chí Minh",56,,,,,2,3,2,Have certificate,Full,3.3,2026
"Đường Nguyễn Văn Quá, Phường Đông Hưng Thuận, TP Hồ Chí Minh",24,,,,,3,2,2,Have certificate,Basic,2.2,2026
"Đường Nguyễn Thượng Hiền, Phường Hạnh Thông, TP Hồ Chí Minh",22,,,,,2,2,1,Have certificate,,3.2,2026
"Đường Nguyễn Văn Khối, Phường Thông Tây Hội, TP Hồ Chí Minh",48,,,,,3,4,3,Have certificate,Other,5.95,2026
"Đường Võ Văn Vân, Xã Tân Vĩnh Lộc, TP Hồ Chí Minh",36,,,,,2,2,2,No certificate,Full,1.249,2026
"1282, Phường Linh Xuân, TP Hồ Chí Minh",20,,,Bắc,,2,2,2,Have certificate,,1.59,2026
"Đường Nguyễn Duy Trinh, Phường Long Trường, TP Hồ Chí Minh",75,,,,,1,3,4,,Full,5.7,2026
"Thạnh Xuân 33, Phường Thới An, TP Hồ Chí Minh",60,,,,,4,4,5,Have certificate,Other,7.15,2026
"Đường Lê Văn Thịnh, Phường Cát Lái, TP Hồ Chí Minh",72,,,,,,10,6,Have certificate,,10.8,2026
"Đường Nguyễn Thượng Hiền, Phường Bình Lợi Trung, TP Hồ Chí Minh",47,,,,,3,7,6,Have certificate,,7.5,2026
"32/40, Phường Bình Thạnh, TP Hồ Chí Minh",50,,,,,,3,2,Have certificate,,7.5,2026
"Đường Huỳnh Tấn Phát, Phường Phú Thuận, TP Hồ Chí Minh",67,,,,,2,2,2,Have certificate,Basic,4.25,2026
"Đường Phú Thọ Hoà, Phường Phú Thọ Hòa, TP Hồ Chí Minh",13.2,,,,,,2,2,Have certificate,Basic,2.45,2026
"Đường số 1, Phường Hạnh Thông, TP Hồ Chí Minh",15.3,,,Tây Nam,,2,2,1,Have certificate,Full,2.74,2026
"Đường Hoàng Sa, Phường Xuân Hòa, TP Hồ Chí Minh",37,,,,,,4,4,Have certificate,,5.95,2026
"80, Phường Tăng Nhơn Phú, TP Hồ Chí Minh",77,,,,,,3,,Have certificate,,6.5,2026
"Đường Trương Thị Hoa, Phường Tân Thới Hiệp, TP Hồ Chí Minh",35,,,Đông Bắc,,2,2,2,Have certificate,Basic,3.39,2026
"Đường Lê Văn Khương, Phường Tân Thới Hiệp, TP Hồ Chí Minh",28,,,Bắc,,2,2,2,Shared certificate,,1.39,2026
"Đường Thạnh Xuân 52, Phường Thới An, TP Hồ Chí Minh",25,,,Nam,,3,3,2,Have certificate,Full,1.58,2026
"Đường Hồ Văn Huê, Phường Đức Nhuận, TP Hồ Chí Minh",38,,,,,2,2,2,Have certificate,Full,7.5,2026
"Đường Trần Thị Trọng, Phường Tân Sơn, TP Hồ Chí Minh",100,,,,,,3,,Have certificate,,6.6,2026
"Đường Bình Trị Đông, Phường Bình Trị Đông, TP Hồ Chí Minh",56,,,Đông Nam,,5,6,4,Have certificate,,6.5,2026
"Cầu vượt Tỉnh lộ 10, Phường Tân Tạo, TP Hồ Chí Minh",65,,,,,2,3,2,Have certificate,Full,3.4,2026
"Đường Bùi Đình Tuý, Phường Bình Thạnh, TP Hồ Chí Minh",60,,,,,4,4,4,Have certificate,Full,8,2026
"Đường Lê Văn Việt, Phường Tăng Nhơn Phú, TP Hồ Chí Minh",65,,,,,,3,,,,4.65,2026
"Đường 339, Phường Phước Long, TP Hồ Chí Minh",80,,,,,,4,,,,12.5,2026
"Võ Duy Ninh, Phường Thạnh Mỹ Tây, TP Hồ Chí Minh",62,,,,,2,4,4,Have certificate,Basic,5.88,2026
"Đường Nguyễn Văn Khối, Phường Thông Tây Hội, TP Hồ Chí Minh",48,,,,,3,4,3,Have certificate,Other,5.95,2026
"Đường Đoàn Văn Bơ, Phường Khánh Hội, TP Hồ Chí Minh",39,,,Đông Nam,,2,3,3,Have certificate,Basic,4.95,2026
"Đường Đông Bắc, Phường Trung Mỹ Tây, TP Hồ Chí Minh",53.5,,,Tây Bắc,,3,4,3,Have certificate,,5.69,2026
"403, Phường Chánh Hưng, TP Hồ Chí Minh",74.8,,,Bắc,,4,4,4,Have certificate,Other,13.2,2026
"Đường Bình Phú, Phường Bình Phú, TP Hồ Chí Minh",60,,,,,3,3,3,Have certificate,Full,8.4,2026
"Đường Vĩnh Hội, Phường Vĩnh Hội, TP Hồ Chí Minh",36,,,,,,2,2,Have certificate,Full,4.7,2026
"Đường Thành Công, Phường Phú Thọ Hòa, TP Hồ Chí Minh",72,,,Nam,,2,4,4,Have certificate,Basic,12,2026
"32/40, Phường Bình Thạnh, TP Hồ Chí Minh",50,,,,,,3,2,Have certificate,,7.5,2026
"Đường Nguyễn Sỹ Sách, Phường Tân Sơn, TP Hồ Chí Minh",55,,,,,2,3,,Have certificate,Full,5.3,2026
"Đường Nguyễn Thượng Hiền, Phường Bình Lợi Trung, TP Hồ Chí Minh",34,,,,,5,3,4,Have certificate,Full,6.8,2026
"Đường Huỳnh Tấn Phát, Phường Phú Thuận, TP Hồ Chí Minh",67,,,,,2,2,2,Have certificate,Basic,4.25,2026
"Đường Nguyễn Văn Công, Phường Hạnh Thông, TP Hồ Chí Minh",30,,,,,2,2,2,Have certificate,Other,4.1,2026
"Đường Thới An 16, Phường Thới An, TP Hồ Chí Minh",106,,,,,2,3,2,Have certificate,Full,5.868,2026
"Đường Huỳnh Tấn Phát, Xã Nhà Bè, TP Hồ Chí Minh",140,,,,,,10,6,Have certificate,Other,17.5,2026
"Đường Số 16, Phường Bình Hưng Hòa, TP Hồ Chí Minh",90,,,Đông Nam,,3,4,4,Have certificate,,7.6,2026
"Đường Lê Đại Hành, Phường Phú Thọ, TP Hồ Chí Minh",33,,,Bắc,,3,3,2,Have certificate,,4.5,2026
"277, Phường Hạnh Thông, TP Hồ Chí Minh",28,,,Tây Bắc,,3,3,3,Have certificate,Other,3.89,2026
"53/4A Đường 265, Phường Tăng Nhơn Phú, TP Hồ Chí Minh",56.6,,,,,,1,,Have certificate,Basic,3.2,2026
"Đường Cách Mạng Tháng 8, Phường Nhiêu Lộc, TP Hồ Chí Minh",33,,,,,2,2,2,Have certificate,Full,4.15,2026
"Đường Tô Ngọc Vân, Phường Thới An, TP Hồ Chí Minh",60,,,,,2,3,2,Have certificate,Full,2.8,2026
"Đường Đình Nghi Xuân, Phường Bình Trị Đông, TP Hồ Chí Minh",48,,,,,,2,,Have certificate,,4.6,2026
"Đường số 2D, Phường An Lạc, TP Hồ Chí Minh",72,,,Tây,,2,2,2,Have certificate,Basic,6.3,2026
"Đường Quân Sự, Phường Phú Thọ, TP Hồ Chí Minh",54,,,Tây,,3,4,3,Have certificate,,7.35,2026
"Đường Bùi Đình Tuý, Phường Bình Thạnh, TP Hồ Chí Minh",63.6,,,,,4,5,4,Have certificate,Full,8,2026
"Đường Cộng Hoà, Phường Bảy Hiền, TP Hồ Chí Minh",18,,,,,,1,,,,3,2026
"Đường Tân Hóa, Phường Minh Phụng, TP Hồ Chí Minh",40,,,Nam,,1,2,1,Have certificate,,5.5,2026
"100/35, Phường Diên Hồng, TP Hồ Chí Minh",65,,,Đông Nam,,2,3,,Have certificate,Other,13.8,2026
"Đường Điện Biên Phủ, Phường Gia Định, TP Hồ Chí Minh",25,,,,,,2,,Have certificate,,4.59,2026
"Hẻm 504 Kinh Dương Vương, Phường An Lạc, TP Hồ Chí Minh",80,,,,,,5,,,,7,2026
"Đường Dương Quảng Hàm, Phường An Nhơn, TP Hồ Chí Minh",48,,,,,,3,,Have certificate,,4.99,2026
"Đường Nguyễn Khoái, Phường Vĩnh Hội, TP Hồ Chí Minh",50,,,,,,3,2,Have certificate,,6.65,2026
"14, Phường Phú Thạnh, TP Hồ Chí Minh",76,,,Tây,,3,3,3,Have certificate,,8.9,2026
"Đường Nhất Chi Mai, Phường Tân Bình, TP Hồ Chí Minh",37,,,,,2,2,2,Have certificate,,4.3,2026
"Đường Kinh Dương Vương, Phường An Lạc, TP Hồ Chí Minh",50,,,Tây Bắc,,2,2,1,Have certificate,,4,2026
"Đường Hồ Học Lãm, Phường An Lạc, TP Hồ Chí Minh",93,,,,,4,4,5,Have certificate,Other,7.4,2026
"Đường số 2D, Phường An Lạc, TP Hồ Chí Minh",52,,,,,2,2,2,Have certificate,,7.2,2026
"17a, Phường Thủ Đức, TP Hồ Chí Minh",190,,,Tây,,1,6,6,Have certificate,Full,17.5,2026
"Bùi Viện, Phường Bến Thành, TP Hồ Chí Minh",11.7,,,Đông Bắc,,2,2,2,Have certificate,,6,2026
"Đường số 14, Phường Bình Hưng Hòa, TP Hồ Chí Minh",68,,,,,,3,,Have certificate,,4,2026
"1498., Xã Hiệp Phước, TP Hồ Chí Minh",44,,,,,2,2,2,Have certificate,,3.6,2026
"Đường Tỉnh lộ 43, Phường Tam Bình, TP Hồ Chí Minh",70.1,,,Đông Bắc,,4,4,4,Have certificate,,6.15,2026
"Đường Số 4, Phường Hiệp Bình, TP Hồ Chí Minh",75.4,,,,,2,3,4,Have certificate,Full,7.2,2026
"Đường Hương Lộ 2, Phường Bình Trị Đông, TP Hồ Chí Minh",55,,,,,,2,2,Have certificate,,3,2026
"Đường Lê Thị Riêng, Phường Thới An, TP Hồ Chí Minh",45,,,Tây Bắc,,2,2,2,Have certificate,Full,3.99,2026
"79, Xã Bà Điểm, TP Hồ Chí Minh",300,,,Đông Nam,,1,3,4,Have certificate,Full,18.5,2026
"Đường Hoàng Hoa Thám, Phường Gia Định, TP Hồ Chí Minh",19,,,Tây Bắc,,3,2,3,Have certificate,Full,3.98,2026
"Đường Nơ Trang Long, Phường Bình Thạnh, TP Hồ Chí Minh",94,,,,,2,10,6,Have certificate,Full,9.3,2026
"Đường Số 14A, Phường Bình Hưng Hòa, TP Hồ Chí Minh",40,,,,,2,2,,Have certificate,,4.38,2026
"Đường Phạm Văn Bạch, Phường Tân Sơn, TP Hồ Chí Minh",100,,,Tây Nam,,2,2,2,Have certificate,Full,6.6,2026
"Đường số 27, Phường Hiệp Bình, TP Hồ Chí Minh",150,,,,,1,4,2,Have certificate,,15.8,2026
"Đường Phú Thọ Hoà, Phường Phú Thọ Hòa, TP Hồ Chí Minh",20,,,,,,2,,Have certificate,,2,2026
"Đỗ Thừa Luông, Phường Phú Thọ Hòa, TP Hồ Chí Minh",40,,,,,2,2,,Have certificate,,4.5,2026
"Đường Bình Trị Đông, Phường Bình Trị Đông, TP Hồ Chí Minh",48,,,,,4,4,5,Have certificate,,6.25,2026
"131/50, Phường Diên Hồng, TP Hồ Chí Minh",50,,,Đông Nam,,3,4,3,Have certificate,Other,9.8,2026
"Đường Nguyễn Thiện Thuật, Phường Bàn Cờ, TP Hồ Chí Minh",48,,,,,,4,,,,9.3,2026
"Đường Phan Đăng Lưu, Phường Cầu Kiệu, TP Hồ Chí Minh",54,,,,,3,4,5,Have certificate,Full,8,2026
"766/20/2, Phường Hiệp Bình, TP Hồ Chí Minh",74,,,,,,2,,,,5.5,2026
"Đường Sơn Kỳ, Phường Tân Sơn Nhì, TP Hồ Chí Minh",120,,,,,,2,,Have certificate,,10.7,2026
"Đường Tỉnh lộ 10, Phường An Lạc, TP Hồ Chí Minh",80,,,,,,3,3,Have certificate,,5.8,2026
"Hẻm cách xe hơi 15 m, Phường Hiệp Bình, TP Hồ Chí Minh",39,,,,,1,2,1,Have certificate,Basic,2.7,2026
"Đường Bình Đông, Phường Phú Định, TP Hồ Chí Minh",48,,,,,,2,3,Have certificate,Basic,4.2,2026
"Đường Võ Thị Nhờ, Phường Tân Thuận, TP Hồ Chí Minh",66,,,Đông,,,3,4,Have certificate,Full,7.97,2026
"Đường Bình Trị Đông, Phường Bình Trị Đông, TP Hồ Chí Minh",29,,,,,,2,,Have certificate,,3.3,2026
"Đường Nguyễn Oanh, Phường Gò Vấp, TP Hồ Chí Minh",43,,,,,,4,,Have certificate,,8.5,2026
"Đường Huỳnh Tấn Phát, Phường Tân Mỹ, TP Hồ Chí Minh",20,,,,,2,2,2,Have certificate,Full,2.7,2026
"Đường Vạn Kiếp, Phường Gia Định, TP Hồ Chí Minh",40,,,,,4,3,4,Have certificate,Other,7.55,2026
"Hẻm 496 Lê Quang Định, Phường Bình Lợi Trung, TP Hồ Chí Minh",36,,,,,,2,2,Have certificate,,3.9,2026
"185, Phường Phước Long, TP Hồ Chí Minh",140,,,,,2,3,,Have certificate,,11.5,2026
"MÃ LÒ, Phường Bình Trị Đông, TP Hồ Chí Minh",63,,,,,2,2,1,,,4.3,2026
"Đường Tên Lửa, Phường An Lạc, TP Hồ Chí Minh",48,,,,,,3,2,Have certificate,,4.2,2026
"Đường Phạm Văn Đồng, Phường Hạnh Thông, TP Hồ Chí Minh",60,,,,,,4,,Have certificate,,8.98,2026
"Đường Hương Lộ 2, Phường Bình Trị Đông, TP Hồ Chí Minh",55,,,,,,2,,Have certificate,,5.3,2026
"Đường Làng Tăng Phú, Phường Tăng Nhơn Phú, TP Hồ Chí Minh",61,,,,,4,3,4,Have certificate,Other,8.1,2026
"Đường Bùi Quang Là, Phường An Hội Tây, TP Hồ Chí Minh",67,,,,,4,3,4,Have certificate,Other,6.95,2026
"Đường Số 3, Phường Bình Hưng Hòa, TP Hồ Chí Minh",45,,,Tây,,2,2,2,,Basic,4.343,2026
"Đường Vườn Lài, Phường An Phú Đông, TP Hồ Chí Minh",73,,,,,2,4,2,Have certificate,,5.6,2026
"Đường DC11, Phường Tân Sơn Nhì, TP Hồ Chí Minh",200,,,Tây Bắc,,1,3,4,Have certificate,,33.5,2026
"Đường Ni Sư Huỳnh Liên, Phường Bảy Hiền, TP Hồ Chí Minh",30,,,,,3,2,,Have certificate,,3.85,2026
"Đường Võ Thị Nhờ, Phường Tân Thuận, TP Hồ Chí Minh",30,,,,,,2,,,,3,2026
"Đường Nguyễn Thị Tuôi, Xã Vĩnh Lộc, TP Hồ Chí Minh",42,,,Tây,,2,3,2,Shared certificate,,3.2,2026
"185/6, Phường Diên Hồng, TP Hồ Chí Minh",40,,,Đông Nam,,2,2,1,Have certificate,Other,7.7,2026
"458., Phường Tân Thuận, TP Hồ Chí Minh",104,,,,,2,4,3,Have certificate,Full,6.9,2026
"Đường Số 5, Phường Bình Hưng Hòa, TP Hồ Chí Minh",32,,,,,3,4,3,Have certificate,,4.15,2026
"Đường Huỳnh Thị Hai, Phường Trung Mỹ Tây, TP Hồ Chí Minh",50,,,,,1,2,,,,3.8,2026
"HT 35, Phường Tân Thới Hiệp, TP Hồ Chí Minh",50,,,,,2,2,2,Have certificate,,4.55,2026
"Đường Nguyễn Hồng Đào, Phường Tân Bình, TP Hồ Chí Minh",30,,,,,,2,2,,,4.8,2026
"Đường Hòa Hảo, Phường Vườn Lài, TP Hồ Chí Minh",24,,,,,,4,,Have certificate,,5.9,2026
"708/36/10, Phường Minh Phụng, TP Hồ Chí Minh",186.2,,,,,2,4,2,Have certificate,,25.5,2026
"Kinh Dương Vương, Phường An Lạc, TP Hồ Chí Minh",76,,,Đông Nam,,2,2,,Have certificate,,7.38,2026
"Đường Hiệp Thành 18, Phường Tân Thới Hiệp, TP Hồ Chí Minh",148,,,Đông Nam,,3,5,5,Have certificate,Full,12.98,2026
"Đường Dương Quảng Hàm, Phường An Nhơn, TP Hồ Chí Minh",52,,,,,,4,,Have certificate,Other,5.98,2026
"Đường Hương Lộ 3, Phường Bình Hưng Hòa, TP Hồ Chí Minh",68,,,Tây Nam,,3,4,4,Have certificate,Full,7,2026
"Đường Dương Tự Quán, Phường An Lạc, TP Hồ Chí Minh",17.4,,,Bắc,,2,1,2,Have certificate,,2.88,2026
"Đường Văn Cao, Phường Phú Thọ Hòa, TP Hồ Chí Minh",44,,,,,2,2,2,Have certificate,Basic,5.2,2026
"Đường Trần Xuân Soạn, Phường Tân Hưng, TP Hồ Chí Minh",120,,,,,4,3,4,Have certificate,Other,6.3,2026
"Đường Phạm Văn Chiêu, Phường Gò Vấp, TP Hồ Chí Minh",30,,,,,,2,2,Have certificate,,2.99,2026
"Đường Lạc Long Quân, Phường Tân Hòa, TP Hồ Chí Minh",50,,,,,,3,,Have certificate,,8,2026
"1, Phường Bình Phú, TP Hồ Chí Minh",110,,,,,8,10,,Have certificate,Full,17.9,2026
"Đường Tân Hòa Đông, Phường Bình Trị Đông, TP Hồ Chí Minh",64,,,,,,3,2,Have certificate,,6.7,2026
"Đường Dương Quảng Hàm, Phường An Nhơn, TP Hồ Chí Minh",126,,,,,,10,,,,23.999,2026
"Đường Hoàng Ngân, Phường Phú Định, TP Hồ Chí Minh",119,,,,,,1,,Have certificate,,7.95,2026
"Đường Tô Ký, Phường Trung Mỹ Tây, TP Hồ Chí Minh",58,,,,,5,4,3,Have certificate,Basic,6.9,2026
"Đường Trần Thị Trọng, Phường Tân Sơn, TP Hồ Chí Minh",60,,,,,4,5,5,Have certificate,,7.9,2026
"zalo. 0767.745.313, Phường Bình Tiên, TP Hồ Chí Minh",68,,,,,5,5,5,Have certificate,Other,13.499,2026
"Đường Ni Sư Huỳnh Liên, Phường Bảy Hiền, TP Hồ Chí Minh",57.4,,,,,,8,,Have certificate,Other,11.5,2026
"Đường Cách Mạng Tháng 8, Phường Tân Sơn Nhất, TP Hồ Chí Minh",70,,,,,,7,,Have certificate,Other,11.99,2026
"Đường Bà Hom, Phường Phú Lâm, TP Hồ Chí Minh",75,,,,,,2,2,Have certificate,,6,2026
"Đường Hồ Học Lãm, Phường An Lạc, TP Hồ Chí Minh",38,,,,,2,2,,Have certificate,,3.39,2026
"Đường Tân Hương, Phường Tân Sơn Nhì, TP Hồ Chí Minh",80,,,,,5,4,5,Have certificate,Other,9.2,2026
"Hẻm 442 Quốc Lộ 1A, Phường An Phú Đông, TP Hồ Chí Minh",62,,,,,4,4,4,Have certificate,Full,5.5,2026
"Đường Nguyễn Sỹ Sách, Phường Tân Sơn, TP Hồ Chí Minh",40,,,Đông Bắc,,2,2,2,Have certificate,Full,3.99,2026
"Đường số 51, Phường An Hội Tây, TP Hồ Chí Minh",20,,,,,2,2,2,Have certificate,Full,2.99,2026
"Đường Trần Hưng Đạo, Phường Chợ Quán, TP Hồ Chí Minh",18,,,,,3,2,3,Have certificate,Basic,2.95,2026
"Đường Bùi Quang Là, Phường An Hội Tây, TP Hồ Chí Minh",66,,,Đông Bắc,,2,3,4,Have certificate,Other,6.95,2026
"Đường Quốc lộ 1, Phường Tam Bình, TP Hồ Chí Minh",88,,,Đông Nam,,,2,2,Have certificate,,5.1,2026
"Đường Bùi Quang Là, Phường An Hội Tây, TP Hồ Chí Minh",48,,,,,5,4,6,Have certificate,Other,6.58,2026
"Đường Nguyễn Duy Cung, Phường An Hội Tây, TP Hồ Chí Minh",88,,,,,5,6,6,Have certificate,Other,10.9,2026
"1092, Phường Tân Mỹ, TP Hồ Chí Minh",30,,,Đông,,2,2,2,Shared certificate,Basic,1.78,2026
"Đường Nguyễn Văn Nghi, Phường Hạnh Thông, TP Hồ Chí Minh",12,,,,,3,2,3,Have certificate,Basic,2.75,2026
"Đường Bình Long, Phường Phú Thạnh, TP Hồ Chí Minh",56,,,,,3,3,3,Have certificate,Other,5,2026
"Đường Tân Mỹ, Phường Tân Thuận, TP Hồ Chí Minh",39.4,,,,,4,4,3,Have certificate,Full,7.95,2026
"Phước Long B, Phường Phước Long, TP Hồ Chí Minh",136,,,,,,4,,,,19.4,2026
"Đường số 1A, Phường An Lạc, TP Hồ Chí Minh",126,,,,,4,5,6,Have certificate,,16.8,2026
"Đường số 9, Phường Linh Xuân, TP Hồ Chí Minh",71,,,,,2,2,2,Have certificate,,5.65,2026
"Hẻm 154/1 Cống Lở, Phường Tân Sơn, TP Hồ Chí Minh",80,,,Tây Nam,,4,4,5,Have certificate,Other,10.5,2026
"Đường Số 8, Phường Tân Hưng, TP Hồ Chí Minh",225,,,,,,4,,Have certificate,,45,2026
"Đường Hương Lộ 2, Phường Bình Trị Đông, TP Hồ Chí Minh",35,,,,,4,4,,Have certificate,,4.74,2026
"Đường Lạc Long Quân, Phường Hòa Bình, TP Hồ Chí Minh",21.4,,,,,4,2,1,Have certificate,Full,4.3,2026
"Đường Bùi Đình Tuý, Phường Bình Thạnh, TP Hồ Chí Minh",55.7,,,,,1,2,2,Have certificate,Full,5.999,2026
"Nguyễn Duy Dương P4 Quận 10, Phường Vườn Lài, TP Hồ Chí Minh",33,,,,,,1,1,,,5.2,2026
"Đường Số 11, Phường Thủ Đức, TP Hồ Chí Minh",102,,,,,,4,4,Have certificate,,6.9,2026
"Đường số 28, Phường Hiệp Bình, TP Hồ Chí Minh",52,,,,,2,2,2,Have certificate,,4.8,2026
"Đường Lê Trọng Tấn, Phường Bình Tân, TP Hồ Chí Minh",52,,,,,,2,2,Have certificate,Other,4.28,2026
"Đường Nguyễn Xiển, Phường Long Bình, TP Hồ Chí Minh",203,,,,,,3,,Have certificate,,12,2026
"Đường Huỳnh Tấn Phát, Phường Phú Thuận, TP Hồ Chí Minh",75,,,,,4,4,5,Have certificate,Other,7,2026
"Đường Nguyễn Thị Định, Phường Bình Trưng, TP Hồ Chí Minh",56,,,,,,4,5,Have certificate,,6.6,2026
"Đường Thạnh Xuân 25, Phường Thới An, TP Hồ Chí Minh",60,,,Đông,,4,5,5,Have certificate,Other,6.29,2026
"Đường Hoàng Sa, Phường Nhiêu Lộc, TP Hồ Chí Minh",55,,,,,,3,3,,,7.5,2026
"Đường Cách Mạng Tháng 8, Phường Vườn Lài, TP Hồ Chí Minh",20,,,,,,2,,,,3,2026
"Đường Nguyễn Tri Phương, Phường Hòa Hưng, TP Hồ Chí Minh",171,,,,,3,5,,Have certificate,Full,38,2026
"Đường số 9, Phường Linh Xuân, TP Hồ Chí Minh",56,,,,,1,2,1,Have certificate,Basic,4.6,2026
"Đường Nguyễn Văn Quá, Phường Đông Hưng Thuận, TP Hồ Chí Minh",52,,,Đông Nam,,2,3,2,Have certificate,Other,3.35,2026
"Đường Bắc Hải, Phường Tân Bình, TP Hồ Chí Minh",59,,,,,,6,,,,9.5,2026
"Đường Vườn Lài, Phường Phú Thọ Hòa, TP Hồ Chí Minh",50,,,,,,4,,Have certificate,Other,8.25,2026
"Đường Huỳnh Văn Bánh, Phường Phú Nhuận, TP Hồ Chí Minh",36,,,,,,5,5,Have certificate,,7.2,2026
"Cầu Hậu Giang, Phường Bình Phú, TP Hồ Chí Minh",32,,,Đông Bắc,,2,2,2,Have certificate,Full,2.95,2026
"Đường Trịnh Đình Trọng, Phường Tân Phú, TP Hồ Chí Minh",65,,,,,,4,,Have certificate,Other,10.8,2026
"Đường Trần Quang Cơ, Phường Tân Thới Hiệp, TP Hồ Chí Minh",54,,,Đông,,3,4,5,Have certificate,Full,6.29,2026
"Đường Số 17, Phường Hiệp Bình, TP Hồ Chí Minh",70,,,,,4,4,5,Have certificate,Basic,13.5,2026
"Đường An Dương Vương, Phường An Lạc, TP Hồ Chí Minh",81,,,,,4,4,,Have certificate,,6.4,2026
"Hẻm 52 Thạnh Xuân 21, Phường Thới An, TP Hồ Chí Minh",75,,,Đông Bắc,,2,2,2,Have certificate,Full,3.69,2026
"Đường Liên khu 4-5, Phường Bình Tân, TP Hồ Chí Minh",48,,,,,2,3,2,Have certificate,Full,4.29,2026
"Đường Kênh Tân Hóa, Phường Tân Phú, TP Hồ Chí Minh",15,,,,,3,2,,Have certificate,,2.33,2026
"Đường Lạc Long Quân, Phường Bảy Hiền, TP Hồ Chí Minh",42,,,,,1,3,2,Have certificate,,4.95,2026
"Đường Xô Viết Nghệ Tĩnh, Phường Bình Thạnh, TP Hồ Chí Minh",60,,,,,,4,,Have certificate,,6.85,2026
"Đường Hoàng Hoa Thám, Phường Đức Nhuận, TP Hồ Chí Minh",31.5,,,,,3,5,4,Have certificate,Other,7.25,2026
"Đường số 20, Phường Long Bình, TP Hồ Chí Minh",184,,,,,,3,2,,,14.9,2026
"Đường Xô Viết Nghệ Tĩnh, Phường Bình Thạnh, TP Hồ Chí Minh",60,,,,,,4,,Have certificate,,6.85,2026
"Đường Hoàng Hoa Thám, Phường Đức Nhuận, TP Hồ Chí Minh",31.5,,,,,3,5,4,Have certificate,Other,7.25,2026
"623, Phường Xóm Chiếu, TP Hồ Chí Minh",111,,,,,1,5,5,Have certificate,Basic,7.86,2026
"Tth21, Phường Tân Thới Hiệp, TP Hồ Chí Minh",24,,,Nam,,1,2,2,Shared certificate,Full,1.05,2026
"Đường Lê Đức Thọ, Phường An Hội Đông, TP Hồ Chí Minh",94,,,,,1,2,,Have certificate,,8,2026
"Đường số 6, Phường Linh Xuân, TP Hồ Chí Minh",80,,,,,1,2,2,Have certificate,Basic,7,2026
"Đường Phạm Văn Chiêu, Phường An Hội Tây, TP Hồ Chí Minh",52,,,,,,4,,Have certificate,,6.6,2026
"78.1, Phường Bình Hưng Hòa, TP Hồ Chí Minh",83,,,Tây,,4,5,4,Have certificate,Other,7.99,2026
"Đường Mai Hắc Đế, Phường Phú Định, TP Hồ Chí Minh",144,,,,,3,5,,Have certificate,Other,11.5,2026
"Đường Huỳnh Văn Bánh, Phường Phú Nhuận, TP Hồ Chí Minh",36,,,,,,5,5,Have certificate,,7.2,2026
"159, Phường Xóm Chiếu, TP Hồ Chí Minh",110,,,,,2,3,2,Have certificate,Basic,6.8,2026
"500, Phường Khánh Hội, TP Hồ Chí Minh",27,,,,,4,2,3,Have certificate,Full,4.2,2026
"3/2, Phường Hòa Hưng, TP Hồ Chí Minh",107,,,,,,6,,,Full,23.6,2026
"Đường Lê Đình Cẩn, Phường Tân Tạo, TP Hồ Chí Minh",33.6,,,Bắc,,1,2,1,Have certificate,Basic,3.59,2026
"Đường Phạm Văn Đồng, Phường Hạnh Thông, TP Hồ Chí Minh",30,,,,,,3,3,Have certificate,Full,5.28,2026
"Đường Nguyễn Ðình Chiểu, Phường Bàn Cờ, TP Hồ Chí Minh",24,,,,,,3,4,,,12.9,2026
"Đường Nguyễn Văn Quá, Phường Đông Hưng Thuận, TP Hồ Chí Minh",52,,,Đông Nam,,2,3,2,Have certificate,Other,3.35,2026
"8, Phường Phú Thuận, TP Hồ Chí Minh",136,,,,,2,4,3,Have certificate,Basic,15,2026
"Đường Trịnh Đình Trọng, Phường Tân Phú, TP Hồ Chí Minh",65,,,,,,4,,Have certificate,Other,10.8,2026
"Đường Phạm Văn Bạch, Phường Tân Sơn, TP Hồ Chí Minh",30,,,Đông Nam,,2,2,2,Have certificate,Full,3.85,2026
"Đường Hoàng Văn Thụ, Phường Tân Sơn Nhất, TP Hồ Chí Minh",75,,,,,,8,,,,9.9,2026
"Đường Phạm Văn Đồng, Phường Hiệp Bình, TP Hồ Chí Minh",95,,,,,3,5,5,Have certificate,,10.8,2026
"Đường số 57, Phường Tân Tạo, TP Hồ Chí Minh",50,,,Nam,,4,4,5,No certificate,,5.6,2026
"Đường Số 20, Phường Thủ Đức, TP Hồ Chí Minh",75.8,,,,,,4,4,Have certificate,,7.5,2026
"Đường Tân Quý, Phường Tân Sơn Nhì, TP Hồ Chí Minh",70,,,,,4,4,5,,Other,7.8,2026
"Bình Trưng Đông, Phường Bình Trưng, TP Hồ Chí Minh",80,,,,,2,3,3,Have certificate,,6.2,2026
"zalo 0767.745.313, Phường Bình Phú, TP Hồ Chí Minh",110,,,,,4,7,5,Have certificate,Other,20.49,2026
"zalo 0767.745.313, Phường Bình Phú, TP Hồ Chí Minh",72,,,,,4,4,4,Have certificate,Other,15.79,2026
"Đường Phạm Thế Hiển, Phường Chánh Hưng, TP Hồ Chí Minh",43,,,,,4,5,5,Have certificate,,7,2026
"Đường Nguyễn Thị Tư, Phường Long Trường, TP Hồ Chí Minh",115,,,,,3,4,4,Have certificate,Other,8.8,2026
"Đường Lương Trúc Đàm, Phường Phú Thạnh, TP Hồ Chí Minh",74,,,,,,3,4,,,8.9,2026
"Đường Phạm Văn Chiêu, Phường An Hội Tây, TP Hồ Chí Minh",51,,,,,2,2,,Have certificate,,4.95,2026
"Đường Bờ Bao, Phường Tân Sơn Nhì, TP Hồ Chí Minh",80,,,,,,4,,Have certificate,Other,10.5,2026
"Đường số 16, Phường An Lạc, TP Hồ Chí Minh",129,,,Đông,,3,3,3,Have certificate,Full,16.3,2026
"Nguyễn Duy Dương , Phường Vườn Lài, TP Hồ Chí Minh",35,,,,,2,2,2,Have certificate,,5.5,2026
"Đường Quang Trung, Phường Gò Vấp, TP Hồ Chí Minh",33.25,,,,,2,3,3,Have certificate,Other,4.98,2026
"Không số , Phường Thới An, TP Hồ Chí Minh",56,,,Đông Bắc,,1,2,1,Shared certificate,Basic,1.57,2026
"Đường Nguyễn Đình Chiểu, Phường Bàn Cờ, TP Hồ Chí Minh",20,,,,,2,2,1,Have certificate,,3.5,2026
"Đường Lê Quang Định, Phường Bình Lợi Trung, TP Hồ Chí Minh",40,,,,,,2,,Have certificate,,3.85,2026
"78/9, Xã Bà Điểm, TP Hồ Chí Minh",85,,,Đông Nam,,3,4,5,Have certificate,Other,6.77,2026
"Đường 6A, Phường An Lạc, TP Hồ Chí Minh",200,,,Tây,,3,4,4,Have certificate,Other,34.8,2026
"Đường Quang Trung, Phường An Hội Tây, TP Hồ Chí Minh",70,,,,,,2,,Have certificate,,4.845,2026
"Đường Dã Tượng, Phường Chánh Hưng, TP Hồ Chí Minh",57,,,Tây,,5,6,4,,,10.8,2026
"Đường Phạm Văn Hai, Phường Tân Sơn Hòa, TP Hồ Chí Minh",135,,,,,3,4,4,Have certificate,,18.5,2026
"Đường Thống Nhất, Phường An Hội Đông, TP Hồ Chí Minh",191,,,,,,5,5,Have certificate,,13.5,2026
"Đường Điện Biên Phủ, Phường Gia Định, TP Hồ Chí Minh",52,,,,,,5,6,Have certificate,,6.99,2026
"Đường Nguyễn Thị Huê, Xã Bà Điểm, TP Hồ Chí Minh",40,,,,,,3,,,,3.45,2026
"Đường Số 28, Phường Cát Lái, TP Hồ Chí Minh",72.8,,,,,,4,5,Have certificate,,8.5,2026
"Đường Nguyễn Thị Kiểu, Phường Tân Thới Hiệp, TP Hồ Chí Minh",50,,,,,3,4,,Have certificate,,4.58,2026
"7/28C, Phường An Lạc, TP Hồ Chí Minh",72,,,Tây,,1,8,4,Have certificate,,6.2,2026
"Đường Hoa Lan, Phường Cầu Kiệu, TP Hồ Chí Minh",64,,,,,4,5,4,Have certificate,Basic,25.2,2026
"Đường Lạc Long Quân, Phường Tân Hòa, TP Hồ Chí Minh",20,,,Đông,,3,2,2,Have certificate,,3.6,2026
"Đường Quốc lộ 13, Phường Hiệp Bình, TP Hồ Chí Minh",60,,,Tây Bắc,,3,3,4,Have certificate,Basic,8.2,2026
"Phạm Văng Sáng, Xã Bà Điểm, TP Hồ Chí Minh",85,,,Đông Bắc,,3,4,3,Have certificate,Other,6.5,2026
"Đường An Dương Vương, Phường Bình Phú, TP Hồ Chí Minh",64,,,,,4,5,4,,,10.7,2026
"Đường Tân Hòa Đông, Phường Bình Trị Đông, TP Hồ Chí Minh",59,,,Tây,,2,3,2,Have certificate,Full,4.78,2026
"1014/15/5, Phường Bình Hưng Hòa, TP Hồ Chí Minh",137,,,,,,9,6,Have certificate,,9.5,2026
"Đường Nguyễn Trọng Tuyển, Phường Cầu Kiệu, TP Hồ Chí Minh",32,,,,,3,2,3,Have certificate,Basic,8.75,2026
"Đường Tỉnh lộ 10, Phường An Lạc, TP Hồ Chí Minh",17,,,,,2,2,1,Have certificate,Basic,2.2,2026
"Đường Lê Đình Cẩn, Phường Bình Trị Đông, TP Hồ Chí Minh",323.2,,,,,,1,1,Have certificate,,24.5,2026
"Đường Nguyễn Văn Tạo, Xã Hiệp Phước, TP Hồ Chí Minh",93,,,,,,3,3,Have certificate,,4,2026
"Đường số 7, Phường Tam Bình, TP Hồ Chí Minh",56,,,,,2,2,2,Have certificate,Basic,3.5,2026
"Đường số 19, Phường An Lạc, TP Hồ Chí Minh",90,,,Nam,,4,4,5,Have certificate,Full,15.7,2026
"Đường Bà Hom, Phường Phú Lâm, TP Hồ Chí Minh",66,,,Bắc,,5,10,6,Have certificate,,9.5,2026
"Đường số 34, Phường An Lạc, TP Hồ Chí Minh",200,,,Đông,,4,6,6,Have certificate,Full,34,2026
"Thiên Phước, Phường Tân Hòa, TP Hồ Chí Minh",39,,,,,2,2,2,Have certificate,,6.5,2026
"Đường Tô Ký, Phường Trung Mỹ Tây, TP Hồ Chí Minh",80,,,Bắc,,2,3,3,Have certificate,Full,5.5,2026
"Đường Liên khu 5-6, Phường Bình Tân, TP Hồ Chí Minh",65,,,,,33,3,3,Have certificate,Other,5.89,2026
"Đường Nguyễn Văn Khối, Phường Thông Tây Hội, TP Hồ Chí Minh",24,,,Đông Nam,,2,2,2,Have certificate,Full,3.1,2026
"Đường Nguyễn Cửu Đàm, Phường Tân Sơn Nhì, TP Hồ Chí Minh",95,,,,,5,7,6,Have certificate,Other,16.55,2026
"Đường Lê Đình Cẩn, Phường Tân Tạo, TP Hồ Chí Minh",40,,,,,2,2,2,Have certificate,,4.28,2026
"Đường số 48, Phường Hiệp Bình, TP Hồ Chí Minh",50,,,,,,2,2,,,6.7,2026
"Đường Lê Văn Sỹ, Phường Tân Sơn Hòa, TP Hồ Chí Minh",79,,,Tây Bắc,,2,3,2,Have certificate,,12.3,2026
"Đường 185, Phường Phước Long, TP Hồ Chí Minh",86,,,,,2,4,3,Have certificate,Full,6,2026
"Đường Bưng Ông Thoàn, Phường Long Trường, TP Hồ Chí Minh",53,,,Tây Nam,,3,4,3,Have certificate,Full,5.5,2026
"Đường Điện Biên Phủ, Phường Gia Định, TP Hồ Chí Minh",43,,,,,5,5,,Have certificate,Basic,7.8,2026
"Đường Ngô Quyền, Phường Vườn Lài, TP Hồ Chí Minh",39.2,,,,,3,3,3,,,7.1,2026
"Thới An 11, Phường Thới An, TP Hồ Chí Minh",96,,,Tây,,3,4,4,Have certificate,Full,6.19,2026
"Đường Trần Xuân Soạn, Phường Tân Hưng, TP Hồ Chí Minh",30,,,Đông Nam,,3,4,,Have certificate,Basic,4.95,2026
"30, Phường Tân Hưng, TP Hồ Chí Minh",48,,,,,2,2,,Have certificate,Full,5.4,2026
"148/11, Phường An Hội Tây, TP Hồ Chí Minh",28,,,Đông Bắc,,2,2,2,Have certificate,Other,2.9,2026
"Đường Trần Đại Nghĩa, Xã Tân Nhựt, TP Hồ Chí Minh",75,,,,,,2,2,Have certificate,Other,750,2026
"Đường Số 4, Phường Bình Tân, TP Hồ Chí Minh",49,,,Tây,,2,2,2,Have certificate,Other,3.25,2026
"Đường Quang Trung, Phường Gò Vấp, TP Hồ Chí Minh",52.5,,,,,,3,3,Have certificate,Other,6.7,2026
"Đường 3 Tháng 2, Phường Hòa Hưng, TP Hồ Chí Minh",108,,,Đông Bắc,,2,2,2,Have certificate,,23.5,2026
"Đường Chiến Lược, Phường Bình Trị Đông, TP Hồ Chí Minh",13,,,,,,1,,Have certificate,,1.78,2026
"333/12/31, Phường Tân Sơn Hòa, TP Hồ Chí Minh",80,,,,,2,3,3,Have certificate,,12.3,2026
"Đường Thoại Ngọc Hầu, Phường Phú Thạnh, TP Hồ Chí Minh",50,,,,,2,2,2,Shared certificate,,2.6,2026
"ĐƯỜNG TÂN LIÊM, Xã Bình Hưng, TP Hồ Chí Minh",112,,,,,2,3,3,Have certificate,Other,1.9,2026
"Đường Hoàng Trọng Mậu, Phường Tân Hưng, TP Hồ Chí Minh",30,,,,,3,4,3,Have certificate,Basic,5.4,2026
"Đường Huỳnh Tấn Phát, Phường Tân Thuận, TP Hồ Chí Minh",44,,,,,,3,,,,5,2026
"Đường Lê Văn Việt, Phường Tăng Nhơn Phú, TP Hồ Chí Minh",56.6,,,,,,2,,,,3.215,2026
"Đường Số 40, Phường Hiệp Bình, TP Hồ Chí Minh",50,,,Tây,,5,5,6,Have certificate,Basic,8.5,2026
"Liên Khu 56, Phường Bình Tân, TP Hồ Chí Minh",68,,,,,1,3,2,Have certificate,Full,3.85,2026
"Phạm Văn Chiêu , Phường An Hội Tây, TP Hồ Chí Minh",98,,,,,,9,,Have certificate,,9.8,2026
"Đường Lê Văn Khương, Phường Tân Thới Hiệp, TP Hồ Chí Minh",65,,,,,,3,2,,,2.55,2026
"Gần Chợ Hiệp Bình , Phường Hiệp Bình, TP Hồ Chí Minh",32,,,,,,2,2,Shared certificate,,1.65,2026
"Tân Chánh Hiệp 03-07, Phường Trung Mỹ Tây, TP Hồ Chí Minh",69,,,Tây Bắc,,5,10,6,Have certificate,Other,9.89,2026
"Đường Số 4, Phường Thủ Đức, TP Hồ Chí Minh",97,,,Đông,,2,6,6,Have certificate,Full,7.7,2026
"Đường Thành Thái, Phường Diên Hồng, TP Hồ Chí Minh",48,,,,,4,4,,Have certificate,,8.5,2026
"Đường số 9, Phường Linh Xuân, TP Hồ Chí Minh",100,,,,,4,4,3,Have certificate,,8.615,2026
"Đường Phan Tây Hồ, Phường Cầu Kiệu, TP Hồ Chí Minh",26,,,,,2,2,2,,,4.5,2026
"Hẻm 373 Lý Thường Kiệt, Phường Tân Hòa, TP Hồ Chí Minh",79.5,,,,,,6,,Have certificate,Other,16.5,2026
"Đường Lê Văn Sỹ, Phường Nhiêu Lộc, TP Hồ Chí Minh",43,,,Tây Bắc,,2,4,3,Have certificate,Full,7.2,2026
"Đông Hưng Thuận 3, Phường Đông Hưng Thuận, TP Hồ Chí Minh",64,,,,,,2,,Have certificate,,4.1,2026
"Đường Lê Văn Việt, Phường Tăng Nhơn Phú, TP Hồ Chí Minh",82,,,Tây Bắc,,1,2,1,,,4.7,2026
"Đường Ni Sư Huỳnh Liên, Phường Bảy Hiền, TP Hồ Chí Minh",70,,,,,2,3,2,Have certificate,Full,7.6,2026
"Đường Hoàng Diệu 2, Phường Linh Xuân, TP Hồ Chí Minh",146,,,,,4,5,5,Have certificate,Other,17,2026
"đường số 18B, Phường Bình Trị Đông, TP Hồ Chí Minh",90,,,,,4,5,6,Have certificate,Other,8.29,2026
"Đường Bình Đông, Phường Phú Định, TP Hồ Chí Minh",47,,,,,,2,2,,,4.95,2026
"Đường Nguyễn Gia Trí, Phường Thạnh Mỹ Tây, TP Hồ Chí Minh",50,,,,,2,2,3,Have certificate,Full,10.19,2026
"Đường Nguyễn Hữu Tiến, Phường Tây Thạnh, TP Hồ Chí Minh",40,,,,,4,3,2,Have certificate,,6.09,2026
"Đường Lê Văn Quới, Phường Bình Hưng Hòa, TP Hồ Chí Minh",56,,,,,5,5,4,Have certificate,Full,7.15,2026
"Đường Quốc lộ 22, Xã Bà Điểm, TP Hồ Chí Minh",117,,,,,,3,,Have certificate,,3.89,2026
"Đường Quang Trung, Phường Thông Tây Hội, TP Hồ Chí Minh",46,,,,,,3,,Have certificate,,4.68,2026
"Đường Ngô Tất Tố, Phường Thạnh Mỹ Tây, TP Hồ Chí Minh",42,,,,,2,2,2,Have certificate,Basic,5.19,2026
"Đường Tây Lân, Phường Bình Trị Đông, TP Hồ Chí Minh",41,,,Bắc,,3,4,3,Have certificate,,6.5,2026
"Đường Phùng Văn Cung, Phường Cầu Kiệu, TP Hồ Chí Minh",32,,,,,4,4,4,Have certificate,Other,7.58,2026
"Võ Duy Ninh, Phường Thạnh Mỹ Tây, TP Hồ Chí Minh",70,,,,,2,3,3,Have certificate,Basic,5.7,2026
"Đường Thành Thái, Phường Diên Hồng, TP Hồ Chí Minh",43,,,,,3,4,3,Have certificate,,6.6,2026
"Đường Nguyễn Kiệm, Phường Hạnh Thông, TP Hồ Chí Minh",24,,,,,3,2,3,Have certificate,Full,3.99,2026
"Đường Số 9, Phường Thủ Đức, TP Hồ Chí Minh",54,,,,,3,4,4,Have certificate,Full,7,2026
"Đường Bãi Sậy, Phường Bình Tiên, TP Hồ Chí Minh",21,,,,,3,3,1,Have certificate,,2.59,2026
"Đường Thích Quảng Đức, Phường Đức Nhuận, TP Hồ Chí Minh",80,,,,,4,5,5,Have certificate,Full,16.5,2026
"Đường Số 9, Phường Long Trường, TP Hồ Chí Minh",72,,,,,2,1,1,Have certificate,,3.65,2026
"Đường Số 25, Phường Hiệp Bình, TP Hồ Chí Minh",246,,,,,4,5,6,Have certificate,Other,33,2026
"Đường Phan Văn Trị, Phường Gò Vấp, TP Hồ Chí Minh",60,,,,,,3,,Have certificate,,4.86,2026
"Đường Cách Mạng Tháng 8, Phường Tân Sơn Nhất, TP Hồ Chí Minh",42,,,,,2,3,3,Have certificate,,4.9,2026
"Đường Đinh Bộ Lĩnh, Phường Bình Thạnh, TP Hồ Chí Minh",115,,,,,2,3,2,Have certificate,Full,12.5,2026
"Đường Lê Văn Sỹ, Phường Tân Sơn Hòa, TP Hồ Chí Minh",63,,,,,,5,5,Have certificate,,14.9,2026
"Đường Phạm Văn Hai, Phường Tân Sơn Hòa, TP Hồ Chí Minh",46,,,,,3,4,5,Have certificate,Full,7.55,2026
"Đường Huỳnh Tấn Phát, Phường Phú Thuận, TP Hồ Chí Minh",57,,,,,3,4,3,Have certificate,Basic,6.45,2026
"Phan Huy Ích, Phường An Hội Tây, TP Hồ Chí Minh",60,,,,,2,3,2,Have certificate,Basic,5.88,2026
"Đường Phú Định, Phường Phú Định, TP Hồ Chí Minh",92,,,,,3,3,3,,Other,6.999,2026
"Đường Huỳnh Tấn Phát, Phường Phú Thuận, TP Hồ Chí Minh",100,,,,,,3,,Have certificate,,6.9,2026
"Đường Số 21, Xã Bình Hưng, TP Hồ Chí Minh",96,,,,,,10,,Have certificate,,11,2026
"23, Phường Bình Phú, TP Hồ Chí Minh",80,,,Tây,,3,4,4,Have certificate,,14,2026
"Đường Chu Văn An, Phường Bình Thạnh, TP Hồ Chí Minh",41,,,,,5,3,,Have certificate,Full,9.87,2026
"Đường Bùi Minh Trực, Phường Chánh Hưng, TP Hồ Chí Minh",30,,,,,,2,,,,3,2026
"Đường Lê Văn Khương, Phường Tân Thới Hiệp, TP Hồ Chí Minh",84,,,,,1,1,1,Have certificate,Basic,4.6,2026
"Đường Mỹ Huề 6, Xã Bà Điểm, TP Hồ Chí Minh",28.4,,,Tây,,2,2,2,Have certificate,,2.65,2026
"Đường Lê Thị Hoa, Phường Tam Bình, TP Hồ Chí Minh",60,,,,,2,2,2,Have certificate,Full,3.5,2026
"Đường Bùi Tư Toàn, Phường An Lạc, TP Hồ Chí Minh",78,,,Bắc,,4,4,3,Have certificate,Full,6.35,2026
"425, Phường Bảy Hiền, TP Hồ Chí Minh",71.8,,,,,4,4,,Have certificate,Other,21.5,2026
"Hẻm 391 Huỳnh Tấn Phát, Phường Tân Thuận, TP Hồ Chí Minh",42,,,Đông Nam,,,3,2,Have certificate,,5,2026
"Đường Bờ Bao Tân Thắng, Phường Tân Sơn Nhì, TP Hồ Chí Minh",64,,,,,3,3,,Have certificate,,8.5,2026
"Đường Huỳnh Minh Mương, Xã Phú Hòa Đông, TP Hồ Chí Minh",96,,,Đông Nam,,1,2,1,Have certificate,Full,1.65,2026
"Đường Lê Đức Thọ, Phường Gò Vấp, TP Hồ Chí Minh",67,,,,,1,2,2,Have certificate,Basic,4.8,2026
"Đường Huỳnh Tấn Phát, Phường Phú Thuận, TP Hồ Chí Minh",60,,,,,3,4,3,Have certificate,Full,6,2026
"Đường Phan Văn Trị, Phường Bình Lợi Trung, TP Hồ Chí Minh",34,,,Đông Bắc,,2,2,2,Have certificate,Other,5.95,2026
"Đường Số 8, Phường Tăng Nhơn Phú, TP Hồ Chí Minh",129,,,,,3,5,5,Have certificate,Full,11,2026
"Đường Huỳnh Văn Bánh, Phường Cầu Kiệu, TP Hồ Chí Minh",53,,,,,,3,4,Have certificate,,7.2,2026
"Đường Hiệp Thành 5, Phường Tân Thới Hiệp, TP Hồ Chí Minh",51,,,,,2,4,,Have certificate,Basic,3.75,2026
"Đường Phạm Thế Hiển, Phường Bình Đông, TP Hồ Chí Minh",38,,,,,2,2,2,Have certificate,,3.6,2026
"Đường Võ Duy Ninh, Phường Thạnh Mỹ Tây, TP Hồ Chí Minh",12,,,,,3,2,3,Have certificate,Basic,2.4,2026
"Đường Quách Điêu, Xã Vĩnh Lộc, TP Hồ Chí Minh",52,,,Đông Bắc,,22,3,2,,,2.48,2026
"Đường Cao Thắng, Phường Cầu Kiệu, TP Hồ Chí Minh",16,,,,,3,2,3,Have certificate,Full,3.6,2026
"Đường số 311, Phường Tăng Nhơn Phú, TP Hồ Chí Minh",92,,,,,1,2,1,Have certificate,,6.65,2026
"Đường 105 Trịnh Quang Nghị, Phường Bình Đông, TP Hồ Chí Minh",120,,,,,4,5,5,Have certificate,,9.9,2026
"Đường Nguyễn Đình Thi, Phường Phước Long, TP Hồ Chí Minh",260,,,,,4,4,5,Have certificate,,23.9,2026
"Đường Lã Xuân Oai, Phường Tăng Nhơn Phú, TP Hồ Chí Minh",63.5,,,,,,3,,Have certificate,,6.5,2026
"Đường Bờ Bao, Phường Tân Sơn Nhì, TP Hồ Chí Minh",35,,,,,,3,,,,5.89,2026
"Đường Nguyễn Văn Đậu, Phường Bình Lợi Trung, TP Hồ Chí Minh",70,,,,,3,4,4,Have certificate,Full,7.3,2026
"Đường Gia Phú, Phường Bình Tiên, TP Hồ Chí Minh",44,,,,,3,3,3,Have certificate,Other,4,2026
"Đường Tỉnh lộ 10, Phường Bình Trị Đông, TP Hồ Chí Minh",60,,,,,2,2,2,Have certificate,Full,4.78,2026
"Đường số 15, Phường Bình Hưng Hòa, TP Hồ Chí Minh",64,,,,,4,5,5,Have certificate,Other,8.18,2026
"Đường Lê Thúc Hoạch, Phường Phú Thọ Hòa, TP Hồ Chí Minh",144,,,Nam,,3,6,4,Have certificate,Other,32,2026
"Đường Mã Lò, Phường Bình Trị Đông, TP Hồ Chí Minh",63,,,,,4,5,4,Have certificate,Full,6,2026
"Đường Lạc Long Quân, Phường Bảy Hiền, TP Hồ Chí Minh",60.75,,,Đông Bắc,,5,6,,Have certificate,Other,13.8,2026
"Đường Xô Viết Nghệ Tĩnh, Phường Thạnh Mỹ Tây, TP Hồ Chí Minh",60,,,Đông,,2,3,3,Have certificate,,6.85,2026
"Đường Bình Tiên, Phường Bình Tiên, TP Hồ Chí Minh",40,,,,,3,4,3,Have certificate,,4,2026
"Đường Huỳnh Văn Bánh, Phường Phú Nhuận, TP Hồ Chí Minh",77,,,,,3,4,4,Have certificate,Other,8.6,2026
"Đường Nguyễn Văn Bứa, Xã Bà Điểm, TP Hồ Chí Minh",20,,,,,2,3,2,Have certificate,Full,535,2026
"Đường Quốc lộ 1, Phường An Phú Đông, TP Hồ Chí Minh",68,,,,,4,3,4,Have certificate,,6.65,2026
"Đường Nguyễn Duy Dương, Phường Vườn Lài, TP Hồ Chí Minh",31,,,,,3,3,3,Have certificate,Full,6.2,2026
"Đường Bùi Đình Tuý, Phường Bình Thạnh, TP Hồ Chí Minh",63,,,,,3,5,4,Have certificate,Full,8,2026
"Đường số 14, Phường Bình Hưng Hòa, TP Hồ Chí Minh",36,,,,,,2,2,Have certificate,,3,2026
"33, Phường Vĩnh Hội, TP Hồ Chí Minh",45,,,Đông Nam,,3,4,3,Have certificate,Other,12.6,2026
"Đường số 18, Phường Thông Tây Hội, TP Hồ Chí Minh",70,,,,,3,4,4,Have certificate,Full,6.78,2026
"Đường Thích Quảng Đức, Phường Đức Nhuận, TP Hồ Chí Minh",110,,,,,3,5,,,Full,19.5,2026
"Tl 43, Phường An Phú Đông, TP Hồ Chí Minh",27,,,Đông Nam,,,2,2,Shared certificate,,1.18,2026
"Đường Số 21, Xã Bình Hưng, TP Hồ Chí Minh",120,,,,,,4,,Have certificate,,13.8,2026
"Đường Minh Phụng, Phường Bình Tây, TP Hồ Chí Minh",40,,,,,2,3,,Have certificate,,4,2026
"Lê Đình Cẩn, Phường Tân Tạo, TP Hồ Chí Minh",40,,,,,,2,,Have certificate,Full,4.2,2026
"Đường Hồng Lạc, Phường Bảy Hiền, TP Hồ Chí Minh",40,,,Đông,,4,4,4,,,7.8,2026
"Đường Liên khu 10-11, Phường Bình Trị Đông, TP Hồ Chí Minh",72,,,,,,2,,,,5.28,2026
"Đường Bông Sao, Phường Chánh Hưng, TP Hồ Chí Minh",81.6,,,,,4,5,4,Have certificate,Other,10,2026
"Phú Thọ Hòa, Phường Phú Thọ Hòa, TP Hồ Chí Minh",99,,,,,,1,1,Have certificate,,18.2,2026
"Đường Nguyễn Trãi, Phường Chợ Quán, TP Hồ Chí Minh",73,,,,,2,2,2,Have certificate,,9.6,2026
"Đường Nguyễn Duy Cung, Phường An Hội Tây, TP Hồ Chí Minh",85,,,,,,6,6,Have certificate,Other,10.8,2026
"Đường Số 4, Phường Hiệp Bình, TP Hồ Chí Minh",250,,,,,,10,,Have certificate,,12.6,2026
"479/50/28, Phường Bình Trị Đông, TP Hồ Chí Minh",63.7,,,Đông,,2,3,3,Have certificate,Other,6.7,2026
"1, Phường Bình Tiên, TP Hồ Chí Minh",154,,,,,3,4,4,Have certificate,Full,22.5,2026
"Đường số 30, Phường An Nhơn, TP Hồ Chí Minh",65,,,Tây Nam,,5,4,4,Have certificate,Full,9.5,2026
"Đường Rạch Bùng Binh, Phường Nhiêu Lộc, TP Hồ Chí Minh",36,,,,,,2,,,,10,2026
"Đường Nguyễn Thị Thập, Phường Tân Hưng, TP Hồ Chí Minh",105,,,,,,3,,Have certificate,,23.6,2026
"Đường Hồ Văn Long, Phường Bình Tân, TP Hồ Chí Minh",77,,,,,,3,3,Have certificate,Full,4.5,2026
"Đường Trường Chinh, Phường Tân Bình, TP Hồ Chí Minh",70,,,,,3,4,4,Have certificate,,9.3,2026
"Đường Nguyễn Sơn, Phường Phú Thạnh, TP Hồ Chí Minh",40,,,Tây Nam,,2,2,2,Have certificate,,4.379,2026
"Đường Lê Văn Lương, Xã Nhà Bè, TP Hồ Chí Minh",110,,,Đông Bắc,,2,3,2,Have certificate,Full,6,2026
"Đường Sơn Kỳ, Phường Tân Sơn Nhì, TP Hồ Chí Minh",40,,,,,5,5,,Have certificate,,6.3,2026
"Nguyễn Thị Tiểu, Xã Bà Điểm, TP Hồ Chí Minh",80,,,Tây Nam,,4,5,5,Have certificate,Other,6.8,2026
"Đường Phan Đăng Lưu, Phường Gia Định, TP Hồ Chí Minh",52.67,,,,,3,4,5,Have certificate,,8.4,2026
"Lâm văn bền, Phường Tân Hưng, TP Hồ Chí Minh",77,,,,,2,2,,Have certificate,,8.35,2026
"Đường Thiên Phước, Phường Tân Hòa, TP Hồ Chí Minh",69,,,,,,3,,,,7.4,2026
"Đường Âu Dương Lân, Phường Chánh Hưng, TP Hồ Chí Minh",21.3,,,,,4,2,2,Have certificate,Basic,2.48,2026
"Đường Trương Thị Hoa, Phường Tân Thới Hiệp, TP Hồ Chí Minh",54,,,Đông,,4,5,5,Have certificate,Other,7.59,2026
"Đường Huỳnh Tấn Phát, Phường Phú Thuận, TP Hồ Chí Minh",42.3,,,,,3,3,3,Have certificate,Full,5,2026
"Đường Nguyễn Công Hoan, Phường Cầu Kiệu, TP Hồ Chí Minh",60,,,,,5,6,6,Have certificate,Other,10.5,2026
"Đường số 9, Phường Linh Xuân, TP Hồ Chí Minh",207,,,,,2,4,4,Have certificate,,13.199,2026
"Đường Hồng Lạc, Phường Bảy Hiền, TP Hồ Chí Minh",81.3,,,Tây Nam,,2,6,3,Have certificate,Basic,6.35,2026
"Đường Bùi Đình Tuý, Phường Bình Thạnh, TP Hồ Chí Minh",60,,,,,4,4,4,Have certificate,Full,8,2026
"đường số 13b phường bình trị đông b quận bình tân, Phường Bình Tân, TP Hồ Chí Minh",255.5,,,Đông Nam,,3,4,4,Have certificate,Full,54,2026
"Đường Thoại Ngọc Hầu, Phường Phú Thạnh, TP Hồ Chí Minh",50,,,Đông,,2,2,1,Have certificate,Other,2.6,2026
"Đường Hương Lộ 2, Phường Bình Trị Đông, TP Hồ Chí Minh",84,,,,,5,5,6,Have certificate,,6,2026
"Đường Phạm Văn Sáng, Xã Bà Điểm, TP Hồ Chí Minh",75,,,Đông Nam,,3,4,3,Have certificate,,5.5,2026
"Đường Nguyễn Thiện Thuật, Phường Bàn Cờ, TP Hồ Chí Minh",46,,,,,,4,,,,8.9,2026
"Đường Số 25, Phường Tân Hưng, TP Hồ Chí Minh",15.75,,,,,1,1,1,Shared certificate,,820,2026
"102, Phường Tăng Nhơn Phú, TP Hồ Chí Minh",60,,,,,,4,,Have certificate,,6.8,2026
"Đường Tân Thắng, Phường Tân Sơn Nhì, TP Hồ Chí Minh",72,,,,,4,5,6,Have certificate,Full,9.4,2026
"Lâm Văn Bền, Phường Tân Hưng, TP Hồ Chí Minh",77,,,,,2,2,2,Have certificate,,8,2026
"Đường Lê Thị Riêng, Phường Bến Thành, TP Hồ Chí Minh",51,,,,,,1,,Have certificate,,9.7,2026
"Đường Phạm Văn Chiêu, Phường An Hội Tây, TP Hồ Chí Minh",57,,,,,1,4,3,Have certificate,Other,5.3,2026
"Hẻm 284 Đường Lê Văn Sỹ, Phường Nhiêu Lộc, TP Hồ Chí Minh",47.3,,,Tây Nam,,5,6,6,Have certificate,Basic,8.25,2026
"Đường Lạc Long Quân, Phường Tân Hòa, TP Hồ Chí Minh",28,,,,,3,2,,,,5.99,2026
"Đường số 8, Phường Long Phước, TP Hồ Chí Minh",60,,,Tây Bắc,,2,2,2,Have certificate,Basic,4.5,2026
"Đường Trần Văn Quang, Phường Bảy Hiền, TP Hồ Chí Minh",50.6,,,,,,3,2,Have certificate,,5,2026
"Đường Hà Duy Phiên, Xã Bình Mỹ, TP Hồ Chí Minh",56,,,,,,3,,,,1.7,2026
"Đường Bình Trị Đông, Phường Bình Trị Đông, TP Hồ Chí Minh",65,,,,,3,5,,,,5.95,2026
"Nam Long, Phường An Lạc, TP Hồ Chí Minh",56,,,Tây Bắc,,2,2,2,Have certificate,,6.1,2026
"Nguyễn Văn Lượng, Phường An Hội Đông, TP Hồ Chí Minh",250,,,,,5,10,6,Have certificate,Full,23.5,2026
"Phan Huy Ích, Phường An Hội Tây, TP Hồ Chí Minh",77,,,,,5,10,6,Have certificate,Full,15.8,2026
"Điện Biên Phủ, Phường Gia Định, TP Hồ Chí Minh",42.6,,,,,2,3,2,Have certificate,Basic,4.6,2026
"Đường Đào Tông Nguyên, Xã Nhà Bè, TP Hồ Chí Minh",33,,,Đông,,3,4,3,Have certificate,Other,2.79,2026
"Đường số 11, Phường Bình Hưng Hòa, TP Hồ Chí Minh",43,,,,,2,2,3,Have certificate,Basic,5,2026
"Đường Đào Tông Nguyên, Xã Nhà Bè, TP Hồ Chí Minh",60,,,,,4,4,5,Have certificate,Other,7.5,2026
"Đường Số 339, Phường Phước Long, TP Hồ Chí Minh",50,,,,,,2,1,Have certificate,,5.5,2026
"Đường Lương Văn Can, Phường Phú Định, TP Hồ Chí Minh",19.2,,,Đông,,3,2,2,Shared certificate,Basic,1.9,2026
"Đường Phạm Văn Bạch, Phường Tân Sơn, TP Hồ Chí Minh",80,,,Tây Nam,,5,6,6,,,10.5,2026
"Đường Bông Sao, Phường Chánh Hưng, TP Hồ Chí Minh",53.3,,,,,,2,2,Have certificate,,4.2,2026
"Đường Ðường Số 3 Cư Xá Đô Thành, Phường Bàn Cờ, TP Hồ Chí Minh",40,,,Đông Bắc,,1,2,,Have certificate,,7.8,2026
"Đường Văn Cao, Phường Phú Thạnh, TP Hồ Chí Minh",13,,,Tây,,3,2,2,Have certificate,Basic,4.15,2026
"Đường Tân Sơn Nhì, Phường Tân Sơn Nhì, TP Hồ Chí Minh",22,,,,,,1,1,,,3,2026
"Tăng Nhơn Phú B, Phường Tăng Nhơn Phú, TP Hồ Chí Minh",95,,,,,2,3,3,Have certificate,,7.3,2026
"Đường Số 3, Phường Phước Long, TP Hồ Chí Minh",122,,,,,1,2,2,Have certificate,,8,2026
"Đường Văn Thân, Phường Bình Tiên, TP Hồ Chí Minh",14,,,,,2,2,2,Have certificate,Basic,1.65,2026
"Tân Hưng, Phường Tân Hưng, TP Hồ Chí Minh",150,,,Nam,,4,4,5,Have certificate,Other,51,2026
"Đường Nguyễn Ngọc Cung, Phường Phú Định, TP Hồ Chí Minh",45,,,,,2,2,2,Have certificate,,3.3,2026
"Đường số 4, Phường Linh Xuân, TP Hồ Chí Minh",130,,,,,,3,,Have certificate,,4.3,2026
"Lâm Văn Bền, Phường Tân Hưng, TP Hồ Chí Minh",35,,,,,2,3,2,,,4.1,2026
"1806, Xã Nhà Bè, TP Hồ Chí Minh",60,,,Tây,,3,4,5,Have certificate,Other,6.678,2026
"Đường Lê Văn Quới, Phường Bình Trị Đông, TP Hồ Chí Minh",104,,,Đông,,3,3,4,Have certificate,,7.3,2026
"Đường Lê Văn Sỹ, Phường Nhiêu Lộc, TP Hồ Chí Minh",92,,,,,2,3,3,Have certificate,Full,11.5,2026
"Đường 827, Phường Long Trường, TP Hồ Chí Minh",55,,,,,3,3,3,Have certificate,,6.4,2026
"Bờ Bao Tân Thắng, Phường Tân Sơn Nhì, TP Hồ Chí Minh",35,,,,,5,4,3,Have certificate,,5.7,2026
"Đường Huỳnh Tấn Phát, Xã Nhà Bè, TP Hồ Chí Minh",35.2,,,Bắc,,2,2,2,Have certificate,Other,2.53,2026
"Cư Xá Phú Lâm B , Phường Bình Phú, TP Hồ Chí Minh",66,,,Đông,,1,1,1,Have certificate,,8.8,2026
"Đường Bình Trị Đông, Phường Bình Trị Đông, TP Hồ Chí Minh",65,,,Tây,,3,4,4,Have certificate,,5.95,2026
"Đường Xô Viết Nghệ Tĩnh, Phường Thạnh Mỹ Tây, TP Hồ Chí Minh",58,,,,,2,3,3,Have certificate,Other,6.85,2026
"Đường Lê Văn Quới, Phường Bình Hưng Hòa, TP Hồ Chí Minh",67,,,Nam,,2,3,2,Have certificate,Other,4.5,2026
"Đường Trần Xuân Soạn, Phường Tân Thuận, TP Hồ Chí Minh",25,,,,,,3,,,,5.2,2026
"Đường Phú Thọ Hoà, Phường Phú Thọ Hòa, TP Hồ Chí Minh",18,,,Bắc,,2,2,2,Have certificate,Full,2.3,2026
"Tân Hưng, Phường Tân Hưng, TP Hồ Chí Minh",100,,,Nam,,4,4,5,Have certificate,Other,29,2026
"Đường Số 8, Phường Bình Tân, TP Hồ Chí Minh",73,,,,,,4,,Have certificate,,5,2026
"Đường Bình Trị Đông, Phường Bình Trị Đông, TP Hồ Chí Minh",50,,,,,4,5,4,Have certificate,,6,2026
"Đường Hậu Giang, Phường Phú Lâm, TP Hồ Chí Minh",77,,,Tây,,2,3,,Have certificate,,6.4,2026
"Đường D4, Phường Tân Mỹ, TP Hồ Chí Minh",90,,,Bắc,,4,4,5,Have certificate,Other,17.9,2026
"Đường Nguyễn Duy Trinh, Phường Long Trường, TP Hồ Chí Minh",51,,,,,2,3,2,Have certificate,Basic,4.2,2026
"Đường 12 tam bình, Phường Tăng Nhơn Phú, TP Hồ Chí Minh",62,,,,,,4,,,,5,2026
"Đường Hồ Văn Long, Phường Bình Tân, TP Hồ Chí Minh",107,,,Đông Nam,,1,6,6,Have certificate,Other,6.5,2026
"Đường Tam Đa, Phường Long Phước, TP Hồ Chí Minh",56,,,Tây Nam,,3,4,4,Have certificate,Basic,5.1,2026
"Đường Lê Văn Lương, Phường Tân Hưng, TP Hồ Chí Minh",90,,,,,,2,,Other,,4.6,2026
"An Phú, Phường Bình Trưng, TP Hồ Chí Minh",84,,,,,,5,6,Have certificate,,19.9,2026
"Zalo , Phường An Lạc, TP Hồ Chí Minh",80,,,,,5,5,5,Have certificate,Other,13.9,2026
"385, Phường Tăng Nhơn Phú, TP Hồ Chí Minh",60,,,,,,4,4,,,6,2026
"79, Phường Phú Thọ Hòa, TP Hồ Chí Minh",30,,,,,3,2,2,Have certificate,Basic,3.99,2026
"Đường Lê Trung Đình, Phường Tân Sơn Nhì, TP Hồ Chí Minh",32,,,Nam,,5,4,4,Have certificate,Basic,4.95,2026
"53/125/, Phường Bình Tân, TP Hồ Chí Minh",36,,,,,,4,3,Shared certificate,,2.45,2026
"Đường Lê Văn Lương, Phường Tân Hưng, TP Hồ Chí Minh",90,,,,,,2,,Other,,4.6,2026
"Đường Lê Đình Cẩn, Phường Tân Tạo, TP Hồ Chí Minh",32,,,,,3,3,3,Have certificate,Full,3.89,2026
"Đường Chiến Lược, Phường Bình Trị Đông, TP Hồ Chí Minh",84,,,Đông,,2,4,4,Have certificate,,6.5,2026
"Đường Lê Văn Lương, Xã Nhà Bè, TP Hồ Chí Minh",139,,,Bắc,,3,4,5,Have certificate,Basic,9.6,2026
"Đường Hương Lộ 2, Phường Bình Trị Đông, TP Hồ Chí Minh",45,,,,,,2,,Have certificate,,3.4,2026
"188, Phường Bảy Hiền, TP Hồ Chí Minh",55,,,,,2,2,2,Have certificate,Basic,4.79,2026
"Hẻm Nguyễn Phi Khanh, Phường Tân Định, TP Hồ Chí Minh",24,,,Bắc,,1,1,2,Have certificate,Basic,4.3,2026
"Đường Nam Hòa, Phường Phước Long, TP Hồ Chí Minh",44,,,Nam,,5,4,6,Have certificate,,4.3,2026
"Đường 100, Phường Tăng Nhơn Phú, TP Hồ Chí Minh",56,,,Đông Nam,,3,4,3,Have certificate,Other,6.15,2026
"Hẻm 115 Đường số 51, Phường An Hội Tây, TP Hồ Chí Minh",30,,,,,2,2,2,Have certificate,,4.89,2026
"Cầu vượt Tân Thới Hiệp, Phường Tân Thới Hiệp, TP Hồ Chí Minh",52,,,,,2,3,2,Have certificate,,3.75,2026
"Đường Đặng Nhữ Lâm, Xã Nhà Bè, TP Hồ Chí Minh",100,,,,,1,6,6,Have certificate,,5.1,2026
"Đường Tân Hòa Đông, Phường Phú Lâm, TP Hồ Chí Minh",32,,,,,2,2,2,Have certificate,Other,3.75,2026
"Huỳnh Tấn Phát.., Xã Nhà Bè, TP Hồ Chí Minh",130,,,,,,2,1,Have certificate,Basic,4.39,2026
"Đường Phạm Văn Bạch, Phường Tân Sơn, TP Hồ Chí Minh",39,,,,,2,3,2,Have certificate,Full,4.5,2026
"Đường Nguyễn Bình, Xã Nhà Bè, TP Hồ Chí Minh",71,,,,,1,2,1,Have certificate,,3.55,2026
"Đường Bình Đông, Phường Phú Định, TP Hồ Chí Minh",90,,,,,2,5,2,Have certificate,Full,14.9,2026
"Đường Hậu Giang, Phường Phú Lâm, TP Hồ Chí Minh",92,,,,,1,1,1,,,22.5,2026
"Đường Phan Anh, Phường Phú Thạnh, TP Hồ Chí Minh",60,,,Đông Nam,,,2,2,,,6.49,2026
"Đường Quang Trung, Phường Gò Vấp, TP Hồ Chí Minh",40,,,,,4,4,5,Have certificate,Other,6.5,2026
"Đường Âu Cơ, Phường Tân Hòa, TP Hồ Chí Minh",315,,,,,,10,,Have certificate,,27.5,2026
"301, Phường Phước Long, TP Hồ Chí Minh",35,,,,,4,2,3,Have certificate,Full,4.1,2026
"Đường Số 5, Phường Chánh Hưng, TP Hồ Chí Minh",75,,,,,4,4,4,Have certificate,,13.95,2026
"Hẻm 336 Nguyễn Văn Luông, Phường Phú Lâm, TP Hồ Chí Minh",69,,,,,2,2,2,Have certificate,,7.5,2026
"Đường Tây Hòa, Phường Phước Long, TP Hồ Chí Minh",55,,,,,,2,,Have certificate,,4.4,2026
"Đường số 12, Phường Hiệp Bình, TP Hồ Chí Minh",78,,,,,4,4,4,Have certificate,Full,6.9,2026
"Đường 130 Cao Lỗ, Phường Chánh Hưng, TP Hồ Chí Minh",80,,,Tây Bắc,,4,5,5,Have certificate,Full,18.95,2026
"Đường Hương Lộ 2, Phường Bình Trị Đông, TP Hồ Chí Minh",80,,,,,5,6,6,Have certificate,,8.9,2026
"628 Hậu Giang P12 Q6, Phường Phú Lâm, TP Hồ Chí Minh",77.1,,,Tây,,,3,3,Have certificate,,6.4,2026
"Đường Thạnh Lộc 43, Phường An Phú Đông, TP Hồ Chí Minh",30,,,,,,3,,Shared certificate,,1.19,2026
"Đường Lê Thúc Hoạch, Phường Tân Sơn Nhì, TP Hồ Chí Minh",75,,,,,,7,,,,8,2026
"Đường Bùi Quang Là, Phường An Hội Tây, TP Hồ Chí Minh",67,,,,,4,3,4,Have certificate,Other,6.95,2026
"Nhà Hẻm 136, Phường Nhiêu Lộc, TP Hồ Chí Minh",24,,,Đông Nam,,4,3,3,Have certificate,Full,6.85,2026
"Đường Huỳnh Tấn Phát, Phường Tân Mỹ, TP Hồ Chí Minh",70,,,,,,4,,Have certificate,,6.29,2026
"Đường Huỳnh Tấn Phát, Xã Nhà Bè, TP Hồ Chí Minh",52,,,Đông,,4,4,3,Have certificate,Other,6.66,2026
"Quốc Lộ 52, Phường Phước Long, TP Hồ Chí Minh",26,,,,,2,3,1,No certificate,Basic,2.9,2026
"Đường Phan Anh, Phường Bình Trị Đông, TP Hồ Chí Minh",68,,,,,,4,,Have certificate,,10.6,2026
"Đường Chánh Hưng, Phường Chánh Hưng, TP Hồ Chí Minh",34,,,,,3,3,3,,,5.75,2026
"Đường Nguyễn Kim, Phường Diên Hồng, TP Hồ Chí Minh",50,,,,,2,3,2,Have certificate,Basic,6.6,2026
"Đường An Dương Vương, Phường Phú Định, TP Hồ Chí Minh",44,,,Bắc,,4,4,3,Have certificate,,6.6,2026
"00, Phường Xóm Chiếu, TP Hồ Chí Minh",24,,,Đông Nam,,4,3,3,Have certificate,Full,5.6,2026
"Đường Hương Lộ 2, Phường Bình Trị Đông, TP Hồ Chí Minh",73,,,,,2,2,2,Have certificate,Basic,5.98,2026
"Đường Phan Huy Ích, Phường An Hội Tây, TP Hồ Chí Minh",36,,,,,3,3,3,,,5.97,2026
"Đường số 8, Phường Long Trường, TP Hồ Chí Minh",60,,,,,3,4,3,,,4.5,2026
"Đường 130 Cao Lỗ, Phường Chánh Hưng, TP Hồ Chí Minh",80,,,Tây Bắc,,4,5,5,Have certificate,Full,18.95,2026
"Đường Huỳnh Tấn Phát, Xã Nhà Bè, TP Hồ Chí Minh",32,,,,,2,2,,Shared certificate,,1.98,2026
"Đường 53C, Phường Tân Tạo, TP Hồ Chí Minh",80,,,,,,1,,Have certificate,,7.5,2026
"Đường Phổ Quang, Phường Tân Sơn Hòa, TP Hồ Chí Minh",40,,,,,,2,2,Have certificate,,6.6,2026
"628 Hậu Giang P12 Q6, Phường Phú Lâm, TP Hồ Chí Minh",77.1,,,Tây,,,3,3,Have certificate,,6.4,2026
"Đường Số 5, Phường Bình Hưng Hòa, TP Hồ Chí Minh",95,,,,,,3,,Have certificate,,12.5,2026
"21/27, Phường Bảy Hiền, TP Hồ Chí Minh",59,,,Tây,,4,4,6,Have certificate,Full,8.2,2026
"Đường Nguyễn Thị Búp, Phường Trung Mỹ Tây, TP Hồ Chí Minh",56,,,,,3,4,3,Have certificate,Full,5.45,2026
"lê văn lương, Phường Tân Hưng, TP Hồ Chí Minh",13.5,,,,,1,1,1,Shared certificate,,639,2026
"kênh Tham Lương, Phường Đông Hưng Thuận, TP Hồ Chí Minh",52,,,,,2,2,2,Have certificate,,4.75,2026
"Tân Kỳ Tân Quý, Phường Tây Thạnh, TP Hồ Chí Minh",198,,,,,2,4,3,Have certificate,Full,23,2026
"Đường Quốc lộ 50, Phường Bình Đông, TP Hồ Chí Minh",42,,,Đông Bắc,,3,3,3,Have certificate,Full,5.78,2026
"00, Phường Xóm Chiếu, TP Hồ Chí Minh",24,,,Đông Nam,,4,3,3,Have certificate,Full,5.6,2026
"Đường An Dương Vương, Phường Phú Định, TP Hồ Chí Minh",44,,,Bắc,,4,4,3,Have certificate,,6.6,2026
"173, Phường An Lạc, TP Hồ Chí Minh",42,,,,,,2,2,Have certificate,,4.499,2026
"57, Phường Tân Tạo, TP Hồ Chí Minh",60,,,,,,4,5,Have certificate,,6.5,2026
"Đường Tân Hòa Đông, Phường Bình Trị Đông, TP Hồ Chí Minh",75,,,,,5,6,5,Have certificate,Other,8.89,2026
"kênh Tham Lương, Phường Đông Hưng Thuận, TP Hồ Chí Minh",52,,,,,2,2,2,Have certificate,,4.75,2026
"Đường Quốc lộ 50, Phường Bình Đông, TP Hồ Chí Minh",42,,,Đông Bắc,,3,3,3,Have certificate,Full,5.78,2026
"Đường Nguyễn Duy, Phường Gia Định, TP Hồ Chí Minh",42,,,,,,5,5,Have certificate,,7.5,2026
"351/22, Phường Long Trường, TP Hồ Chí Minh",98.7,,,,,,2,,Have certificate,,6.5,2026
"Đường số 19, Phường An Lạc, TP Hồ Chí Minh",90,,,Nam,,4,4,5,Have certificate,Full,15.7,2026
"Đường Âu Dương Lân, Phường Chánh Hưng, TP Hồ Chí Minh",28,,,,,3,3,3,Have certificate,,5.35,2026
"Đường Hương Lộ 2, Phường Bình Trị Đông, TP Hồ Chí Minh",73,,,,,2,2,2,Have certificate,Basic,5.98,2026
"21/27, Phường Bảy Hiền, TP Hồ Chí Minh",59,,,Tây,,4,4,6,Have certificate,Full,8.2,2026
"Đường Huỳnh Văn Nghệ, Phường Tân Sơn, TP Hồ Chí Minh",20,,,,,2,2,2,Have certificate,Full,3.47,2026
"Đường Lê Thị Kim, Xã Xuân Thới Sơn, TP Hồ Chí Minh",99,,,,,,2,,Have certificate,,3.95,2026
"Đường Dương Bá Trạc, Phường Chánh Hưng, TP Hồ Chí Minh",48.4,,,,,2,3,3,Have certificate,,7.8,2026
"Đường Tân Hòa Đông, Phường Bình Trị Đông, TP Hồ Chí Minh",75,,,,,5,6,5,Have certificate,Other,8.89,2026
"Đường Phạm Văn Chiêu, Phường An Hội Tây, TP Hồ Chí Minh",70,,,,,5,10,6,Have certificate,Full,12.8,2026
"Đường Dương Cát Lợi, Xã Nhà Bè, TP Hồ Chí Minh",80.72,,,Đông,,4,3,3,Have certificate,Other,8.4,2026
"Đường Lê Đức Thọ, Phường An Nhơn, TP Hồ Chí Minh",22,,,,,2,2,2,Have certificate,Full,2.7,2026
"Đường Cách Mạng Tháng 8, Phường Nhiêu Lộc, TP Hồ Chí Minh",65,,,,,,3,2,Have certificate,Basic,7.7,2026
"Đường Thạnh Xuân 25, Phường Thới An, TP Hồ Chí Minh",80,,,Đông,,4,4,6,Have certificate,Full,7.8,2026
"57, Phường Tân Tạo, TP Hồ Chí Minh",60,,,,,,4,5,Have certificate,,6.5,2026
"Đường Nguyễn Duy, Phường Gia Định, TP Hồ Chí Minh",42,,,,,,5,5,Have certificate,,7.5,2026
"Đường Âu Dương Lân, Phường Chánh Hưng, TP Hồ Chí Minh",28,,,,,3,3,3,Have certificate,,5.35,2026
"Đường Nguyễn Đình Chiểu, Phường Bàn Cờ, TP Hồ Chí Minh",64,,,,,2,2,2,Have certificate,,29.5,2026
"Đường Thiên Phước, Phường Bảy Hiền, TP Hồ Chí Minh",69,,,,,2,3,,,,7.5,2026
"Đường Tân Hòa Đông, Phường Bình Trị Đông, TP Hồ Chí Minh",41.2,,,,,,3,,Have certificate,,3.3,2026
"Đường Bờ Bao Tân Thắng, Phường Tân Sơn Nhì, TP Hồ Chí Minh",120,,,,,,5,,Have certificate,,10.7,2026
"Đường Nguyễn Trãi, Phường Chợ Quán, TP Hồ Chí Minh",24.3,,,,,,2,3,Have certificate,,4.89,2026
"Đường Lê Quang Kim, Phường Chánh Hưng, TP Hồ Chí Minh",88,,,Đông Bắc,,2,3,2,Have certificate,Full,15.5,2026
"Đường Vườn Lài, Phường Phú Thọ Hòa, TP Hồ Chí Minh",42,,,,,,2,,,,5.8,2026
"Đường Dương Bá Trạc, Phường Chánh Hưng, TP Hồ Chí Minh",53,,,,,4,4,3,,,7.35,2026
"Đường Tây Thạnh, Phường Tây Thạnh, TP Hồ Chí Minh",40,,,,,3,3,2,Have certificate,Basic,4.65,2026
"Trần Văn Cẩn, Phường Phú Thạnh, TP Hồ Chí Minh",60,,,,,4,7,6,Have certificate,Full,8.8,2026
"Đường Trần Văn Kiểu, Phường Bình Phú, TP Hồ Chí Minh",112,,,,,,6,,Have certificate,,24,2026
"Đường Bình Tiên, Phường Bình Tiên, TP Hồ Chí Minh",36,,,,,,4,3,,,5.88,2026
"Đường Số 3, Phường Phước Long, TP Hồ Chí Minh",87,,,,,1,1,1,,,10,2026
"Đường 783 Tạ Quang Bửu, Phường Chánh Hưng, TP Hồ Chí Minh",58,,,Tây Bắc,,4,5,5,Have certificate,Other,8.6,2026
"Đường Tân Thới Hiệp 21, Phường Tân Thới Hiệp, TP Hồ Chí Minh",50,,,Tây,,2,3,2,Have certificate,,5.18,2026
"Đường Bạch Đằng, Phường Gia Định, TP Hồ Chí Minh",36,,,Đông Nam,,2,3,2,Have certificate,Full,5.45,2026
"Đường Nguyễn Hữu Tiến, Phường Tây Thạnh, TP Hồ Chí Minh",140,,,,,,10,6,Have certificate,,13,2026
"Đường Song Hành Xa lộ Hà Nội, Phường Linh Xuân, TP Hồ Chí Minh",30,,,,,,1,1,Shared certificate,Full,780,2026
"Đường số 5D, Phường Bình Hưng Hòa, TP Hồ Chí Minh",40,,,,,2,2,2,Have certificate,Other,4.69,2026
"Đường 783 Tạ Quang Bửu, Phường Chánh Hưng, TP Hồ Chí Minh",58,,,,,,5,5,Have certificate,Full,8.6,2026
"Đường Lê Quang Định, Phường Bình Thạnh, TP Hồ Chí Minh",44,,,,,,6,6,,,7.8,2026
"Đường Hoàng Xuân Nhị, Phường Tân Phú, TP Hồ Chí Minh",125,,,Đông Nam,,2,3,3,Have certificate,Basic,13,2026
"Đường số 5D, Phường Bình Hưng Hòa, TP Hồ Chí Minh",40,,,,,2,2,2,Have certificate,Other,4.69,2026
"Đường Lê Văn Khương, Phường Tân Thới Hiệp, TP Hồ Chí Minh",20,,,,,2,2,2,Have certificate,,1.85,2026
"....., Phường An Lạc, TP Hồ Chí Minh",123,,,,,3,4,4,Have certificate,Full,16,2026
"Đường Lê Quang Định, Phường Bình Thạnh, TP Hồ Chí Minh",44,,,,,,6,6,,,7.8,2026
"Đường An Bình, Phường An Đông, TP Hồ Chí Minh",29.2,,,Nam,,3,3,3,Have certificate,,6.5,2026
"Đường Song Hành Quốc Lộ 22, Xã Bà Điểm, TP Hồ Chí Minh",85,,,,,3,4,3,,,4.49,2026
"3/22P, Xã Hóc Môn, TP Hồ Chí Minh",125,,,Tây Nam,,2,4,3,Have certificate,Full,3.5,2026
"Đường Trần Văn Kiểu, Phường Bình Phú, TP Hồ Chí Minh",112,,,,,,6,,Have certificate,,24,2026
"Đường Lê Văn Quới, Phường Bình Trị Đông, TP Hồ Chí Minh",60,,,,,5,6,6,Have certificate,,8.95,2026
"183, Phường An Phú Đông, TP Hồ Chí Minh",125,,,,,,8,6,Have certificate,,17,2026
"00, Phường Khánh Hội, TP Hồ Chí Minh",41.6,,,,,4,3,3,Have certificate,Full,4.15,2026
"Phú Thuận, Phường Phú Thuận, TP Hồ Chí Minh",80,,,Bắc,,,3,,Have certificate,,11.2,2026
"Đường số 11, Phường Bình Hưng Hòa, TP Hồ Chí Minh",51,,,,,4,4,5,Have certificate,,6.2,2026
"Đường Trần Văn Ơn, Phường Tân Sơn Nhì, TP Hồ Chí Minh",40,,,,,5,5,,Have certificate,Basic,6.38,2026
"Đường Lâm Văn Bền, Phường Tân Hưng, TP Hồ Chí Minh",77,,,,,,2,,,,8.35,2026
"Đường Số 50, Phường Tân Tạo, TP Hồ Chí Minh",100,,,,,4,5,5,Have certificate,,10.6,2026
"Đô Đốc lộc, Phường Tân Sơn Nhì, TP Hồ Chí Minh",30,,,,,,2,,Have certificate,,2.69,2026
"Đường Cầu Xây, Phường Tăng Nhơn Phú, TP Hồ Chí Minh",85,,,,,2,3,2,Have certificate,Basic,4.85,2026
"Đường Lê Văn Thọ, Phường Thông Tây Hội, TP Hồ Chí Minh",60,,,,,5,4,5,Have certificate,Other,13.9,2026
"Đường Võ Văn Hát, Phường Long Trường, TP Hồ Chí Minh",63,,,,,,2,,Have certificate,,4.75,2026
"Đường Cây Sung, Phường Phú Định, TP Hồ Chí Minh",150,,,Đông Nam,,,4,2,Have certificate,,10,2026
"Đường Nguyễn Văn Bứa, Xã Xuân Thới Sơn, TP Hồ Chí Minh",144,,,,,2,3,2,No certificate,,4.8,2026
"Đường Bờ Bao Tân Thắng, Phường Tây Thạnh, TP Hồ Chí Minh",43,,,,,2,2,,Have certificate,,4.3,2026
"Hẻm 504 Kinh Dương Vương, Phường An Lạc, TP Hồ Chí Minh",80,,,,,3,4,4,Have certificate,Basic,7,2026
"Đường Lê Cơ, Phường An Lạc, TP Hồ Chí Minh",100,,,,,4,4,5,Have certificate,Other,12,2026
"Đường Bình Đông, Phường Phú Định, TP Hồ Chí Minh",80,,,,,5,9,6,Have certificate,,8.5,2026
"Đường Lê Lư, Phường Phú Thọ Hòa, TP Hồ Chí Minh",95.5,,,,,,4,4,Have certificate,,10.4,2026
"Đường Hậu Giang, Phường Phú Lâm, TP Hồ Chí Minh",77,,,,,,3,,Have certificate,,6.35,2026
"Đường Man Thiện, Phường Tăng Nhơn Phú, TP Hồ Chí Minh",115,,,,,3,3,3,Have certificate,,11.99,2026
"Đường Ông Ích Khiêm, Phường Hòa Bình, TP Hồ Chí Minh",50,,,,,2,3,2,Have certificate,Full,7.4,2026
"Đường Nguyễn Duy Dương, Phường Vườn Lài, TP Hồ Chí Minh",28,,,Đông Nam,,2,1,2,,,3.6,2026
"Đường Nguyễn Văn Cự, Phường Tân Tạo, TP Hồ Chí Minh",696,,,,,,1,,Have certificate,,28.5,2026
"Đường Xa lộ Hà Nội, Phường Linh Xuân, TP Hồ Chí Minh",30,,,,,1,1,1,Shared certificate,Full,780,2026
"Đường Lê Đại Hành, Phường Minh Phụng, TP Hồ Chí Minh",21,,,,,,2,2,Have certificate,,3.568,2026
"Mặt Tiền Phùng Tá Chu , Phường An Lạc, TP Hồ Chí Minh",41.8,,,,,,2,2,Have certificate,,6.19,2026
"Đường Lý Thánh Tông, Phường Phú Thạnh, TP Hồ Chí Minh",60,,,Bắc,,2,4,3,Have certificate,Full,6.7,2026
"Đường Huỳnh Tấn Phát, Xã Nhà Bè, TP Hồ Chí Minh",40,,,,,3,4,3,Shared certificate,Basic,2.55,2026
"Dương Tự Quán, Phường An Lạc, TP Hồ Chí Minh",17.4,,,Bắc,,2,2,2,Have certificate,,2.88,2026
"Hẻm 175, Phường Tăng Nhơn Phú, TP Hồ Chí Minh",55.6,,,,,,2,2,Have certificate,,5.99,2026
"Đường Hoàng Diệu, Phường Khánh Hội, TP Hồ Chí Minh",20.2,,,Đông Bắc,,5,2,3,Have certificate,Basic,5.55,2026
"14/12, Phường Bình Hưng Hòa, TP Hồ Chí Minh",36,,,,,2,2,1,Have certificate,Basic,4.35,2026
"Đường Lê Văn Quới, Phường Bình Trị Đông, TP Hồ Chí Minh",50,,,Tây,,,4,,Have certificate,,7,2026
"Đường Âu Dương Lân, Phường Chánh Hưng, TP Hồ Chí Minh",51,,,Tây Bắc,,,4,4,Have certificate,,8.8,2026
"Đường Phan Huy ích, Phường Tân Sơn, TP Hồ Chí Minh",75.2,,,Tây Bắc,,2,4,4,,,7.7,2026
"Đường Nguyễn Văn Khối, Phường Thông Tây Hội, TP Hồ Chí Minh",68,,,,,,4,,Have certificate,,6.5,2026
"Đường Cao Thị Chính, Phường Phú Thuận, TP Hồ Chí Minh",90,,,,,,3,,Have certificate,,8.5,2026
"Nguyễn Quý Yêm, Phường Bình Phú, TP Hồ Chí Minh",64,,,,,,6,6,,,6.1,2026
"Đường Phan Huy Ích, Phường An Hội Tây, TP Hồ Chí Minh",44,,,,,,4,,Have certificate,,5.95,2026
"Đường Nguyễn Văn Bứa, Xã Xuân Thới Sơn, TP Hồ Chí Minh",10,,,Tây,,1,3,2,Have certificate,Other,1.15,2026
"Đường số 1, Phường Long Trường, TP Hồ Chí Minh",52,,,Nam,,3,4,3,Have certificate,Basic,5.5,2026
"Đường Lê Văn Quới, Phường Bình Trị Đông, TP Hồ Chí Minh",68.8,,,,,,5,,Have certificate,,8.95,2026
"Đường Lương Văn Can, Phường Phú Định, TP Hồ Chí Minh",18,,,,,2,2,2,Have certificate,Full,2.25,2026
"Đường Khuông Việt, Phường Tân Phú, TP Hồ Chí Minh",33,,,,,3,2,,Have certificate,,5.5,2026
"Phú Định P16 Q8 Cũ , Phường Phú Định, TP Hồ Chí Minh",36,,,Đông,,,2,2,Have certificate,,3.8,2026
"67/11-Lê thị Hoa-Tam Bình-TP HCM, Phường Tam Bình, TP Hồ Chí Minh",71.5,,,Bắc,,2,4,3,Have certificate,Other,5.8,2026
"Đường Đào Sư Tích, Xã Nhà Bè, TP Hồ Chí Minh",85,,,Đông Nam,,4,4,4,Have certificate,Full,9.5,2026
"Đường Nguyễn Trọng Tuyển, Phường Tân Sơn Hòa, TP Hồ Chí Minh",90,,,,,2,4,5,Have certificate,,11.4,2026
"Đường Hương Lộ 2, Phường Bình Trị Đông, TP Hồ Chí Minh",63.2,,,,,4,3,3,Have certificate,,6.8,2026
"Đường Tân Kỳ Tân Quý, Phường Tân Sơn Nhì, TP Hồ Chí Minh",60,,,,,,4,,Have certificate,Other,10.5,2026
"Đường Dương Bá Trạc, Phường Chánh Hưng, TP Hồ Chí Minh",96,,,,,,5,6,Have certificate,,17.9,2026
"Đường Đoàn Văn Bơ, Phường Xóm Chiếu, TP Hồ Chí Minh",10,,,,,3,2,3,Have certificate,Other,1.72,2026
"Đường Đào Sư Tích, Xã Nhà Bè, TP Hồ Chí Minh",85,,,,,4,4,4,Have certificate,Full,9.25,2026
"Đường Lê Đức Thọ, Phường Gò Vấp, TP Hồ Chí Minh",35,,,,,3,3,4,Have certificate,Other,6.65,2026
"Đường Thạnh Xuân 52, Phường Thới An, TP Hồ Chí Minh",55,,,,,2,3,3,Have certificate,Full,4.25,2026
"Đường Phan Anh, Phường Bình Trị Đông, TP Hồ Chí Minh",32.9,,,,,,3,4,Have certificate,,2.75,2026
"Đường Đỗ Nhuận, Phường Tân Sơn Nhì, TP Hồ Chí Minh",58,,,,,,2,,Have certificate,,5.5,2026
"3c/75, Xã Tân Vĩnh Lộc, TP Hồ Chí Minh",57,,,,,1,1,1,Have certificate,,2.2,2026
"46, Phường Hạnh Thông, TP Hồ Chí Minh",25,,,,,3,2,3,Have certificate,,4.5,2026
"Đường Hoàng Sa, Phường Tân Sơn Nhất, TP Hồ Chí Minh",30,,,,,4,4,3,Have certificate,Other,10.98,2026
"Số 10, Xã Bình Hưng, TP Hồ Chí Minh",280,,,,,,10,6,Have certificate,,26,2026
"Đường Tỉnh lộ 10, Phường Bình Trị Đông, TP Hồ Chí Minh",56,,,,,,3,,Have certificate,,4.88,2026
"cống hộp, Xã Bà Điểm, TP Hồ Chí Minh",120,,,,,,3,3,Have certificate,Full,7.2,2026
"Đường Đoàn Văn Bơ, Phường Khánh Hội, TP Hồ Chí Minh",45,,,Đông Nam,,3,4,3,Have certificate,Basic,5.799,2026
"Tân chánh hiệp 10, Phường Trung Mỹ Tây, TP Hồ Chí Minh",76,,,,,,4,,Have certificate,Other,6.39,2026
"Đường Lô Tư, Phường Bình Hưng Hòa, TP Hồ Chí Minh",45,,,,,,3,3,Have certificate,,3.85,2026
"ĐS 20 Dương Quảng Hàm P5, Phường An Nhơn, TP Hồ Chí Minh",46,,,,,2,2,2,Have certificate,Basic,4.38,2026
"Đường Phan Văn Hớn, Xã Xuân Thới Sơn, TP Hồ Chí Minh",10,,,,,1,2,2,Have certificate,Other,250,2026
"Đường Trần Xuân Soạn, Phường Tân Hưng, TP Hồ Chí Minh",47,,,,,2,3,2,Have certificate,,5.1,2026
"Trần Văn Mười, Xã Xuân Thới Sơn, TP Hồ Chí Minh",46,,,Tây Bắc,,1,2,1,Shared certificate,Full,1.25,2026
"Đường Nguyễn Thị Búp, Phường Trung Mỹ Tây, TP Hồ Chí Minh",60,,,,,3,4,3,Have certificate,Full,4.95,2026
"Đường Tô Hiệu, Phường Phú Thạnh, TP Hồ Chí Minh",54,,,,,3,4,4,Have certificate,Full,7.3,2026
"Đường Bình Trưng, Phường Bình Trưng, TP Hồ Chí Minh",65,,,,,2,3,3,Have certificate,,5.9,2026
"Đường B2, Phường Tây Thạnh, TP Hồ Chí Minh",72,,,Đông Nam,,3,4,4,Have certificate,,11.3,2026
"Đường Lê Ngã, Phường Tân Phú, TP Hồ Chí Minh",56,,,,,,4,,Have certificate,Other,8.3,2026
"Đường Bờ Bao Tân Thắng, Phường Tân Sơn Nhì, TP Hồ Chí Minh",31,,,,,3,4,3,Have certificate,Other,4.25,2026
"Đường Phan Huy Ích, Phường An Hội Tây, TP Hồ Chí Minh",51.6,,,,,,4,,,,6.58,2026
"Đường Lạc Long Quân, Phường Tân Hòa, TP Hồ Chí Minh",72,,,Tây Bắc,,3,5,4,Have certificate,,8.5,2026
"502, Phường Tân Thuận, TP Hồ Chí Minh",60,,,Nam,,2,4,4,Have certificate,Other,8.2,2026
"Đường Thạnh Lộc 16, Phường An Phú Đông, TP Hồ Chí Minh",56,,,,,2,1,1,Have certificate,,5.5,2026
"Đường Phan Sào Nam, Phường Bảy Hiền, TP Hồ Chí Minh",86,,,Đông Bắc,,2,3,4,Have certificate,,10.5,2026
"170.5, Phường Bình Lợi Trung, TP Hồ Chí Minh",39,,,,,5,3,4,Have certificate,Full,7.7,2026
"Đường Phạm Văn Đồng, Phường Hiệp Bình, TP Hồ Chí Minh",80,,,,,,4,,,,7.68,2026
"Đường Nguyễn Thái Sơn, Phường An Nhơn, TP Hồ Chí Minh",32,,,,,,3,3,,,4.5,2026
"Đường Cách Mạng Tháng Tám, Phường Nhiêu Lộc, TP Hồ Chí Minh",26,,,,,2,1,2,Have certificate,Full,8.8,2026
"Thiên Phước, Phường Tân Hòa, TP Hồ Chí Minh",54,,,,,2,2,2,Have certificate,Other,7.8,2026
"Đường Nguyễn Thị Kiêu, Phường Thới An, TP Hồ Chí Minh",60,,,,,,3,2,Have certificate,,5.4,2026
"Tân Chánh Hiệp 07, Phường Trung Mỹ Tây, TP Hồ Chí Minh",75,,,,,,6,6,Have certificate,Other,7.89,2026
"Đường Tôn Thất Thuyết, Phường Xóm Chiếu, TP Hồ Chí Minh",17.1,,,Đông Nam,,3,2,2,Have certificate,Basic,3,2026
"Hẻm Trần Thị Cờ, Phường Thới An, TP Hồ Chí Minh",52,,,,,,4,,Have certificate,,5.2,2026
"Đường Phan Văn Hớn, Xã Bà Điểm, TP Hồ Chí Minh",10,,,,,,2,2,Have certificate,Other,920,2026
"Đường 4m, Phường Tân Thới Hiệp, TP Hồ Chí Minh",49,,,,,,2,2,Shared certificate,,2.45,2026
"Đường Dương Tự Quán, Phường An Lạc, TP Hồ Chí Minh",18,,,,,2,2,2,Have certificate,,2.88,2026
"Đường Bùi Tư Toàn, Phường An Lạc, TP Hồ Chí Minh",88,,,,,5,5,5,Have certificate,,6.8,2026
"Đường Phạm Văn Chiêu, Phường An Hội Tây, TP Hồ Chí Minh",59,,,,,,6,,,,13.2,2026
"Đường Nguyễn Duy Cung, Phường An Hội Tây, TP Hồ Chí Minh",68,,,,,,5,,Have certificate,,7.8,2026
"Đường Đặng Văn Ngữ, Phường Phú Nhuận, TP Hồ Chí Minh",100,,,,,5,4,5,Have certificate,,29.4,2026
"Đường Hai Bà Trưng, Phường Xuân Hòa, TP Hồ Chí Minh",36.1,,,Đông Nam,,1,1,1,Have certificate,Other,7.5,2026
"Đường Dương Công Khi, Xã Hóc Môn, TP Hồ Chí Minh",163,,,Tây Nam,,,4,3,Have certificate,,7.5,2026
"Đường số 4, Phường Hiệp Bình, TP Hồ Chí Minh",33,,,,,2,2,1,Shared certificate,,1.57,2026
"Xuân Thới Thượng 31, Xã Bà Điểm, TP Hồ Chí Minh",32,,,Tây Bắc,,2,2,2,Shared certificate,Other,1.5,2026
"Đường Quang Trung, Phường Thông Tây Hội, TP Hồ Chí Minh",52,,,,,,4,,Have certificate,,7.55,2026
"tx18, Phường Thới An, TP Hồ Chí Minh",54,,,Đông Nam,,,4,,Have certificate,,5.25,2026
"Thạnh Xuân 52, Phường Thới An, TP Hồ Chí Minh",169.5,,,,,3,4,,Have certificate,Full,5.5,2026
"đường số14a, Phường Bình Tân, TP Hồ Chí Minh",40,,,,,2,2,2,Have certificate,,4.38,2026
"236236, Phường Tân Định, TP Hồ Chí Minh",104.5,,,Bắc,,5,7,,Have certificate,Full,32,2026
"61, Phường Bình Phú, TP Hồ Chí Minh",64,,,,,,5,,Have certificate,,8.8,2026
"Đường Lê Văn Phan, Phường Phú Thọ Hòa, TP Hồ Chí Minh",89,,,,,,5,,Have certificate,,21.5,2026
"29/10a thới tam thôn cũ, Xã Đông Thạnh, TP Hồ Chí Minh",44,,,Đông Bắc,,,1,1,Shared certificate,Basic,1.7,2026
"Đường Vườn Lài, Phường Phú Thọ Hòa, TP Hồ Chí Minh",78,,,,,3,3,3,Have certificate,Full,6.5,2026
"Đường Phan Huy ích, Phường Tân Sơn, TP Hồ Chí Minh",35,,,,,2,3,2,Have certificate,Basic,4.5,2026
"tl57, Phường Thới An, TP Hồ Chí Minh",56,,,,,,4,,Have certificate,,4.75,2026
"Hẻm tỉnh Lộ 7, Xã Thái Mỹ, TP Hồ Chí Minh",455,,,,,,3,3,Have certificate,Basic,3.85,2026
"THẠNH XUÂN 38, Phường Thới An, TP Hồ Chí Minh",58,,,Tây Bắc,,4,4,5,Have certificate,Other,6.89,2026
"72, Phường Bình Phú, TP Hồ Chí Minh",72,,,,,,5,,Have certificate,,9.9,2026
"Đường Nguyễn Sỹ Sách, Phường Tân Sơn, TP Hồ Chí Minh",42,,,,,2,2,2,Have certificate,Basic,4.6,2026
"Đường Tân Kỳ Tân Quý, Phường Bình Hưng Hòa, TP Hồ Chí Minh",70,,,,,4,5,4,Have certificate,Other,7.5,2026
"108/67 lẻ văn lương P tân hưng Q7, Phường Tân Hưng, TP Hồ Chí Minh",18,,,,,2,2,2,Shared certificate,Other,1.95,2026
"Đường Phạm Hùng, Xã Bình Hưng, TP Hồ Chí Minh",130,,,,,,5,5,Have certificate,,13,2026
"Đường Lê Văn Linh, Phường Xóm Chiếu, TP Hồ Chí Minh",31.7,,,Đông Nam,,3,2,2,No certificate,Basic,5.2,2026
"Đường Nguyễn Bình, Xã Nhà Bè, TP Hồ Chí Minh",44,,,,,,2,,,,3,2026
"42, Phường Bình Phú, TP Hồ Chí Minh",48,,,,,,4,,Have certificate,,7.85,2026
"Đường Nguyễn Thiện Thuật, Phường Bàn Cờ, TP Hồ Chí Minh",41,,,,,2,4,2,Have certificate,,6.5,2026
"Đường Hòa Bình, Phường Tân Phú, TP Hồ Chí Minh",35.6,,,,,2,2,2,Have certificate,Full,4.2,2026
"Xuân Thới Sơn 19, Xã Xuân Thới Sơn, TP Hồ Chí Minh",120,,,Nam,,1,3,2,,,3.7,2026
"Mặt Tiền Đường Huỳnh Thị Hai, Phường Trung Mỹ Tây, TP Hồ Chí Minh",87.3,,,Nam,,1,2,1,Have certificate,,7.5,2026
"12, Phường Bình Phú, TP Hồ Chí Minh",74,,,,,,5,,Have certificate,,12.8,2026
"Đường Đông Hưng Thuận 11, Phường Đông Hưng Thuận, TP Hồ Chí Minh",81,,,,,,2,,Have certificate,,9.7,2026
"Đường Quang Trung, Phường An Hội Tây, TP Hồ Chí Minh",48,,,,,,3,,,,5.85,2026
"., Phường Hiệp Bình, TP Hồ Chí Minh",44,,,,,2,3,2,Have certificate,,4.7,2026
"Đường Tân Hòa Đông, Phường Phú Lâm, TP Hồ Chí Minh",40,,,Đông,,2,3,2,Have certificate,Other,5.3,2026
"Đường Quang Trung, Phường An Hội Tây, TP Hồ Chí Minh",29,,,,,,2,,,,3.6,2026
"Đường Ba Vân, Phường Tân Bình, TP Hồ Chí Minh",92,,,,,6,4,,,,18.5,2026
"Đường Khu Phố 3-09, Xã Hóc Môn, TP Hồ Chí Minh",88,,,Đông Nam,,2,3,2,Have certificate,Basic,5.25,2026
"Đường số 2, Xã Bình Hưng, TP Hồ Chí Minh",157.5,,,,,4,6,6,Have certificate,,19.5,2026
"Đường Phan Văn Hớn, Xã Bà Điểm, TP Hồ Chí Minh",90,,,,,1,2,1,Have certificate,Other,3.85,2026
"Đoàn Văn Bơ , Phường Khánh Hội, TP Hồ Chí Minh",49,,,,,4,4,3,Have certificate,Basic,6.3,2026
"Đường Trần Thị Trọng, Phường Tân Sơn, TP Hồ Chí Minh",112,,,,,2,3,3,Have certificate,Basic,9.5,2026
"Đường Lê Thị Hoa, Phường Tam Bình, TP Hồ Chí Minh",31,,,,,,3,,Have certificate,,3.1,2026
"Đường Lã Xuân Oai, Phường Tăng Nhơn Phú, TP Hồ Chí Minh",64,,,,,,3,,Have certificate,,6.6,2026
"Đường Xuân Thới Thượng 7, Xã Bà Điểm, TP Hồ Chí Minh",80,,,,,,5,5,Have certificate,,6.8,2026
"Đường Dương Văn Dương, Phường Tân Sơn Nhì, TP Hồ Chí Minh",23,,,Tây,,2,2,2,Have certificate,Full,3.1,2026
"Đường Lê Văn Lương, Phường Tân Hưng, TP Hồ Chí Minh",56,,,,,,4,,Have certificate,,5.6,2026
"Đường Hương Lộ 2, Phường Bình Trị Đông, TP Hồ Chí Minh",64,,,Tây,,4,5,5,Have certificate,Other,7.1,2026
"220/, Phường Thông Tây Hội, TP Hồ Chí Minh",109,,,Đông Bắc,,4,5,5,Have certificate,Other,12.8,2026
"Đường Lê Văn Quới, Phường Bình Hưng Hòa, TP Hồ Chí Minh",57,,,,,2,2,2,Have certificate,Basic,4.83,2026
"Đường Lã Xuân Oai, Phường Tăng Nhơn Phú, TP Hồ Chí Minh",90,,,Đông Nam,,4,4,5,Have certificate,Full,9.3,2026
"Đường Tô Hiệu, Phường Phú Thạnh, TP Hồ Chí Minh",68,,,,,2,2,2,Have certificate,Full,7.2,2026
"213/25, Phường Gò Vấp, TP Hồ Chí Minh",22,,,Tây Nam,,2,2,2,Have certificate,Other,2.98,2026
"Đường Đỗ Xuân Hợp, Phường Phước Long, TP Hồ Chí Minh",64,,,,,,2,,Have certificate,,4.6,2026
"Đường Tầm Vu, Phường Bình Thạnh, TP Hồ Chí Minh",73.6,,,,,6,8,6,Have certificate,Full,13.6,2026
"Đường Lê Đình Cẩn, Phường Tân Tạo, TP Hồ Chí Minh",64,,,Tây,,5,4,5,Have certificate,Other,7.8,2026
"Đường Phó Cơ Điều, Phường Phú Thọ, TP Hồ Chí Minh",30,,,,,2,2,,Have certificate,,3.95,2026
"Đường Bình Lợi, Phường Bình Lợi Trung, TP Hồ Chí Minh",320,,,,,,6,6,Have certificate,Other,32.999,2026
"Bình Thới, Phường Hòa Bình, TP Hồ Chí Minh",100,,,,,,3,,Have certificate,,8.99,2026
"Đường Liên Khu 2-10, Phường Bình Hưng Hòa, TP Hồ Chí Minh",88,,,,,,1,,,,6.9,2026
"Đường Trung Mỹ Tây 9, Phường Trung Mỹ Tây, TP Hồ Chí Minh",72,,,,,,5,6,Have certificate,Other,8.5,2026
"Đường Trần Văn Quang, Phường Bảy Hiền, TP Hồ Chí Minh",30,,,,,,2,2,Have certificate,,3.5,2026
"Hẻm 2581 Đường Huỳnh Tấn Phát, Xã Nhà Bè, TP Hồ Chí Minh",26,,,Đông Nam,,2,2,2,Shared certificate,Other,1.35,2026
"Đường Thới An 16, Phường Thới An, TP Hồ Chí Minh",98,,,,,2,3,2,Have certificate,,5.868,2026
"5M, Phường Tân Thới Hiệp, TP Hồ Chí Minh",12,,,,,2,1,1,Shared certificate,,620,2026
"77, Phường Chánh Hưng, TP Hồ Chí Minh",39,,,,,4,3,2,,,13,2026
"Đường Liên khu 8-9, Phường Bình Hưng Hòa, TP Hồ Chí Minh",48,,,,,,4,3,Have certificate,,5.25,2026
"Đường Thống Nhất, Phường An Hội Đông, TP Hồ Chí Minh",50,,,,,,4,5,Have certificate,Other,8.5,2026
"Đường Lê Đình Thám, Phường Tân Sơn Nhì, TP Hồ Chí Minh",56,,,Tây,,2,3,2,Have certificate,Basic,6.15,2026
"Đường Tên Lửa, Phường An Lạc, TP Hồ Chí Minh",120,,,,,4,5,5,Have certificate,,13.8,2026
"Đường Quang Trung, Phường Thông Tây Hội, TP Hồ Chí Minh",42.56,,,Tây Nam,,4,3,4,Have certificate,Other,6.28,2026
"Đường Dương Quảng Hàm, Phường An Nhơn, TP Hồ Chí Minh",60,,,,,2,3,2,Have certificate,Full,7.48,2026
"Đường Võ Văn Hát, Phường Long Trường, TP Hồ Chí Minh",65,,,,,,2,2,Have certificate,,3.49,2026
"Đường Phạm Văn Chiêu, Phường An Hội Đông, TP Hồ Chí Minh",57.4,,,,,,4,,Have certificate,,7.98,2026
"Đường Đông Thạnh 7-1, Xã Đông Thạnh, TP Hồ Chí Minh",20,,,,,1,1,1,Shared certificate,Full,490,2026
"Đường Phan Văn Hớn, Xã Bà Điểm, TP Hồ Chí Minh",150,,,,,,3,2,Have certificate,,12,2026
"Đường Phan Chu Trinh, Phường Bình Thạnh, TP Hồ Chí Minh",44,,,,,1,2,2,Have certificate,Full,5,2026
"Đường Trung Mỹ Tây 3, Phường Trung Mỹ Tây, TP Hồ Chí Minh",204,,,,,3,5,4,Have certificate,Full,12.99,2026
"Đường Ba Tháng Hai, Phường Diên Hồng, TP Hồ Chí Minh",16,,,,,3,2,2,Have certificate,Full,2.8,2026
"Đường Số 16, Phường Bình Hưng Hòa, TP Hồ Chí Minh",52,,,,,,2,,,,5.1,2026
"Đường Quang Trung, Phường Gò Vấp, TP Hồ Chí Minh",28,,,,,2,2,2,Have certificate,Full,3.12,2026
"phan văn hớn, Xã Bà Điểm, TP Hồ Chí Minh",160,,,,,,2,2,Have certificate,,10.8,2026
"Đường Nguyễn Duy Trinh, Phường Long Trường, TP Hồ Chí Minh",51,,,,,,3,3,Have certificate,,4.39,2026
"Đường Hồng Lạc, Phường Bảy Hiền, TP Hồ Chí Minh",81.3,,,,,,3,,Have certificate,,6.75,2026
"Đường Phan Huy Ích, Phường An Hội Tây, TP Hồ Chí Minh",35,,,,,2,3,,Have certificate,Other,5.65,2026
"Đường Quang Trung, Phường Gò Vấp, TP Hồ Chí Minh",42,,,,,,3,3,Have certificate,,6.55,2026
"Đường Lạc Long Quân, Phường Bình Thới, TP Hồ Chí Minh",35,,,,,3,4,4,Have certificate,,6.79,2026
"Đường Lê Đức Thọ, Phường An Hội Đông, TP Hồ Chí Minh",58,,,,,5,5,4,Have certificate,Full,8.8,2026
"Đường Huỳnh Văn Bánh, Phường Phú Nhuận, TP Hồ Chí Minh",28,,,,,4,2,3,Have certificate,Full,4.8,2026
"Đường Huỳnh Văn Nghệ, Phường Tân Sơn, TP Hồ Chí Minh",60,,,,,3,4,,Have certificate,Other,5.999,2026
"Đường Phạm Văn Chiêu, Phường An Hội Tây, TP Hồ Chí Minh",72,,,,,4,4,,Have certificate,,7.19,2026
"Đường số 12, Phường Bình Hưng Hòa, TP Hồ Chí Minh",56,,,,,2,3,2,Have certificate,Other,5.65,2026
"Đường Hồ Văn Tư, Phường Thủ Đức, TP Hồ Chí Minh",70,,,,,4,4,3,,,8,2026
"Đường Nguyễn Văn Đậu, Phường Bình Lợi Trung, TP Hồ Chí Minh",38,,,,,,3,,Have certificate,,6.95,2026
"Đường Thống Nhất, Phường An Hội Đông, TP Hồ Chí Minh",24,,,,,,3,,Have certificate,,4.25,2026
"Đường Gò Xoài, Phường Bình Hưng Hòa, TP Hồ Chí Minh",72,,,Bắc,,,2,1,Have certificate,,6.2,2026
"Đường Hương Lộ 2, Phường Bình Trị Đông, TP Hồ Chí Minh",80,,,,,,4,4,Have certificate,,7.9,2026
"Đường Lê Quang Định, Phường Bình Lợi Trung, TP Hồ Chí Minh",55,,,,,,3,,,,4.95,2026
"Đường Bình Trị Đông, Phường Bình Trị Đông, TP Hồ Chí Minh",32,,,,,,3,2,Have certificate,,3.8,2026
"2680, Xã Nhà Bè, TP Hồ Chí Minh",30,,,Đông Nam,,2,2,2,Have certificate,Other,1.43,2026
"Đường Nguyễn Duy Cung, Phường An Hội Tây, TP Hồ Chí Minh",45,,,,,5,4,,Have certificate,Other,6,2026
"Đường Quang Trung, Phường Gò Vấp, TP Hồ Chí Minh",56.0,,,,,,4,,,,6.9,2026
"Đường Võ Thị Thừa, Phường An Phú Đông, TP Hồ Chí Minh",58.0,,,,,,2,,Have certificate,,2.135,2026
"Đường Tân Hòa Đông, Phường Bình Trị Đông, TP Hồ Chí Minh",114.0,,,,,5.0,7,6.0,Have certificate,Other,9.29,2026
"Đường Kinh Dương Vương, Phường An Lạc, TP Hồ Chí Minh",60.0,,,,,3.0,5,5.0,Have certificate,Full,7.4,2026
"Hẻm 91, Phường Cầu Kiệu, TP Hồ Chí Minh",66.4,,,Tây Nam,,,3,2.0,Have certificate,Other,13.3,2026
"Phước Long B, Phường Phước Long, TP Hồ Chí Minh",72.8,,,,,,3,4.0,,,11.0,2026
"Đường Nguyễn Tuyển, Phường Bình Trưng, TP Hồ Chí Minh",96.0,,,,,,1,,,,15.0,2026
"360 Đường Phạm Hữu Lầu , Xã Nhà Bè, TP Hồ Chí Minh",28.0,,,,,3.0,4,3.0,Have certificate,Full,2.36,2026
"Hẻm 151 Lũy Bán Bích, Phường Phú Thạnh, TP Hồ Chí Minh",18.0,,,Đông,,3.0,2,3.0,,,2.6,2026
"Đường Phạm Văn Hai, Phường Tân Sơn Hòa, TP Hồ Chí Minh",45.0,,,,,3.0,4,5.0,Have certificate,Full,7.35,2026
"Đường Xô Viết Nghệ Tĩnh, Phường Thạnh Mỹ Tây, TP Hồ Chí Minh",40.0,,,,,,3,,Have certificate,,5.95,2026
"Đường Trần Thị Nghỉ, Phường Hạnh Thông, TP Hồ Chí Minh",100.0,,,,,,6,5.0,Have certificate,,22.9,2026
"Đường Võ Thị Thừa, Phường An Phú Đông, TP Hồ Chí Minh",58.0,,,,,,2,,Have certificate,,2.135,2026
"83/27/8A Nguyễn Văn Trỗi , Phường Cầu Kiệu, TP Hồ Chí Minh",30.0,,,,,3.0,2,3.0,,Full,5.49,2026
"Đường Bưng Ông Thoàn, Phường Long Trường, TP Hồ Chí Minh",50.0,,,,,2.0,3,3.0,Have certificate,,5.95,2026
"Đường số 11, Phường Linh Xuân, TP Hồ Chí Minh",27.0,,,,,1.0,2,1.0,Have certificate,Basic,1.9,2026
"TÂn Mỹ, Phường Tân Thuận, TP Hồ Chí Minh",60.0,,,,,,4,,Have certificate,Other,5.6,2026
"Trần Thị Bốc, Xã Đông Thạnh, TP Hồ Chí Minh",155.0,,,,,1.0,2,1.0,Have certificate,Full,5.9,2026
"Đường Nguyễn Văn Quá, Phường Đông Hưng Thuận, TP Hồ Chí Minh",60.0,,,,,3.0,3,4.0,Have certificate,,5.5,2026
"Đường Tô Hiến Thành, Phường Hòa Hưng, TP Hồ Chí Minh",28.0,,,,,3.0,3,2.0,Have certificate,,5.65,2026
"Thiên Phước, Phường Tân Hòa, TP Hồ Chí Minh",69.0,,,,,,2,,,,7.28,2026
"Đường Hoàng Hoa Thám, Phường Bình Lợi Trung, TP Hồ Chí Minh",32.0,,,,,,2,2.0,Have certificate,,4.75,2026
"Đường Xô Viết Nghệ Tĩnh, Phường Thạnh Mỹ Tây, TP Hồ Chí Minh",36.0,,,,,5.0,3,5.0,Have certificate,,7.36,2026
"Đường Nguyễn Quý Yêm, Phường An Lạc, TP Hồ Chí Minh",42.0,,,,,2.0,3,2.0,Have certificate,Basic,4.39,2026
"Đường Tân Hòa Đông, Phường Bình Trị Đông, TP Hồ Chí Minh",114.0,,,,,5.0,7,6.0,Have certificate,Other,9.29,2026
"Đường Bình Trị Đông, Phường Bình Trị Đông, TP Hồ Chí Minh",64.0,,,Nam,,3.0,4,3.0,Have certificate,,6.6,2026
"Đường Chiến Lược, Phường Bình Trị Đông, TP Hồ Chí Minh",51.0,,,,,,4,,,,6.5,2026
"Đường Chu Văn An, Phường Bình Thạnh, TP Hồ Chí Minh",40.0,,,,,,3,3.0,,,6.886,2026
"Đường Lê Đức Thọ, Phường An Hội Đông, TP Hồ Chí Minh",83.0,,,,,,3,,Have certificate,,7.99,2026
"Đường Xô Viết Nghệ Tĩnh, Phường Thạnh Mỹ Tây, TP Hồ Chí Minh",56.0,,,,,1.0,4,3.0,Have certificate,Full,7.0,2026
"Đường Nguyễn Văn Quá, Phường Đông Hưng Thuận, TP Hồ Chí Minh",115.0,,,,,4.0,8.0,6.0,,,8.5,2026
"Đường Quang Trung, Phường Gò Vấp, TP Hồ Chí Minh",36.0,,,,,,2.0,,,,4.85,2026
"Hẻm 85 Đường số 51, Phường An Hội Tây, TP Hồ Chí Minh",68.0,,,,,,4.0,4.0,Have certificate,Full,7.19,2026
"Đường Số 5, Phường Bình Hưng Hòa, TP Hồ Chí Minh",84.0,,,,,4.0,5.0,4.0,Have certificate,Full,8.55,2026
"Đường Tân Sơn, Phường Tân Sơn, TP Hồ Chí Minh",135.0,,,,,,4.0,,,,12.49,2026
"Đường Nguyễn Thị Tần, Phường Chánh Hưng, TP Hồ Chí Minh",23.5,,,Đông Bắc,,2.0,2.0,2.0,,,2.55,2026
"Đường Lê Đức Thọ, Phường An Hội Đông, TP Hồ Chí Minh",35.0,,,,,,2.0,,,,4.9,2026
"Đường Trần Thị Hè, Phường Tân Thới Hiệp, TP Hồ Chí Minh",28.0,,,Tây Bắc,,3.0,3.0,3.0,Shared certificate,Full,1.89,2026
"Đường Số 14A, Phường Bình Hưng Hòa, TP Hồ Chí Minh",40.0,,,,,2.0,2.0,2.0,Have certificate,Full,4.299,2026
"Đường Bờ Bao Tân Thắng, Phường Tân Sơn Nhì, TP Hồ Chí Minh",23.2,,,,,3.0,4.0,3.0,Have certificate,,4.25,2026
"Đường Nguyễn Tư Giản, Phường An Hội Tây, TP Hồ Chí Minh",72.0,,,,,,3.0,,,,5.85,2026
"334/19, Phường Tam Bình, TP Hồ Chí Minh",46.6,,,Tây Nam,,1.0,1.0,2.0,Have certificate,,3.2,2026
"Đường Số 43, Phường Tân Thuận, TP Hồ Chí Minh",80.0,,,,,6.0,7.0,6.0,Have certificate,Other,17.0,2026
"Đường Bình Đông, Phường Phú Định, TP Hồ Chí Minh",86.0,,,,,5.0,9.0,6.0,Have certificate,Full,8.5,2026
"Đường Tô Hiệu, Phường Phú Thạnh, TP Hồ Chí Minh",80.0,,,,,4.0,4.0,5.0,Have certificate,Full,9.19,2026
,,,,,,,,,,,,2026
"Đường Hiệp Thành 5, Phường Tân Thới Hiệp, TP Hồ Chí Minh",55.4,,,Tây Nam,,2.0,3.0,2.0,Have certificate,Basic,5.55,2026
"Đường Số 6., Phường An Lạc, TP Hồ Chí Minh",80.0,,,Tây Nam,,3.0,4.0,3.0,Have certificate,,8.2,2026
"Hẻm 43 đường Vườn Lài, Phường An Phú Đông, TP Hồ Chí Minh",87.0,,,Nam,,2.0,9,,Have certificate,Full,8.6,2026
"Đường Hiệp Thành 5, Phường Tân Thới Hiệp, TP Hồ Chí Minh",55.4,,,Tây Nam,,2.0,3,2.0,Have certificate,Basic,5.55,2026
"Đường Quang Trung, Phường An Hội Tây, TP Hồ Chí Minh",50.0,,,,,2.0,3,2.0,Have certificate,,3.69,2026
"Đường D7, Phường Tân Mỹ, TP Hồ Chí Minh",90.0,,,,,4.0,4,5.0,Have certificate,Other,18.9,2026
"Đường Lê Trực, Phường Gia Định, TP Hồ Chí Minh",84.0,,,,,,7,,,,14.5,2026
"Đường Âu Dương Lân, Phường Chánh Hưng, TP Hồ Chí Minh",15.0,,,,,,2,,,,2.68,2026
"Đường Thích Quảng Đức, Phường Đức Nhuận, TP Hồ Chí Minh",31.0,,,Tây Bắc,,4.0,4,4.0,Have certificate,Other,8.7,2026
"Sư Vạn Hạnh, Phường Hòa Hưng, TP Hồ Chí Minh",72.0,,,,,3.0,4,4.0,Have certificate,,10.0,2026
"Đường Đồng Tâm, Xã Bà Điểm, TP Hồ Chí Minh",55.6,,,Đông Nam,,,1,1.0,Have certificate,,4.15,2026
"Đường Nguyễn Văn Quá, Phường Đông Hưng Thuận, TP Hồ Chí Minh",115.0,,,,,4.0,8,6.0,,,8.5,2026
"Đường Nguyễn Thị Búp, Phường Trung Mỹ Tây, TP Hồ Chí Minh",70.0,,,,,3.0,3,2.0,Have certificate,Basic,5.899,2026
"Đường Thới An 20, Phường Thới An, TP Hồ Chí Minh",60.0,,,,,4.0,4,5.0,Have certificate,Other,6.9,2026
"Đường Quang Trung, Phường Gò Vấp, TP Hồ Chí Minh",36.0,,,,,,2,,,,4.85,2026
"737/73E, Phường Bảy Hiền, TP Hồ Chí Minh",43.0,,,Tây,,1.0,2,2.0,Have certificate,Full,4.55,2026
"Đường Nguyễn Tri Phương, Phường Vườn Lài, TP Hồ Chí Minh",24.0,,,,,,2,3.0,Have certificate,,4.8,2026
"Đường Bà Triệu, Xã Hóc Môn, TP Hồ Chí Minh",172.0,,,,,,4,2.0,Have certificate,,4.68,2026
"Đường Phạm Hùng, Phường Chánh Hưng, TP Hồ Chí Minh",74.0,,,Đông Nam,,,5,5.0,,,17.9,2026
"Đường Cách Mạng Tháng 8, Phường Nhiêu Lộc, TP Hồ Chí Minh",54.0,,,,,,4,5.0,Have certificate,,11.8,2026
"Chợ Lê Đình Cẩn, Phường Tân Tạo, TP Hồ Chí Minh",70.0,,,,,2.0,5,5.0,Have certificate,,4.28,2026
"Đường Nguyễn Văn Khối, Phường Thông Tây Hội, TP Hồ Chí Minh",43.2,,,Đông Bắc,,4.0,4,,Have certificate,Basic,7.2,2026
"Đường Hậu Giang, Phường Phú Lâm, TP Hồ Chí Minh",66.0,,,,,4.0,4,,Have certificate,,7.2,2026
"Đường Trần Văn Mười, Xã Bà Điểm, TP Hồ Chí Minh",88.0,,,Bắc,,2.0,3,2.0,Have certificate,,5.4,2026
"Đường Nguyễn Thị Minh Khai, Phường Bến Thành, TP Hồ Chí Minh",40.0,,,Tây Bắc,,5.0,4,5.0,Have certificate,Other,9.9,2026
"Đường Quang Trung, Phường Gò Vấp, TP Hồ Chí Minh",60.0,,,,,,2,,,,6.9,2026
"371, Phường Tân Sơn, TP Hồ Chí Minh",95.0,,,Tây Nam,,2.0,3,2.0,Have certificate,Other,6.5,2026
"Đường Lạc Long Quân, Phường Bảy Hiền, TP Hồ Chí Minh",25.0,,,,,2.0,2,2.0,,,4.1,2026
"Tân Hương, Phường Phú Thọ Hòa, TP Hồ Chí Minh",95.0,,,,,5.0,6,6.0,Have certificate,Other,12.0,2026
"Đường Lê Quang Định, Phường Hạnh Thông, TP Hồ Chí Minh",40.0,,,,,,3,3.0,,,5.4,2026
"0, Phường Phú Lâm, TP Hồ Chí Minh",97.0,,,,,2.0,3,2.0,Have certificate,Full,12.49,2026
"Đường Âu Dương Lân, Phường Chánh Hưng, TP Hồ Chí Minh",71.5,,,,,,3,2.0,,,6.97,2026
"178h/29, Phường Bình Tân, TP Hồ Chí Minh",56.0,,,Đông,,4.0,5,5.0,Have certificate,Other,6.4,2026
"Đường Lê Văn Lương, Phường Tân Hưng, TP Hồ Chí Minh",30.0,,,,,4.0,4,4.0,,,6.29,2026
"Đường Hoàng Hoa Thám, Phường Bảy Hiền, TP Hồ Chí Minh",68.0,,,,,4.0,4,5.0,Have certificate,Other,8.65,2026
"Cách Mạng Tháng 8 , Phường Nhiêu Lộc, TP Hồ Chí Minh",63.0,,,,,,7,3.0,,,7.6,2026
"Đường Quang Trung, Phường An Hội Tây, TP Hồ Chí Minh",55.0,,,,,,2,,,,6.899,2026
"Đường Hoa Bằng, Phường Tân Sơn Nhì, TP Hồ Chí Minh",120.0,,,,,,7,,,,14.0,2026
"Đường Song Hành Quốc Lộ 22, Xã Hóc Môn, TP Hồ Chí Minh",165.0,,,,,,2,,Have certificate,,6.8,2026
"Đường Số 52, Phường Hiệp Bình, TP Hồ Chí Minh",21.0,,,,,,2,2.0,Have certificate,Other,2.35,2026
"Đường Bà Hom, Phường Phú Lâm, TP Hồ Chí Minh",21.0,,,,,2.0,2,1.0,Have certificate,,2.22,2026
"Đường Phạm Thế Hiển, Phường Bình Đông, TP Hồ Chí Minh",49.0,,,,,,3,,,,5.3,2026
"Đường Phạm Văn Chiêu, Phường An Hội Đông, TP Hồ Chí Minh",66.0,,,,,,4,,,,5.65,2026
"Âu Cơ, Phường Bảy Hiền, TP Hồ Chí Minh",72.0,,,,,2.0,2,2.0,Have certificate,,7.8,2026
"Đường Phạm Phú Thứ, Phường Bình Tiên, TP Hồ Chí Minh",10.0,,,,,3.0,2,2.0,Have certificate,Basic,1.45,2026
"Đường Nguyễn Thị Tần, Phường Chánh Hưng, TP Hồ Chí Minh",59.0,,,,,4.0,2,,Have certificate,,7.2,2026
"Đường Quốc Hương, Phường An Khánh, TP Hồ Chí Minh",100.0,,,,,,10,,,,27.8,2026
"Đường Cư xá Tự Do, Phường Tân Sơn Nhất, TP Hồ Chí Minh",42.0,,,,,3.0,3,3.0,Have certificate,Other,8.2,2026
"Đường Thạnh Lộc 16, Phường An Phú Đông, TP Hồ Chí Minh",83.4,,,,,1.0,2,2.0,Have certificate,Basic,7.4,2026
"Đường Lê Văn Quới, Phường Bình Trị Đông, TP Hồ Chí Minh",52.0,,,,,5.0,4,5.0,Have certificate,,7.52,2026
"Đường Lê Quang Định, Phường Bình Lợi Trung, TP Hồ Chí Minh",40.0,,,,,4.0,4,3.0,Have certificate,Full,7.0,2026
"Đường Lê Thị Riêng, Phường Thới An, TP Hồ Chí Minh",45.0,,,,,2.0,2,2.0,Have certificate,Other,3.99,2026
"Đường Bà Điểm 2, Xã Bà Điểm, TP Hồ Chí Minh",115.0,,,Tây Nam,,3.0,3,3.0,Have certificate,,7.5,2026
"Đường Số 5, Phường Bình Hưng Hòa, TP Hồ Chí Minh",121.4,,,,,,10,,,,7.5,2026
"Đường Nguyễn Thị Kiểu, Phường Tân Thới Hiệp, TP Hồ Chí Minh",84.0,,,,,,6,,,,8.999,2026
"482, Phường Tân Bình, TP Hồ Chí Minh",167.9,,,Tây Nam,,1.0,4,1.0,Have certificate,Full,27.0,2026
"Đường Dã Tượng, Phường Chánh Hưng, TP Hồ Chí Minh",57.0,,,,,,6,4.0,,,10.8,2026
"Đường Lê Đức Thọ, Phường An Hội Đông, TP Hồ Chí Minh",232.0,,,,,4.0,7,5.0,Have certificate,Other,36.0,2026
"Đường Số 16, Phường Hiệp Bình, TP Hồ Chí Minh",47.0,,,,,,2,,,,4.85,2026
"Đường Lê Văn Khương, Phường Tân Thới Hiệp, TP Hồ Chí Minh",87.0,,,,,,2,,Have certificate,,4.95,2026
"Đường Hậu Giang, Phường Bình Phú, TP Hồ Chí Minh",75.0,,,,,2.0,2,,Have certificate,,8.6,2026
"Đường Tân Hòa Đông, Phường Phú Lâm, TP Hồ Chí Minh",11.4,,,,,,3,3.0,,,2.4,2026
"39, Phường Cầu Ông Lãnh, TP Hồ Chí Minh",12.5,,,,,3.0,2,2.0,Have certificate,Other,4.9,2026
"Đường Lê Đức Thọ, Phường An Hội Đông, TP Hồ Chí Minh",58.0,,,,,5.0,4,4.0,Have certificate,,8.8,2026
"Đường Tân Sơn Nhì, Phường Tân Sơn Nhì, TP Hồ Chí Minh",36.0,,,,,2.0,2,2.0,Have certificate,,4.8,2026
"Khu Tên lửa, Phường An Lạc, TP Hồ Chí Minh",80.0,,,,,4.0,4,4.0,,,8.8,2026
"Đường Tỉnh lộ 10, Phường Tân Tạo, TP Hồ Chí Minh",85.0,,,,,,2,,,,4.95,2026
"Huỳnh Tấn Phát, Phường Phú Thuận, TP Hồ Chí Minh",40.0,,,,,2.0,1,,Have certificate,Full,4.6,2026
"Đường Trịnh Quang Nghị, Xã Bình Hưng, TP Hồ Chí Minh",75.0,,,,,,4,,,,7.6,2026
"Đường Cách Mạng Tháng 8, Phường Hòa Hưng, TP Hồ Chí Minh",60.0,,,,,4.0,5,5.0,Have certificate,Full,9.5,2026
"Đường Trường Lưu, Phường Long Trường, TP Hồ Chí Minh",50.0,,,,,,3,3.0,Have certificate,,4.5,2026
", Phường Diên Hồng, TP Hồ Chí Minh",52.0,,,,,,3,,Have certificate,,8.4,2026
"Đường Nguyễn Thị Hương, Xã Nhà Bè, TP Hồ Chí Minh",65.0,,,,,3.0,4,3.0,Shared certificate,Other,3.1,2026
"Đường Phạm Thế Hiển, Phường Chánh Hưng, TP Hồ Chí Minh",51.0,,,,,,4,,,,6.5,2026
"Đường Bình Thành, Phường Bình Tân, TP Hồ Chí Minh",67.0,,,,,,5,,Have certificate,Full,6.0,2026
"Đường số 14, Phường Thông Tây Hội, TP Hồ Chí Minh",50.0,,,Tây Nam,,3.0,4,4.0,Have certificate,Basic,6.2,2026
"Đường Mỹ Huế 7, Xã Bà Điểm, TP Hồ Chí Minh",46.7,,,Tây Nam,,,2,2.0,Have certificate,,3.25,2026
"Khu Tên Lửa, Phường An Lạc, TP Hồ Chí Minh",56.0,,,,,4.0,4,4.0,Have certificate,Full,7.45,2026
"Đường Trường Chinh, Phường Bảy Hiền, TP Hồ Chí Minh",43.0,,,,,,3,,,,7.15,2026
"Đường Lê Đức Thọ, Phường Gò Vấp, TP Hồ Chí Minh",58.0,,,,,,4,,Have certificate,,6.48,2026
"Đường Bắc Hải, Phường Tân Hòa, TP Hồ Chí Minh",80.0,,,Đông,,3.0,5,3.0,Have certificate,Full,7.2,2026
"Đường Số 1, Phường Tân Mỹ, TP Hồ Chí Minh",40.0,,,Bắc,,3.0,4,3.0,Have certificate,,11.9,2026
"Đường Lê Quang Định, Phường Gia Định, TP Hồ Chí Minh",38.0,,,,,,4,3.0,Have certificate,Other,7.99,2026
"Đường Trường Chinh, Phường Tân Bình, TP Hồ Chí Minh",140.0,,,,,,3,3.0,Have certificate,,12.0,2026
"Trung Đông 3A, Xã Đông Thạnh, TP Hồ Chí Minh",90.0,,,,,1.0,3,2.0,Shared certificate,Other,2.7,2026
"Đường Phạm Văn Đồng, Phường Linh Xuân, TP Hồ Chí Minh",68.0,,,,,5.0,4,5.0,Have certificate,,9.3,2026
"Đường Hồng Bàng, Phường Bình Tây, TP Hồ Chí Minh",26.0,,,,,4.0,3,,,,3.0,2026
"Đường Phạm Thế Hiển, Phường Chánh Hưng, TP Hồ Chí Minh",51.0,,,,,,4,,,,6.5,2026
"Đường Nguyễn Văn Công, Phường Hạnh Thông, TP Hồ Chí Minh",58.0,,,,,5.0,4,5.0,Have certificate,Basic,7.2,2026
"Đường Tân Hòa Đông, Phường Phú Lâm, TP Hồ Chí Minh",15.0,,,,,2.0,2,2.0,Have certificate,Full,2.53,2026
"Đường Phạm Văn Chiêu, Phường An Hội Đông, TP Hồ Chí Minh",40.0,,,,,,3,,,,6.95,2026
"Đường Trịnh Quang Nghị, Xã Bình Hưng, TP Hồ Chí Minh",75.0,,,,,,4,,,,7.6,2026
"Đường Tây Thạnh, Phường Tây Thạnh, TP Hồ Chí Minh",19.5,,,,,2.0,1,1.0,Have certificate,,2.15,2026
"Đường Mỹ Huế 7, Xã Bà Điểm, TP Hồ Chí Minh",46.7,,,Tây Nam,,,2,2.0,Have certificate,,3.25,2026
"Đường Hà Huy Giáp, Phường Thới An, TP Hồ Chí Minh",84.0,,,,,,2,,Have certificate,Full,6.4,2026
"Đường Số 27, Phường Long Bình, TP Hồ Chí Minh",70.0,,,Đông Bắc,,2.0,2,2.0,Have certificate,Basic,4.6,2026
"Nguyễn Oanh, Phường Hạnh Thông, TP Hồ Chí Minh",100.0,,,,,,5,6.0,Have certificate,,17.5,2026
"606, Phường Diên Hồng, TP Hồ Chí Minh",35.0,,,Tây Nam,,3.0,3,3.0,Have certificate,Full,5.4,2026
"Đường Bà Điểm 4, Xã Bà Điểm, TP Hồ Chí Minh",60.0,,,,,,2,2.0,Have certificate,,4.95,2026
"Đường Lê Văn Thọ, Phường Thông Tây Hội, TP Hồ Chí Minh",70.0,,,,,,5,5.0,Have certificate,Other,13.9,2026
"Đường Phan Huy Ích, Phường An Hội Tây, TP Hồ Chí Minh",40.0,,,,,,3,,,,5.75,2026
"Đường Huỳnh Tấn Phát, Xã Nhà Bè, TP Hồ Chí Minh",40.0,,,,,2.0,2,2.0,Have certificate,Other,2.68,2026
"Đường Hậu Giang, Phường Bình Phú, TP Hồ Chí Minh",22.0,,,,,,3,,,Basic,2.0,2026
"Đường Nguyễn Xí, Phường Bình Thạnh, TP Hồ Chí Minh",64.0,,,,,,5,5.0,Have certificate,,11.65,2026
"Đường Liên khu 10-11, Phường Bình Trị Đông, TP Hồ Chí Minh",40.0,,,,,2.0,2,2.0,Have certificate,Other,4.8,2026
"Đường Tây Thạnh, Phường Tây Thạnh, TP Hồ Chí Minh",19.5,,,,,2.0,1,1.0,Have certificate,,2.15,2026
"Nguyễn Thị Búp, Phường Trung Mỹ Tây, TP Hồ Chí Minh",48.0,,,,,2.0,2,2.0,Have certificate,Basic,3.6,2026
"Đường Nguyễn Thị Sóc, Xã Bà Điểm, TP Hồ Chí Minh",112.0,,,,,6.0,8,,Have certificate,,12.0,2026
"Đường Phạm Văn Đồng, Phường Linh Xuân, TP Hồ Chí Minh",68.0,,,,,5.0,4,5.0,Have certificate,,9.3,2026
"Đường Số 27, Phường Long Bình, TP Hồ Chí Minh",70.0,,,Đông Bắc,,2.0,2,2.0,Have certificate,Basic,4.6,2026
"Đường Phạm Văn Chiêu, Phường An Hội Đông, TP Hồ Chí Minh",40.0,,,,,,3,,,,6.95,2026
"Đường Cách Mạng Tháng 8, Phường Bàn Cờ, TP Hồ Chí Minh",50.4,,,,,,3,,,,8.0,2026
"Nguyễn Oanh, Phường Hạnh Thông, TP Hồ Chí Minh",100.0,,,,,,5,6.0,Have certificate,,17.5,2026
"Đường Phan Văn Trị, Phường Bình Lợi Trung, TP Hồ Chí Minh",35.0,,,,,3.0,5,3.0,Have certificate,Full,6.868,2026
"Đường Lê Văn Khương, Phường Thới An, TP Hồ Chí Minh",99.0,,,,,,3,,Have certificate,Other,6.36,2026
"Đường số 1, Phường Hạnh Thông, TP Hồ Chí Minh",100.0,,,,,4.0,4,4.0,,,22.4,2026
"Đường Trần Đại Nghĩa, Xã Tân Nhựt, TP Hồ Chí Minh",96.0,,,,,1.0,6,6.0,Have certificate,,1.9,2026
"1716, Xã Nhà Bè, TP Hồ Chí Minh",113.0,,,,,2.0,4,3.0,Have certificate,Other,6.2,2026
"Đường An Dương Vương, Phường An Lạc, TP Hồ Chí Minh",97.0,,,,,2.0,4,3.0,,,7.4,2026
"Đường Bình Đức, Phường Phú Định, TP Hồ Chí Minh",75.0,,,,,1.0,2,2.0,Have certificate,,3.9,2026
"210/18/8, Phường Nhiêu Lộc, TP Hồ Chí Minh",65.0,,,,,,3,,Have certificate,,7.8,2026
"Đường Phan Huy Ích, Phường An Hội Tây, TP Hồ Chí Minh",40.0,,,,,,3,,,,5.75,2026
"Đường Nguyễn Xí, Phường Bình Thạnh, TP Hồ Chí Minh",64.0,,,,,,5,5.0,Have certificate,,11.65,2026
"Đường Hậu Giang, Phường Bình Phú, TP Hồ Chí Minh",22.0,,,,,,3,,,Basic,2.0,2026
"Đường Huỳnh Tấn Phát, Phường Phú Thuận, TP Hồ Chí Minh",45.0,,,,,,3,,,,6.1,2026
"Đường Quốc lộ 13, Phường Hiệp Bình, TP Hồ Chí Minh",50.0,,,,,1.0,2,1.0,Have certificate,Full,2.95,2026
"Đường Huỳnh Tấn Phát, Xã Nhà Bè, TP Hồ Chí Minh",40.0,,,,,2.0,2,2.0,Have certificate,Other,2.68,2026
"Đường Nguyễn Thị Thập, Phường Tân Thuận, TP Hồ Chí Minh",122.0,,,,,4.0,6,5.0,Have certificate,Full,8.0,2026
"Đường Lâm Văn Bền, Phường Tân Hưng, TP Hồ Chí Minh",55.0,,,,,,4,,Have certificate,,5.8,2026
"Đường Thống Nhất, Phường Gò Vấp, TP Hồ Chí Minh",70.0,,,,,,6,6.0,Have certificate,Other,16.8,2026
"Đường số 12, Phường Bình Hưng Hòa, TP Hồ Chí Minh",48.0,,,,,2.0,2,2.0,Have certificate,Other,4.74,2026
"Đường Lê Quang Định, Phường Bình Lợi Trung, TP Hồ Chí Minh",35.0,,,,,,2,,Have certificate,,5.35,2026
"Đường Xóm Đất, Phường Bình Thới, TP Hồ Chí Minh",36.0,,,,,5.0,5,4.0,Have certificate,Full,10.99,2026
"Đường Lâm Thị Hố, Phường Trung Mỹ Tây, TP Hồ Chí Minh",48.0,,,,,,3,,,,4.95,2026
"Đường Vũ Tùng, Phường Gia Định, TP Hồ Chí Minh",64.0,,,,,,7,4.0,Have certificate,,10.75,2026
"Đường Thạnh Xuân 25, Phường Thới An, TP Hồ Chí Minh",60.0,,,Đông,,4.0,4,5.0,Have certificate,Other,6.85,2026
"Đường Huỳnh Tấn Phát, Phường Phú Thuận, TP Hồ Chí Minh",45.0,,,,,,3,,,,6.1,2026
"Đường Huỳnh Tấn Phát, Phường Phú Thuận, TP Hồ Chí Minh",48.0,,,Nam,,3.0,4,3.0,Have certificate,Full,4.99,2026
"Đường Trần Đại Nghĩa, Xã Tân Nhựt, TP Hồ Chí Minh",96.0,,,,,1.0,6,6.0,Have certificate,,1.9,2026
"Đường Huỳnh Tấn Phát, Xã Nhà Bè, TP Hồ Chí Minh",36.0,,,,,3.0,2,2.0,Have certificate,Basic,2.55,2026
"Đường Bà Hom, Phường Phú Lâm, TP Hồ Chí Minh",20.0,,,Đông Nam,,2.0,1,2.0,Have certificate,Full,2.55,2026
"Phan Văn Trị, Phường Gò Vấp, TP Hồ Chí Minh",100.0,,,,,,6,6.0,Have certificate,,19.2,2026
"Đường Ni Sư Huỳnh Liên, Phường Bảy Hiền, TP Hồ Chí Minh",44.7,,,Nam,,2.0,3,2.0,Have certificate,Basic,4.9,2026
"Đường Bình Đức, Phường Phú Định, TP Hồ Chí Minh",75.0,,,,,1.0,2,2.0,Have certificate,,3.9,2026
"Đường Hương Lộ 2, Phường Bình Trị Đông, TP Hồ Chí Minh",40.0,,,,,2.0,3,3.0,Have certificate,,4.0,2026
"Đường Ni Sư Huỳnh Liên, Phường Bảy Hiền, TP Hồ Chí Minh",39.0,,,,,,3,,,,5.4,2026
"Đường Dương Cát Lợi, Xã Nhà Bè, TP Hồ Chí Minh",126.0,,,,,4.0,4,5.0,,,11.5,2026
"Đường Quang Trung, Phường Thông Tây Hội, TP Hồ Chí Minh",90.0,,,,,5.0,5,6.0,Have certificate,Full,14.5,2026
"Đường Số 3, Xã Củ Chi, TP Hồ Chí Minh",247.0,,,,,1.0,10,6.0,Have certificate,,4.6,2026
"Đường Lê Đình Cẩn, Phường Tân Tạo, TP Hồ Chí Minh",127.5,,,,,2.0,5,5.0,Have certificate,Basic,6.999,2026
"1716, Xã Nhà Bè, TP Hồ Chí Minh",113.0,,,,,2.0,4,3.0,Have certificate,Other,6.2,2026
"Đường Cao Lỗ, Phường Chánh Hưng, TP Hồ Chí Minh",63.0,,,,,4.0,5,3.0,Have certificate,,13.5,2026
"Cách Mạng Tháng 8, Phường Hòa Hưng, TP Hồ Chí Minh",40.0,,,,,,2,2.0,Have certificate,,6.8,2026
"Đường Dương Cát Lợi, Xã Nhà Bè, TP Hồ Chí Minh",126.0,,,,,4.0,4,5.0,,,11.5,2026
"Đường Ni Sư Huỳnh Liên, Phường Bảy Hiền, TP Hồ Chí Minh",39.0,,,,,,3,,,,5.4,2026
"Đường Hương Lộ 2, Phường Bình Trị Đông, TP Hồ Chí Minh",40.0,,,,,2.0,3,3.0,Have certificate,,4.0,2026
"Đường Phùng Văn Cung, Phường Cầu Kiệu, TP Hồ Chí Minh",20.0,,,Tây Nam,,3.0,2,2.0,Have certificate,Other,4.86,2026
"Phan Văn Trị, Phường Gò Vấp, TP Hồ Chí Minh",100.0,,,,,,8,5.0,Have certificate,,30.0,2026
"Cách Mạng Tháng 8, Phường Hòa Hưng, TP Hồ Chí Minh",40.0,,,,,,2,2.0,Have certificate,,6.8,2026
"Đường Cao Lỗ, Phường Chánh Hưng, TP Hồ Chí Minh",63.0,,,,,4.0,5,3.0,Have certificate,,13.5,2026
"421/..., Phường Phú Lâm, TP Hồ Chí Minh",120.0,,,,,2.0,2,1.0,Have certificate,,6.78,2026
"Đường Đoàn Nguyễn Tuấn, Xã Hưng Long, TP Hồ Chí Minh",116.0,,,Đông,,1.0,3,1.0,Have certificate,Basic,4.0,2026
"Đường Số 3, Xã Củ Chi, TP Hồ Chí Minh",247.0,,,,,1.0,10,6.0,Have certificate,,4.6,2026
"Đường Trương Thị Hoa, Phường Tân Thới Hiệp, TP Hồ Chí Minh",50.0,,,,,2.0,2,2.0,Have certificate,Basic,4.3,2026
"Đường Hương Lộ 2, Phường Bình Trị Đông, TP Hồ Chí Minh",96.0,,,,,4.0,4,4.0,Have certificate,,6.3,2026
"09, Phường An Phú Đông, TP Hồ Chí Minh",52.0,,,,,,2,1.0,Have certificate,Full,3.2,2026
"Đường Cách Mạng Tháng 8, Phường Nhiêu Lộc, TP Hồ Chí Minh",40.0,,,,,,3,,Have certificate,,5.58,2026
"Đường Hà Huy Giáp, Phường An Phú Đông, TP Hồ Chí Minh",100.0,,,Tây Nam,,3.0,3,4.0,Have certificate,Full,6.3,2026
"1247, Phường Phú Thuận, TP Hồ Chí Minh",56.0,,,Đông,,2.0,3,2.0,Have certificate,Full,4.3,2026
"Đường Lạc Long Quân, Phường Bình Thới, TP Hồ Chí Minh",50.0,,,,,4.0,4,5.0,Have certificate,Other,9.5,2026
"Đường số 12, Phường Thủ Đức, TP Hồ Chí Minh",300.0,,,Đông,,3.0,4,5.0,Have certificate,Other,52.0,2026
"Nguyễn Văn Lượng, Phường Gò Vấp, TP Hồ Chí Minh",38.0,,,,,2.0,2,2.0,Have certificate,Full,3.75,2026
"Đường Phạm Văn Đồng, Phường Bình Lợi Trung, TP Hồ Chí Minh",70.0,,,,,,7,,,,13.8,2026
"Đường Quản Trọng Linh, Phường Bình Đông, TP Hồ Chí Minh",80.0,,,,,,4,3.0,Have certificate,Basic,7.9,2026
"Đường Trần Hữu Trang, Phường Phú Nhuận, TP Hồ Chí Minh",69.0,,,Tây Nam,,5.0,6,6.0,Have certificate,Other,16.9,2026
"Đường Ngô Tất Tố, Phường Thạnh Mỹ Tây, TP Hồ Chí Minh",31.5,,,,,,4,,Have certificate,,5.95,2026
"Đường Tôn Thất Thuyết, Phường Khánh Hội, TP Hồ Chí Minh",35.2,,,Đông Bắc,,,2,,,,3.4,2026
"Đường Tô Ngọc Vân, Phường Thới An, TP Hồ Chí Minh",54.0,,,Đông Bắc,,3.0,3,4.0,Have certificate,Full,5.8,2026
"2224/47/13, Xã Bình Chánh, TP Hồ Chí Minh",42.9,,,Đông,,1.0,2,1.0,Shared certificate,Basic,770.0,2026
"Đường Tô Hiến Thành, Phường Hòa Hưng, TP Hồ Chí Minh",28.0,,,,,3.0,3,2.0,Have certificate,,5.65,2026
"Đường Hồ Văn Long, Phường Bình Tân, TP Hồ Chí Minh",60.0,,,,,,1,1.0,,,4.25,2026
"1170/3, Phường Minh Phụng, TP Hồ Chí Minh",43.0,,,,,2.0,4,,Have certificate,Basic,12.0,2026
"Đường Huỳnh Tấn Phát, Xã Nhà Bè, TP Hồ Chí Minh",32.0,,,,,3.0,2,3.0,Have certificate,Full,2.55,2026
"Đường Phan Huy ích, Phường Tân Sơn, TP Hồ Chí Minh",46.0,,,,,2.0,3,2.0,,,4.9,2026
"Đường Âu Dương Lân, Phường Chánh Hưng, TP Hồ Chí Minh",43.0,,,,,4.0,4,4.0,Have certificate,,5.18,2026
"Đường Nguyễn Thị Tần, Phường Chánh Hưng, TP Hồ Chí Minh",106.0,,,,,4.0,5,4.0,Have certificate,Full,11.5,2026
"Đường Lê Văn Lương, Xã Nhà Bè, TP Hồ Chí Minh",106.0,,,,,,8,,Have certificate,,10.8,2026
"Đường Võ Văn Vân, Xã Tân Vĩnh Lộc, TP Hồ Chí Minh",56.0,,,,,1.0,2,2.0,Shared certificate,Full,1.85,2026
"Đường Số 47, Phường Hiệp Bình, TP Hồ Chí Minh",43.75,,,,,,2,2.0,,,2.39,2026
"Đường Phạm Hùng, Xã Bình Hưng, TP Hồ Chí Minh",66.5,,,,,2.0,2,2.0,Other,,3.5,2026
"Đường Kinh Dương Vương, Phường An Lạc, TP Hồ Chí Minh",32.0,,,,,1.0,2,1.0,Have certificate,Full,3.75,2026
"Đường Phạm Văn Đồng, Phường Bình Lợi Trung, TP Hồ Chí Minh",70.0,,,,,,7,,,,13.8,2026
"Đường Lò Lu, Phường Long Phước, TP Hồ Chí Minh",70.0,,,Đông,,2.0,2,2.0,Have certificate,,4.2,2026
"Đường số 14, Phường Thông Tây Hội, TP Hồ Chí Minh",48.0,,,,,,4,,Have certificate,,2.95,2026
"Đường Trần Khánh Dư, Phường Tân Định, TP Hồ Chí Minh",36.8,,,Bắc,,,4,,Have certificate,,6.9,2026
"D5, Xã Bình Lợi, TP Hồ Chí Minh",60.0,,,Tây Bắc,,,2,2.0,Have certificate,,1.999,2026
"D5, Xã Bình Lợi, TP Hồ Chí Minh",60.0,,,Tây Bắc,,,2,2.0,Have certificate,,1.999,2026
"Đường Phan Huy ích, Phường Tân Sơn, TP Hồ Chí Minh",32.0,,,,,3.0,3,,Have certificate,Basic,4.9,2026
"Đường Nguyễn Quý Yêm, Phường An Lạc, TP Hồ Chí Minh",40.0,,,,,,2,,Have certificate,,4.5,2026
"Đường Liên Ấp 6-2, Xã Vĩnh Lộc, TP Hồ Chí Minh",48.0,,,,,1.0,2,2.0,Shared certificate,Full,1.89,2026
"Đường Huỳnh Tấn Phát, Xã Nhà Bè, TP Hồ Chí Minh",32.0,,,,,3.0,2,3.0,Have certificate,Full,2.55,2026
"Đường Hà Huy Giáp, Phường Thới An, TP Hồ Chí Minh",70.0,,,,,1.0,2,3.0,Have certificate,,4.52,2026
"Đường Võ Văn Vân, Xã Tân Vĩnh Lộc, TP Hồ Chí Minh",56.0,,,,,1.0,2,2.0,Shared certificate,Full,1.85,2026
"Hẻm 246 Hòa Hưng, Phường Hòa Hưng, TP Hồ Chí Minh",21.0,,,,,3.0,2,2.0,Have certificate,Basic,3.35,2026
"Đường Lê Văn Lương, Xã Nhà Bè, TP Hồ Chí Minh",106.0,,,,,,8,,Have certificate,,10.8,2026
"Đường Nguyễn Sơn, Phường Phú Thạnh, TP Hồ Chí Minh",48.0,,,,,,4,4.0,Have certificate,Full,6.2,2026
"Đường Lê Thúc Hoạch, Phường Phú Thọ Hòa, TP Hồ Chí Minh",24.0,,,,,,2,1.0,Have certificate,,3.25,2026
"Đường Lê Văn Lương, Xã Nhà Bè, TP Hồ Chí Minh",108.0,,,,,1.0,2,1.0,Have certificate,Basic,3.5,2026
"PHAN THI HÀNH, Phường Phú Thọ Hòa, TP Hồ Chí Minh",32.4,,,,,2.0,2,2.0,Have certificate,Full,4.5,2026
"Đường Nguyễn Thị Búp, Phường Trung Mỹ Tây, TP Hồ Chí Minh",52.0,,,Nam,,4.0,4,5.0,Have certificate,Other,5.45,2026
"Đường Số 10, Xã Bình Hưng, TP Hồ Chí Minh",136.5,,,,,,5,5.0,Have certificate,,15.5,2026
", Xã Chân Mộng, TP Hồ Chí Minh",105.0,,,,,4.0,4,6.0,Have certificate,Other,11.0,2026
"Đường Tạ Quang Bửu, Phường Chánh Hưng, TP Hồ Chí Minh",80.0,,,,,,8,,Have certificate,,12.5,2026
"Đường Hoài Thanh, Phường Phú Định, TP Hồ Chí Minh",47.0,,,,,2.0,2,2.0,Have certificate,Full,4.4,2026
"Đường Tăng Nhơn Phú, Phường Phước Long, TP Hồ Chí Minh",100.0,,,,,,5,,Have certificate,,20.5,2026
"Dương quãng hàm, Phường An Nhơn, TP Hồ Chí Minh",52.0,,,,,3.0,3,4.0,Have certificate,Basic,13.8,2026
"Đường Lạc Long Quân, Phường Hòa Bình, TP Hồ Chí Minh",53.3,,,Đông Nam,,,4,,,,7.5,2026
"2/142/49 Thiên Phước, Phường Tân Hòa, TP Hồ Chí Minh",47.0,,,,,4.0,4,,,,10.2,2026
"Đường Âu Cơ, Phường Tân Hòa, TP Hồ Chí Minh",47.0,,,,,4.0,3,,Have certificate,,6.6,2026
"Đường An Dương Vương, Phường An Lạc, TP Hồ Chí Minh",92.0,,,,,,4,,Have certificate,,8.8,2026
"Hẻm 141 Tám Danh, Phường Chánh Hưng, TP Hồ Chí Minh",48.0,,,Tây Nam,,3.0,4,3.0,Have certificate,,6.6,2026
"Đường Thạnh Xuân 33, Phường Thới An, TP Hồ Chí Minh",56.0,,,,,1.0,2,3.0,Have certificate,,4.75,2026
"390//, Phường An Hội Tây, TP Hồ Chí Minh",36.0,,,,,2.0,3,2.0,Have certificate,Other,4.97,2026
"Đường Nguyễn Thị Tú, Phường Bình Tân, TP Hồ Chí Minh",69.0,,,,,5.0,6,6.0,Have certificate,Other,7.2,2026
"Đường Hiền Vương, Phường Phú Thạnh, TP Hồ Chí Minh",50.0,,,,,,3,3.0,,,5.0,2026
"Đường Âu Cơ, Phường Bảy Hiền, TP Hồ Chí Minh",70.0,,,,,5.0,7,6.0,Have certificate,Other,8.0,2026
"Đường Phan Văn Trị, Phường Gò Vấp, TP Hồ Chí Minh",60.0,,,,,,3,,Have certificate,,4.86,2026
"Đường số 9, Phường Linh Xuân, TP Hồ Chí Minh",102.3,,,,,,2,,Have certificate,,8.1,2026
"Đất Mới , Phường Bình Trị Đông, TP Hồ Chí Minh",100.0,,,,,1.0,5,5.0,Have certificate,Other,6.4,2026
"Lê Thị Bạch Cât, Phường Phú Thọ, TP Hồ Chí Minh",61.0,,,,,,2,,Have certificate,,7.45,2026
"442/xx, Phường Nhiêu Lộc, TP Hồ Chí Minh",63.0,,,,,,4,3.0,Have certificate,Basic,12.4,2026
"106/2, Phường Hòa Hưng, TP Hồ Chí Minh",32.0,,,,,3.0,3,3.0,Have certificate,Basic,6.2,2026
"Đường Vườn Lài, Phường Phú Thọ Hòa, TP Hồ Chí Minh",36.0,,,,,2.0,2,,Have certificate,Basic,4.9,2026
"Đường số 16, Phường Linh Xuân, TP Hồ Chí Minh",68.0,,,,,,3,2.0,,,4.99,2026
"Đường Nguyễn Văn Khối, Phường Thông Tây Hội, TP Hồ Chí Minh",78.0,,,,,,4,,Have certificate,,7.6,2026
"Đường Nguyễn Súy, Phường Tân Sơn Nhì, TP Hồ Chí Minh",80.0,,,,,2.0,3,3.0,Have certificate,Full,6.4,2026
"Hẻm 1041/62 Trần Xuân Soạn, Phường Tân Hưng, TP Hồ Chí Minh",18.0,,,,,,1,,,,2.7,2026
"Đường Nguyễn Thái Sơn, Phường An Nhơn, TP Hồ Chí Minh",30.0,,,,,2.0,2,2.0,Have certificate,Other,5.25,2026
"Đường Cách Mạng Tháng Tám, Phường Nhiêu Lộc, TP Hồ Chí Minh",44.0,,,,,,3,,,,12.5,2026
"Đường Bình Trị Đông, Phường Bình Hưng Hòa, TP Hồ Chí Minh",31.5,,,,,2.0,3,2.0,Have certificate,,3.69,2026
"1734/30, Xã Hiệp Phước, TP Hồ Chí Minh",33.0,,,Đông Nam,,1.0,2,2.0,Shared certificate,Other,1.5,2026
"Hẻm 902 Tỉnh Lộ 43, Phường Tam Bình, TP Hồ Chí Minh",74.0,,,,,2.0,2,,Have certificate,,3.85,2026
"Hẻm 1041/62 Trần Xuân Soạn, Phường Tân Hưng, TP Hồ Chí Minh",18.0,,,,,,1,,,,2.7,2026
"Đường Song Hành Quốc Lộ 22, Phường Trung Mỹ Tây, TP Hồ Chí Minh",40.0,,,,,2.0,2,2.0,Have certificate,,3.0,2026
"Đường Nguyễn Xí, Phường Bình Thạnh, TP Hồ Chí Minh",28.0,,,,,,3,,,,5.98,2026
"Đường số 15, Phường Bình Hưng Hòa, TP Hồ Chí Minh",45.0,,,,,,3,,,,5.3,2026
"Hẻm 902 Tỉnh Lộ 43, Phường Tam Bình, TP Hồ Chí Minh",74.0,,,,,2.0,2,,Have certificate,,3.85,2026
"Đường Nguyễn Thị Tú, Phường Bình Tân, TP Hồ Chí Minh",69.0,,,,,5.0,6,6.0,Have certificate,Other,7.2,2026
"Đường số 2, Phường Tam Bình, TP Hồ Chí Minh",112.0,,,,,,3,2.0,Have certificate,,5.39,2026
"108/, Phường Bảy Hiền, TP Hồ Chí Minh",19.0,,,Đông Bắc,,3.0,3,2.0,Have certificate,Full,2.89,2026
"Đường Hiền Vương, Phường Phú Thạnh, TP Hồ Chí Minh",50.0,,,,,,3,3.0,,,5.0,2026
"Đường Quang Trung, Phường Thông Tây Hội, TP Hồ Chí Minh",50.4,,,Nam,,2.0,2,2.0,Have certificate,Full,5.6,2026
"Đường số 1, Phường Bình Hưng Hòa, TP Hồ Chí Minh",40.0,,,,,2.0,2,2.0,Have certificate,Other,4.76,2026
"Đường Quốc lộ 22, Xã Bà Điểm, TP Hồ Chí Minh",96.0,,,,,5.0,6,4.0,Have certificate,,5.6,2026
"Đường Nơ Trang Long, Phường Bình Lợi Trung, TP Hồ Chí Minh",46.0,,,Đông Bắc,,2.0,2,2.0,Have certificate,Basic,6.5,2026
"Đất Mới, Phường Bình Trị Đông, TP Hồ Chí Minh",65.0,,,Tây,,3.0,4,4.0,Have certificate,Other,5.95,2026
"Cầu Him Lam, Phường Tân Hưng, TP Hồ Chí Minh",47.2,,,,,2.0,2,2.0,Have certificate,Full,5.1,2026
"Đường số 16, Phường Linh Xuân, TP Hồ Chí Minh",56.0,,,Đông,,2.0,2,2.0,Have certificate,,6.3,2026
"Đường Trần Thị Hè, Phường Tân Thới Hiệp, TP Hồ Chí Minh",53.0,,,,,5.0,5,5.0,Have certificate,Other,5.98,2026
"83, Xã Củ Chi, TP Hồ Chí Minh",45.0,,,,,,1,1.0,Have certificate,,1.48,2026
"Đường Bình Long, Phường Phú Thạnh, TP Hồ Chí Minh",43.5,,,,,2.0,2,2.0,Have certificate,,4.35,2026
"Đường Hậu Giang, Phường Phú Lâm, TP Hồ Chí Minh",48.0,,,,,3.0,3,3.0,Have certificate,Basic,5.95,2026
"Đường Phan Văn Trị, Phường Hạnh Thông, TP Hồ Chí Minh",90.0,,,Tây Nam,,2.0,2,,Have certificate,Full,14.3,2026
"Đường Số 9, Phường Thủ Đức, TP Hồ Chí Minh",52.0,,,,,2.0,4,3.0,Have certificate,Full,7.59,2026
"Đất Mới, Phường Bình Trị Đông, TP Hồ Chí Minh",65.0,,,,,3.0,4,4.0,Have certificate,Other,5.95,2026
"Đường Liên khu 4-5, Phường Bình Tân, TP Hồ Chí Minh",100.0,,,,,3.0,4,3.0,Have certificate,,6.0,2026
"Đường Tân Hòa Đông, Phường Phú Lâm, TP Hồ Chí Minh",15.0,,,,,3.0,2,2.0,Have certificate,Full,2.55,2026
"Đường Tân Thới Nhất 25, Phường Đông Hưng Thuận, TP Hồ Chí Minh",70.0,,,Đông Nam,,4.0,3,3.0,Have certificate,,8.5,2026
"☎️KHU VIP BÀU CÁT- GẦN CHỢ - 5P QUA QUẬN 10-Q3- GẦN BỆNH VIỆN THỐNG NHẤT - NGANG 4M- DTSD 32 M2 - SỔ HỒNG RIÊNG - KO QUY HOẠCH- CHỈ 2.5 T #NHADATTANBINH #NHADATTANPHU #NHADATBINHTAN #TIMNHACHINHCHU , Phường Bảy Hiền, TP Hồ Chí Minh",16.0,,,,,2.0,2,,Have certificate,,2.5,2026
"Hẻm 54 Lê Văn Lương, Phường Tân Hưng, TP Hồ Chí Minh",31.0,,,Bắc,,2.0,3,2.0,Have certificate,Other,2.55,2026
"Đường Cao Lỗ, Phường Chánh Hưng, TP Hồ Chí Minh",160.0,,,,,,5,6.0,Have certificate,,25.9,2026
"Đường Dương Thiệu Tước, Phường Tân Sơn Nhì, TP Hồ Chí Minh",71.0,,,,,2.0,2,2.0,Have certificate,Full,6.5,2026
"Đường Dương Thị Giang, Phường Đông Hưng Thuận, TP Hồ Chí Minh",84.0,,,Nam,,4.0,4,5.0,Have certificate,,10.98,2026
"Đường 138, Phường Tăng Nhơn Phú, TP Hồ Chí Minh",40.0,,,,,2.0,3,,Have certificate,Full,3.85,2026
"Đường Nhất Chi Mai, Phường Tân Bình, TP Hồ Chí Minh",156.0,,,,,7.0,10,6.0,Have certificate,,27.5,2026
"Đường Quang Trung, Phường An Hội Tây, TP Hồ Chí Minh",22.0,,,,,2.0,1,2.0,Have certificate,Basic,3.4,2026
"Đường Âu Cơ, Phường Bảy Hiền, TP Hồ Chí Minh",420.0,,,Bắc,,1.0,3,2.0,Have certificate,Basic,45.0,2026
"Số 9, Phường Bình Hưng Hòa, TP Hồ Chí Minh",48.0,,,,,2.0,3,2.0,Have certificate,,3.25,2026
"Đường Phạm Hùng, Xã Bình Hưng, TP Hồ Chí Minh",78.0,,,Đông Nam,,2.0,4,4.0,No certificate,,6.8,2026
"Đường Âu Dương Lân, Phường Chánh Hưng, TP Hồ Chí Minh",32.4,,,,,2.0,2,2.0,Have certificate,,3.28,2026
"Đường Lý Thánh Tông, Phường Phú Thạnh, TP Hồ Chí Minh",60.0,,,,,2.0,2,2.0,Have certificate,Full,5.9,2026
"Thạnh Xuân 25, Phường Thới An, TP Hồ Chí Minh",80.0,,,Tây,,5.0,5,6.0,Have certificate,Other,10.5,2026
"Đường Số 2, Phường Thông Tây Hội, TP Hồ Chí Minh",100.0,,,,,,1,1.0,Have certificate,,8.6,2026
"Đường Âu Dương Lân, Phường Chánh Hưng, TP Hồ Chí Minh",32.0,,,,,32.0,2,2.0,Have certificate,Full,3.96,2026
"Tân Sơn Nhì, Phường Tân Sơn Nhì, TP Hồ Chí Minh",60.0,,,,,,3,6.0,Have certificate,,5.9,2026
"Đường Nguyễn Thị Sóc, Xã Bà Điểm, TP Hồ Chí Minh",90.0,,,Đông Nam,,3.0,4,5.0,Have certificate,Other,6.78,2026
"Đường Dương Quảng Hàm, Phường An Nhơn, TP Hồ Chí Minh",24.0,,,,,2.0,2,2.0,Have certificate,Other,2.6,2026
"Đất Mới, Phường Bình Trị Đông, TP Hồ Chí Minh",65.0,,,,,3.0,4,4.0,Have certificate,Other,5.95,2026
"Đường Kha Vạn Cân, Phường Hiệp Bình, TP Hồ Chí Minh",60.0,,,,,1.0,1,,Have certificate,,3.6,2026
"Đường Trần Văn Giàu, Xã Bình Lợi, TP Hồ Chí Minh",410.0,,,,,,2,,Have certificate,,8.5,2026
"Đường Pasteur, Phường Nhiêu Lộc, TP Hồ Chí Minh",38.0,,,,,2.0,2,2.0,Have certificate,Full,7.5,2026
"Đường Liên khu 4-5, Phường Bình Tân, TP Hồ Chí Minh",100.0,,,,,3.0,4,3.0,Have certificate,,6.0,2026
"163/13, Phường Thông Tây Hội, TP Hồ Chí Minh",50.0,,,Tây,,4.0,4,3.0,Have certificate,Basic,8.6,2026
"Hẻm 285/85 Đường Cách Mạng Tháng 8, Phường Hòa Hưng, TP Hồ Chí Minh",42.0,,,,,3.0,3,3.0,Have certificate,,9.1,2026
"Đường Phú Thọ, Phường Minh Phụng, TP Hồ Chí Minh",43.5,,,Đông,,,4,,,,6.6,2026
"Đường Bưng Ông Thoàn, Phường Long Trường, TP Hồ Chí Minh",55.0,,,,,3.0,4,4.0,Have certificate,Full,5.5,2026
"Đường Quang Trung, Phường An Hội Tây, TP Hồ Chí Minh",22.0,,,,,2.0,1,2.0,Have certificate,Basic,3.4,2026
"163/13, Phường Thông Tây Hội, TP Hồ Chí Minh",50.0,,,Tây,,4.0,4,3.0,Have certificate,Basic,8.6,2026
"Đường Lê Văn Thọ, Phường An Hội Tây, TP Hồ Chí Minh",32.0,,,Nam,,2.0,2,2.0,Have certificate,Other,4.6,2026
"Đường Thoại Ngọc Hầu, Phường Tân Phú, TP Hồ Chí Minh",48.0,,,Đông Nam,,3.0,5,3.0,Have certificate,Basic,6.3,2026
"Đường Quang Trung, Phường Gò Vấp, TP Hồ Chí Minh",108.0,,,,,,4,3.0,Have certificate,,6.9,2026
"☎️ MẶT TIỀN KINH DOANH - ĐƯỜNG 8M - GẦN EON TÂN PHÚ - 71M2- NGANG 5M- ĐANG CHO THUÊ 8TR/01 THÁNG , Phường Tân Sơn Nhì, TP Hồ Chí Minh",70.0,,,,,2.0,2,,Have certificate,,6.5,2026
"Đường Âu Cơ, Phường Bảy Hiền, TP Hồ Chí Minh",420.0,,,Bắc,,1.0,3,2.0,Have certificate,Basic,45.0,2026
"Đường Nguyễn Văn Công, Phường Hạnh Thông, TP Hồ Chí Minh",58.0,,,,,5.0,4,5.0,Have certificate,Full,7.2,2026
"Đường Tây Thạnh, Phường Tây Thạnh, TP Hồ Chí Minh",120.0,,,,,7.0,10,6.0,Have certificate,Other,25.0,2026
"Đường Tỉnh lộ 10, Phường Bình Trị Đông, TP Hồ Chí Minh",50.0,,,Bắc,,1.0,2,2.0,Have certificate,Basic,4.98,2026
"Đường Thạnh Lộc 57, Phường An Phú Đông, TP Hồ Chí Minh",56.0,,,Bắc,,,3,3.0,Have certificate,,4.85,2026
"Đường Trần Xuân Soạn, Phường Tân Hưng, TP Hồ Chí Minh",30.0,,,,,4.0,4,2.0,Have certificate,,4.95,2026
"Sơn Kỳ, Phường Tân Sơn Nhì, TP Hồ Chí Minh",49.0,,,,,2.0,2,2.0,Have certificate,,5.0,2026
"Xuân Thới Thượng 24, Xã Bà Điểm, TP Hồ Chí Minh",75.0,,,Đông Bắc,,1.0,2,1.0,Have certificate,,3.83,2026
"A.10, Phường Chánh Hưng, TP Hồ Chí Minh",42.0,,,Bắc,,,2,2.0,No certificate,,2.65,2026
"Đường Tân Phước, Phường Tân Hòa, TP Hồ Chí Minh",68.0,,,,,,3,2.0,Have certificate,,7.5,2026
"Hẻm 84 Bùi Quang Là, Phường An Hội Tây, TP Hồ Chí Minh",25.0,,,Tây Bắc,,2.0,2,2.0,Have certificate,Other,4.39,2026
"Hiền Vương, Phường Phú Thạnh, TP Hồ Chí Minh",40.0,,,,,4.0,4,3.0,Have certificate,,5.6,2026
"Đường Phan Văn Hớn, Xã Bà Điểm, TP Hồ Chí Minh",90.0,,,Tây Nam,,3.0,4,5.0,Have certificate,Other,6.48,2026
"Đường Nguyễn Ảnh Thủ, Xã Bà Điểm, TP Hồ Chí Minh",27.0,,,,,2.0,2,2.0,Have certificate,Other,2.19,2026
"Đường Huỳnh Tấn Phát, Phường Phú Thuận, TP Hồ Chí Minh",50.0,,,,,4.0,5,6.0,Have certificate,,6.3,2026
"Đường Đông Bắc, Phường Trung Mỹ Tây, TP Hồ Chí Minh",16.0,,,,,2.0,1,,Shared certificate,,595.0,2026
"Đường Phạm Thế Hiển, Phường Bình Đông, TP Hồ Chí Minh",40.0,,,,,2.0,2,2.0,Have certificate,,3.6,2026
"580, Phường Vườn Lài, TP Hồ Chí Minh",51.0,,,Tây Bắc,,7.0,6,6.0,Have certificate,Full,19.0,2026
"Đường Tỉnh lộ 10, Phường Tân Tạo, TP Hồ Chí Minh",31.2,,,,,,3,,,,2.5,2026
"Đường Quang Trung, Phường Thông Tây Hội, TP Hồ Chí Minh",61.0,,,,,4.0,4,3.0,Have certificate,Other,7.2,2026
"Ao Đôi, Phường Bình Hưng Hòa, TP Hồ Chí Minh",44.0,,,,,4.0,3,3.0,Have certificate,Other,4.45,2026
"Đường Lê Hồng Phong, Phường Chợ Quán, TP Hồ Chí Minh",28.0,,,,,5.0,3,3.0,Have certificate,Basic,6.5,2026
"Đường số 1, Phường Hạnh Thông, TP Hồ Chí Minh",44.0,,,,,2.0,2,2.0,Have certificate,Full,4.9,2026
"Đường Nguyễn Sỹ Sách, Phường Tân Sơn, TP Hồ Chí Minh",32.0,,,,,2.0,2,2.0,Have certificate,Basic,3.2,2026
"Đường Phạm Hùng, Phường Chánh Hưng, TP Hồ Chí Minh",28.0,,,,,2.0,2,2.0,Have certificate,Basic,3.48,2026
"Đường số 28, Phường An Lạc, TP Hồ Chí Minh",100.0,,,,,3.0,4,5.0,Have certificate,Basic,13.9,2026
"Đường Ngô Tất Tố, Phường Thạnh Mỹ Tây, TP Hồ Chí Minh",95.0,,,,,,3,,,,9.5,2026
"Hẻm 58 Đường Phan Chu Trinh, Phường Bình Thạnh, TP Hồ Chí Minh",72.0,,,Đông,,2.0,3,2.0,Have certificate,,5.9,2026
"Đường Nơ Trang Long, Phường Bình Lợi Trung, TP Hồ Chí Minh",16.2,,,,,3.0,2,3.0,Have certificate,Other,1.9,2026
"Đường Huỳnh Tấn Phát, Xã Nhà Bè, TP Hồ Chí Minh",65.0,,,Bắc,,3.0,4,4.0,Have certificate,Full,3.18,2026
"Đường Xô Viết Nghệ Tĩnh, Phường Thạnh Mỹ Tây, TP Hồ Chí Minh",60.0,,,Đông Bắc,,4.0,5,5.0,Have certificate,Full,7.2,2026
"Đường số 1, Phường An Lạc, TP Hồ Chí Minh",84.0,,,,,,4,4.0,Have certificate,,17.0,2026
"Lý Chiêu Hoàng, Phường An Lạc, TP Hồ Chí Minh",98.0,,,,,,2,2.0,Have certificate,,9.2,2026
"Đường Lũy Bán Bích, Phường Phú Thọ Hòa, TP Hồ Chí Minh",53.0,,,,,3.0,3,,Have certificate,Basic,5.2,2026
"Đường Đỗ Xuân Hợp, Phường Phước Long, TP Hồ Chí Minh",97.0,,,,,,3,,Have certificate,,6.99,2026
"Đường Liên Khu 16-18, Phường Bình Trị Đông, TP Hồ Chí Minh",73.0,,,,,,5,,Have certificate,,9.2,2026
"Đường Trần Quý, Phường Minh Phụng, TP Hồ Chí Minh",44.0,,,Tây,,,3,,,,5.7,2026
"Đong Hưng Thuận 23, Phường Đông Hưng Thuận, TP Hồ Chí Minh",48.0,,,,,2.0,2,2.0,Have certificate,,4.39,2026
"305, Phường An Đông, TP Hồ Chí Minh",65.0,,,,,2.0,2,3.0,Have certificate,Basic,8.4,2026
"Đường số 4, Phường An Hội Đông, TP Hồ Chí Minh",40.0,,,,,2.0,2,2.0,Have certificate,Other,5.09,2026
"Đường Bến Vân Đồn, Phường Khánh Hội, TP Hồ Chí Minh",30.0,,,Đông Nam,,2.0,2,2.0,Have certificate,Other,3.5,2026
"Đường Tô Ký, Phường Trung Mỹ Tây, TP Hồ Chí Minh",86.0,,,,,,3,,Have certificate,,4.1,2026
"Đường Nguyễn Đình Chiểu, Phường Đức Nhuận, TP Hồ Chí Minh",11.0,,,,,,2,,Have certificate,,3.1,2026
"Đường Sư Vạn Hạnh, Phường Vườn Lài, TP Hồ Chí Minh",20.0,,,,,,3,,Have certificate,,3.1,2026
"321, Phường Tân Phú, TP Hồ Chí Minh",110.0,,,Tây Nam,,2.0,2,2.0,Have certificate,Basic,13.5,2026
"Đường Cách Mạng Tháng Tám, Phường Nhiêu Lộc, TP Hồ Chí Minh",48.0,,,,,5.0,6,5.0,Have certificate,Full,7.7,2026
"Đường Kỳ Ðồng, Phường Nhiêu Lộc, TP Hồ Chí Minh",21.0,,,,,2.0,4,,Have certificate,,6.0,2026
"Đường số 28, Phường An Lạc, TP Hồ Chí Minh",185.0,,,,,,7,,Have certificate,,26.5,2026
"Đường Huỳnh Tấn Phát, Xã Nhà Bè, TP Hồ Chí Minh",53.4,,,,,4.0,4,5.0,Have certificate,Other,6.68,2026
"188, Phường Bình Trị Đông, TP Hồ Chí Minh",60.0,,,,,4.0,4,3.0,Have certificate,Basic,6.05,2026
"Đường Nguyễn Thiện Thuật, Phường Bàn Cờ, TP Hồ Chí Minh",32.0,,,,,2.0,2,2.0,Have certificate,,7.7,2026
"Đường Lã Xuân Oai, Phường Tăng Nhơn Phú, TP Hồ Chí Minh",50.0,,,,,3.0,4,3.0,Have certificate,Full,6.6,2026
"Đường Lê Quang Định, Phường Bình Lợi Trung, TP Hồ Chí Minh",35.0,,,,,2.0,2,2.0,Have certificate,Other,5.35,2026
"Đường Lê Văn Thọ, Phường Thông Tây Hội, TP Hồ Chí Minh",50.0,,,,,,2,2.0,Have certificate,Other,5.5,2026
"Đường Phan Văn Hớn, Xã Bà Điểm, TP Hồ Chí Minh",88.0,,,Tây,,,2,,Have certificate,,4.5,2026
"Đường Tô Ký, Phường Trung Mỹ Tây, TP Hồ Chí Minh",90.0,,,,,2.0,5,4.0,Have certificate,Full,4.2,2026
"Đường Lê Đức Thọ, Phường Gò Vấp, TP Hồ Chí Minh",68.0,,,,,2.0,3,,Have certificate,,4.8,2026
"E6/108, Xã Tân Nhựt, TP Hồ Chí Minh",140.0,,,,,,3,4.0,,,5.5,2026
"Đường Lê Văn Thọ, Phường Thông Tây Hội, TP Hồ Chí Minh",21.0,,,Nam,,2.0,1,2.0,Have certificate,Full,2.48,2026
"Đường số 8, Phường Linh Xuân, TP Hồ Chí Minh",103.0,,,,,4.0,7,,Have certificate,Full,14.5,2026
"Đường Phan Huy Ích, Phường An Hội Tây, TP Hồ Chí Minh",55.0,,,,,2.0,3,2.0,Have certificate,Other,5.6,2026
"89, Phường Bình Hưng Hòa, TP Hồ Chí Minh",56.0,,,Tây,,2.0,3.0,2.0,Have certificate,Basic,4.35,2026
"Đường Lê Văn Quới, Phường Bình Trị Đông, TP Hồ Chí Minh",40.0,,,Đông,,1.0,1.0,1.0,Shared certificate,Basic,1.45,2026
"Đường số 2, Phường Thủ Đức, TP Hồ Chí Minh",135.0,,,,,,4.0,,Have certificate,,10.0,2026
"Đường Trần Văn Ơn, Phường Tân Sơn Nhì, TP Hồ Chí Minh",56.0,,,,,4.0,4.0,3.0,Have certificate,Other,6.69,2026
"Đỗ Mười, Phường Tân Thới Hiệp, TP Hồ Chí Minh",60.0,,,Đông Nam,,4.0,4.0,5.0,Have certificate,Full,6.2,2026
"Đường Tỉnh lộ 10, Phường Bình Trị Đông, TP Hồ Chí Minh",60.0,,,,,,2.0,,,,4.78,2026
"Đường Nguyễn Ngọc Lộc, Phường Diên Hồng, TP Hồ Chí Minh",20.0,,,,,4.0,3.0,3.0,Have certificate,,4.3,2026
"Đường Bắc Hải, Phường Hòa Hưng, TP Hồ Chí Minh",13.0,,,,,3.0,2.0,2.0,Have certificate,,2.9,2026
"Đường Số 11, Phường Thủ Đức, TP Hồ Chí Minh",102.0,,,,,1.0,4.0,,Have certificate,,7.2,2026
"Đường Chu Văn An, Phường Bình Thạnh, TP Hồ Chí Minh",25.0,,,,,2.0,2.0,2.0,Have certificate,Other,4.85,2026
"803, Phường Phú Thuận, TP Hồ Chí Minh",60.0,,,,,1.0,2.0,1.0,Have certificate,Basic,3.4,2026
"Cách Mạng Tháng 8, Phường Hòa Hưng, TP Hồ Chí Minh",37.0,,,,,2.0,3.0,2.0,Have certificate,,6.8,2026
"Đường Trường Chinh, Phường Đông Hưng Thuận, TP Hồ Chí Minh",120.0,,,Nam,,2.0,3.0,3.0,Have certificate,Full,7.0,2026
"Lâm Văn Bền, Phường Tân Hưng, TP Hồ Chí Minh",53.19,,,,,,4.0,,Have certificate,,5.3,2026
"Đường Phú Thọ Hoà, Phường Phú Thọ Hòa, TP Hồ Chí Minh",47.0,,,,,2.0,2.0,2.0,Have certificate,Full,5.4,2026
"Đường Cao Thắng, Phường Hòa Hưng, TP Hồ Chí Minh",48.0,,,,,2.0,2.0,1.0,Have certificate,,7.9,2026
,,,,,,,,,,,,2026
"Nguyễn Thiện Thuật, Phường Bàn Cờ, TP Hồ Chí Minh",44.0,,,,,,4.0,,Have certificate,,9.499,2026
"Đường Nguyễn Văn Quá, Phường Đông Hưng Thuận, TP Hồ Chí Minh",52.0,,,Đông Nam,,4.0,5.0,4.0,Have certificate,Basic,5.28,2026
"Đường Lê Văn Quới, Phường Bình Hưng Hòa, TP Hồ Chí Minh",48.0,,,,,5.0,4.0,4.0,Have certificate,Other,6.2,2026
"Đường Võ Văn Ngân, Phường Thủ Đức, TP Hồ Chí Minh",100.0,,,,,,2,,Have certificate,,17.5,2026
"Đường Nguyễn Văn Công, Phường Hạnh Thông, TP Hồ Chí Minh",21.0,,,,,3.0,3,3.0,Have certificate,Other,3.89,2026
"Đường Nguyễn Văn Đậu, Phường Gia Định, TP Hồ Chí Minh",40.0,,,,,5.0,3,4.0,Have certificate,Full,7.7,2026
"Phạm Thế hiển, Phường Bình Đông, TP Hồ Chí Minh",68.7,,,Đông,,2.0,2,2.0,Have certificate,,6.0,2026
"Đường 102, Phường Chánh Hưng, TP Hồ Chí Minh",64.0,,,,,,4,4.0,Have certificate,Basic,13.5,2026
"Đường Huỳnh Tấn Phát, Xã Nhà Bè, TP Hồ Chí Minh",110.0,,,,,2.0,5,3.0,Have certificate,Other,6.2,2026
"Đường Trần Xuân Soạn, Phường Tân Hưng, TP Hồ Chí Minh",60.0,,,,,4.0,4,4.0,Have certificate,,7.9,2026
"379, Phường Thạnh Mỹ Tây, TP Hồ Chí Minh",47.0,,,Đông Nam,,2.0,2,2.0,Have certificate,Basic,5.1,2026
"Đường Hưng Phú, Phường Chánh Hưng, TP Hồ Chí Minh",36.4,,,Đông Nam,,4.0,4,4.0,Have certificate,,6.18,2026
"15b, Phường Tân Mỹ, TP Hồ Chí Minh",90.0,,,,,3.0,7,,Have certificate,,8.38,2026
"Đường Trịnh Quang Nghị, Phường Bình Đông, TP Hồ Chí Minh",110.0,,,,,3.0,5,6.0,Have certificate,Full,9.0,2026
"Đường Nguyễn Thái Sơn, Phường An Nhơn, TP Hồ Chí Minh",25.0,,,,,3.0,3,3.0,Have certificate,Other,4.49,2026
"Hẻm 2 Chấn Hưng, Phường Tân Sơn Nhất, TP Hồ Chí Minh",68.0,,,,,2.0,3,2.0,Have certificate,,16.2,2026
"Đường Nguyễn Thị Tần, Phường Chánh Hưng, TP Hồ Chí Minh",117.0,,,,,,4,4.0,Have certificate,,11.5,2026
"Đường Hoàng Quốc Việt, Phường Tân Mỹ, TP Hồ Chí Minh",90.0,,,Đông Nam,,4.0,4,3.0,Have certificate,Full,22.5,2026
"Đường Hoàng Diệu 2, Phường Linh Xuân, TP Hồ Chí Minh",75.0,,,,,,3,,Have certificate,,4.25,2026
"32, Phường Bình Phú, TP Hồ Chí Minh",68.0,,,,,,5,,Have certificate,,9.9,2026
"Đường Quang Trung, Phường Thông Tây Hội, TP Hồ Chí Minh",31.0,,,,,2.0,2,2.0,Have certificate,Other,4.88,2026
"Đường Lê Văn Quới, Phường Bình Hưng Hòa, TP Hồ Chí Minh",40.0,,,,,2.0,3,3.0,Have certificate,Full,3.0,2026
"678, Phường Tân Sơn Nhì, TP Hồ Chí Minh",36.0,,,,,5.0,3,4.0,Have certificate,Basic,5.7,2026
"Đường Liên Ấp 2-3, Xã Hưng Long, TP Hồ Chí Minh",54.0,,,,,1.0,2,,Shared certificate,Basic,950.0,2026
"26, Phường Bình Phú, TP Hồ Chí Minh",110.0,,,,,,4,,Have certificate,,18.0,2026
"21, Phường Bình Phú, TP Hồ Chí Minh",72.0,,,,,,4,,Have certificate,,10.7,2026
"57, Phường Bình Phú, TP Hồ Chí Minh",60.0,,,,,,4,,Have certificate,,9.1,2026
"Đường Ni Sư Huỳnh Liên, Phường Bảy Hiền, TP Hồ Chí Minh",48.0,,,,,3.0,3,4.0,Have certificate,,5.6,2026
"64, Phường Bình Phú, TP Hồ Chí Minh",48.0,,,,,,6,,Have certificate,,7.85,2026
"Đường Nguyễn Văn Quá, Phường Đông Hưng Thuận, TP Hồ Chí Minh",65.0,,,Đông Nam,,4.0,4,4.0,Have certificate,Other,5.45,2026
"Đường Song Hành, Phường Bình Phú, TP Hồ Chí Minh",76.0,,,,,,4,,Have certificate,,11.9,2026
"44, Phường Bình Phú, TP Hồ Chí Minh",80.0,,,,,,4,5.0,Have certificate,,13.3,2026
"66, Phường Bình Phú, TP Hồ Chí Minh",40.0,,,,,,2,,Have certificate,,6.25,2026
"Đường Hoàng Diệu 2, Phường Linh Xuân, TP Hồ Chí Minh",110.0,,,,,,3,,Have certificate,,13.6,2026
"Đường Lê Văn Thọ, Phường Thông Tây Hội, TP Hồ Chí Minh",77.0,,,,,,4,,Have certificate,,9.3,2026
"BỜ KINH T14, Xã Bình Chánh, TP Hồ Chí Minh",100.0,,,,,1.0,3,3.0,Have certificate,Full,1.5,2026
"Đường Thạnh Xuân 33, Phường Thới An, TP Hồ Chí Minh",56.0,,,Tây,,2.0,2,3.0,Have certificate,Full,4.7,2026
"Đường Phạm Thế Hiển, Phường Chánh Hưng, TP Hồ Chí Minh",74.0,,,Bắc,,5.0,6,6.0,Have certificate,,7.8,2026
"Đường Kha Vạn Cân, Phường Linh Xuân, TP Hồ Chí Minh",110.0,,,,,,8,,Have certificate,,14.5,2026
"Đường Phạm Thế Hiển, Phường Bình Đông, TP Hồ Chí Minh",120.0,,,,,,4,5.0,Have certificate,,9.9,2026
"Đường Bà Hom, Phường Phú Lâm, TP Hồ Chí Minh",66.0,,,,,5.0,9,6.0,Have certificate,,9.8,2026
"Đường Gò Ô Môi, Phường Phú Thuận, TP Hồ Chí Minh",57.5,,,,,3.0,4,4.0,Have certificate,Full,8.6,2026
"Đường số 12, Phường Bình Hưng Hòa, TP Hồ Chí Minh",56.0,,,,,2.0,3,3.0,Have certificate,,5.0,2026
"Đường Huỳnh Tấn Phát, Xã Nhà Bè, TP Hồ Chí Minh",54.0,,,,,2.0,2,2.0,Have certificate,Other,5.29,2026
"Đường Nguyễn Xí, Phường Bình Lợi Trung, TP Hồ Chí Minh",52.0,,,,,,3,,,,7.9,2026
"đường số 131, Xã Phú Hòa Đông, TP Hồ Chí Minh",136.0,,,Tây Nam,,1.0,3,1.0,Have certificate,Basic,3.3,2026
"79/24/47, Phường Thông Tây Hội, TP Hồ Chí Minh",134.0,,,Đông,,2.0,10,6.0,Have certificate,Full,8.3,2026
"1, Phường Cầu Kiệu, TP Hồ Chí Minh",40.0,,,,,2.0,2,2.0,Have certificate,,7.6,2026
"Nguyễn Cửu Vân, Phường Gia Định, TP Hồ Chí Minh",64.0,,,,,,4,,Have certificate,,6.5,2026
"Đường Nguyễn Thượng Hiền, Phường Bàn Cờ, TP Hồ Chí Minh",25.0,,,,,3.0,3,2.0,Have certificate,,5.2,2026
"Đường Dân Chủ, Phường Thủ Đức, TP Hồ Chí Minh",97.0,,,,,1.0,6,,Have certificate,Basic,7.7,2026
"Đường Cách Mạng Tháng Tám, Phường Nhiêu Lộc, TP Hồ Chí Minh",26.0,,,Tây Nam,,2.0,2,1.0,,,8.8,2026
"Đường Phạm Thế Hiển, Phường Bình Đông, TP Hồ Chí Minh",95.0,,,,,4.0,4,5.0,Have certificate,,9.49,2026
"Đường số 8, Phường Linh Xuân, TP Hồ Chí Minh",55.0,,,,,2.0,2,2.0,,,3.8,2026
"Đường Bà Hom, Phường Phú Lâm, TP Hồ Chí Minh",27.6,,,Đông,,2.0,3,2.0,Have certificate,Basic,4.28,2026
"Đường Nguyễn Thái Sơn, Phường Hạnh Thông, TP Hồ Chí Minh",51.0,,,,,3.0,3,,Have certificate,,4.0,2026
"Đường Bùi Tư Toàn, Phường An Lạc, TP Hồ Chí Minh",34.0,,,,,2.0,3,2.0,Have certificate,Other,4.3,2026
"Đường số 5, Phường Bình Hưng Hòa, TP Hồ Chí Minh",105.0,,,,,3.0,6,6.0,Have certificate,Full,8.99,2026
"Đường Đặng Thùy Trâm, Phường Bình Lợi Trung, TP Hồ Chí Minh",90.0,,,,,1.0,2,1.0,Have certificate,,14.5,2026
"Đường Lâm Văn Bền, Phường Tân Hưng, TP Hồ Chí Minh",66.0,,,,,,4,,Have certificate,,6.5,2026
"Đường Đỗ Xuân Hợp, Phường Phước Long, TP Hồ Chí Minh",73.0,,,Đông Nam,,3.0,3,4.0,Have certificate,Other,10.9,2026
"Đường Lũy Bán Bích, Phường Phú Thạnh, TP Hồ Chí Minh",57.0,,,,,,3,,Have certificate,,5.299,2026
"Đường Xô Viết Nghệ Tĩnh, Phường Gia Định, TP Hồ Chí Minh",59.0,,,,,2.0,3,3.0,Have certificate,,6.48,2026
"Đường Tô Hiệu, Phường Phú Thạnh, TP Hồ Chí Minh",67.4,,,Đông,,2.0,2,2.0,Have certificate,Full,7.0,2026
"Đường Gò Dầu, Phường Tân Sơn Nhì, TP Hồ Chí Minh",77.0,,,,,,3,,,,6.899,2026
"Đường Tân Hòa Đông, Phường Bình Trị Đông, TP Hồ Chí Minh",68.0,,,,,2.0,4,3.0,Have certificate,Full,5.95,2026
"Đường Phạm Văn Đồng, Phường Linh Xuân, TP Hồ Chí Minh",60.0,,,Đông Bắc,,3.0,3,3.0,Have certificate,,6.8,2026
"Đường Số 359, Phường Phước Long, TP Hồ Chí Minh",48.0,,,,,2.0,2,2.0,Have certificate,Full,4.0,2026
"Nơ Trang Long, Phường Bình Lợi Trung, TP Hồ Chí Minh",54.0,,,,,,3,,Have certificate,,4.75,2026
"Đường Quốc lộ 13, Phường Hiệp Bình, TP Hồ Chí Minh",43.0,,,,,2.0,3,2.0,Have certificate,,4.1,2026
"Đường Quang Trung, Phường Thông Tây Hội, TP Hồ Chí Minh",60.0,,,Đông Nam,,2.0,3,3.0,Have certificate,Full,6.5,2026
"Đường Trần Bình Trọng, Phường Chợ Quán, TP Hồ Chí Minh",14.0,,,,,23.0,2,2.0,,,2.95,2026
"Đường Lũy Bán Bích, Phường Phú Thạnh, TP Hồ Chí Minh",68.0,,,,,,4,3.0,Have certificate,,6.3,2026
"Phan Văn Trị, Phường Bình Lợi Trung, TP Hồ Chí Minh",69.0,,,,,,4,,Have certificate,,9.995,2026
"Đường Thạnh Lộc 57, Phường An Phú Đông, TP Hồ Chí Minh",56.0,,,,,3.0,4,4.0,Have certificate,Other,4.85,2026
"Đường Trường Chinh, Phường Tây Thạnh, TP Hồ Chí Minh",45.0,,,,,,4,4.0,Have certificate,,5.5,2026
"14a, Phường Bình Hưng Hòa, TP Hồ Chí Minh",40.0,,,Bắc,,2.0,2,2.0,Have certificate,Other,4.33,2026
"Đường Nguyễn Văn Công, Phường Hạnh Thông, TP Hồ Chí Minh",60.0,,,,,4.0,5,,Have certificate,,5.0,2026
"Hẻm 52 Tân Chánh Hiệp 8, Phường Trung Mỹ Tây, TP Hồ Chí Minh",58.0,,,Tây,,3.0,3,3.0,Have certificate,Full,5.25,2026
"Đường Tây Thạnh, Phường Tây Thạnh, TP Hồ Chí Minh",24.0,,,,,2.0,2,1.0,Have certificate,Full,2.15,2026
"109, Phường Phú Định, TP Hồ Chí Minh",56.0,,,,,4.0,4,5.0,Have certificate,Full,5.9,2026
"Mặt Tiền Đường Tân Hiệp 14, Xã Hóc Môn, TP Hồ Chí Minh",98.0,,,Nam,,2.0,4,2.0,Have certificate,,5.4,2026
"Đường Lã Xuân Oai, Phường Tăng Nhơn Phú, TP Hồ Chí Minh",90.0,,,,,1.0,2,2.0,Have certificate,Full,4.9,2026
"Đường Phạm Thế Hiển, Phường Bình Đông, TP Hồ Chí Minh",80.0,,,,,1.0,3,2.0,Have certificate,Full,800.0,2026
"Đường Lê Văn Quới, Phường Bình Trị Đông, TP Hồ Chí Minh",54.0,,,,,3.0,3,3.0,Have certificate,,5.9,2026
"Đường Thoại Ngọc Hầu, Phường Tân Phú, TP Hồ Chí Minh",72.0,,,,,,4,3.0,Have certificate,,6.45,2026
"39, Phường Bàn Cờ, TP Hồ Chí Minh",40.0,,,Nam,,3.0,3,,Have certificate,Other,11.0,2026
"Đường Nguyễn Thị Tú, Phường Bình Tân, TP Hồ Chí Minh",70.0,,,,,4.0,4,4.0,Have certificate,Other,6.0,2026
"Đường Tỉnh lộ 10, Phường Tân Tạo, TP Hồ Chí Minh",65.0,,,,,2.0,3,3.0,Have certificate,Full,3.45,2026
"209/, Phường Thông Tây Hội, TP Hồ Chí Minh",26.5,,,Đông Bắc,,3.0,2,3.0,Have certificate,Other,3.68,2026
"Hẻm 33 Ông Ích Khiêm, Phường Bình Thới, TP Hồ Chí Minh",73.0,,,,,1.0,3,3.0,Have certificate,,7.0,2026
"Đường Hoàng Diệu, Phường Khánh Hội, TP Hồ Chí Minh",20.0,,,,,5.0,3,3.0,Have certificate,,5.5,2026
"Đường Tân Thới Nhất 2, Phường Đông Hưng Thuận, TP Hồ Chí Minh",85.0,,,Bắc,,1.0,6,,Have certificate,,7.2,2026
"Đường Nguyễn Văn Nguyễn, Phường Tân Định, TP Hồ Chí Minh",32.0,,,,,4.0,3,4.0,Have certificate,Full,6.3,2026
"Đường Tân Hương, Phường Tân Sơn Nhì, TP Hồ Chí Minh",63.0,,,,,,3,3.0,,,6.3,2026
"Đường Thạnh Xuân 25, Phường Thới An, TP Hồ Chí Minh",60.0,,,,,4.0,4,5.0,Have certificate,Other,6.95,2026
"Đường Trần Xuân Soạn, Phường Tân Hưng, TP Hồ Chí Minh",72.0,,,,,2.0,3,2.0,Have certificate,,5.7,2026
"55/10/3A, Phường An Phú Đông, TP Hồ Chí Minh",61.3,,,,,1.0,3,1.0,Have certificate,,2.68,2026
"Đường Nguyễn Thượng Hiền, Phường Hạnh Thông, TP Hồ Chí Minh",19.0,,,,,5.0,3,4.0,Have certificate,Basic,4.5,2026
"Đường Cách Mạng Tháng Tám, Phường Nhiêu Lộc, TP Hồ Chí Minh",110.0,,,Đông Nam,,1.0,4,4.0,Have certificate,,16.8,2026
"Hẻm 180 Lý Thánh Tông, Phường Phú Thạnh, TP Hồ Chí Minh",56.0,,,,,2.0,2,,Have certificate,,5.799,2026
"Đường Quang Trung, Phường Gò Vấp, TP Hồ Chí Minh",63.0,,,,,,3,3.0,Have certificate,Full,4.8,2026
"172/6, Phường Thông Tây Hội, TP Hồ Chí Minh",27.5,,,Đông Bắc,,2.0,2,1.0,Have certificate,Other,2.9,2026
"21/38A Trần Đình Xu, Phường Cầu Ông Lãnh, TP Hồ Chí Minh",28.1,,,,,4.0,4,,Have certificate,,5.5,2026
"Đường Nghĩa Hòa, Phường Tân Hòa, TP Hồ Chí Minh",30.0,,,,,,3,,,,4.99,2026
"Đường Nguyễn Gia Trí, Phường Thạnh Mỹ Tây, TP Hồ Chí Minh",67.0,,,,,,4,,Have certificate,,14.99,2026
"Đường Cô Giang, Phường Cầu Kiệu, TP Hồ Chí Minh",32.0,,,,,2.0,2,2.0,Have certificate,Full,4.5,2026
"Đường Song Hành Quốc Lộ 22, Phường Đông Hưng Thuận, TP Hồ Chí Minh",68.0,,,,,5.0,4,5.0,,Basic,6.3,2026
"Đường Nguyễn Thị Pha, Xã Đông Thạnh, TP Hồ Chí Minh",72.0,,,,,,3,2.0,Have certificate,,3.25,2026
"186/36/1, Phường Phú Thọ Hòa, TP Hồ Chí Minh",15.2,,,Nam,,2.0,2,,Have certificate,Basic,2.6,2026
"Đường Hồ Bá Kiện, Phường Hòa Hưng, TP Hồ Chí Minh",34.0,,,,,,3,4.0,Have certificate,,7.3,2026
"Đường Dương Bá Trạc, Phường Chánh Hưng, TP Hồ Chí Minh",62.0,,,,,4.0,4,3.0,Have certificate,,8.3,2026
"220/54/1A, Phường Tân Hòa, TP Hồ Chí Minh",38.0,,,,,,4,3.0,Have certificate,Basic,8.5,2026
"Trần Văn Mười , Xã Bà Điểm, TP Hồ Chí Minh",84.0,,,,,4.0,5,5.0,Have certificate,Other,6.48,2026
"Đường Quang Trung, Phường Thông Tây Hội, TP Hồ Chí Minh",62.0,,,,,3.0,4,3.0,Have certificate,Full,7.79,2026
"Đường Bình Trưng Tây, Phường Bình Trưng, TP Hồ Chí Minh",60.0,,,,,1.0,2,1.0,Have certificate,,5.3,2026
"Đường Thạnh Xuân 25, Phường Thới An, TP Hồ Chí Minh",77.0,,,Đông Nam,,3.0,3,4.0,Have certificate,,5.8,2026
"Đường Trịnh Thị Miếng, Xã Đông Thạnh, TP Hồ Chí Minh",48.0,,,,,2.0,2,2.0,Shared certificate,Other,1.98,2026
"Đường Lê Văn Khương, Phường Thới An, TP Hồ Chí Minh",88.0,,,,,,3,3.0,Have certificate,Full,4.95,2026
"Đường Bình Thành, Phường Bình Tân, TP Hồ Chí Minh",80.0,,,Bắc,,1.0,2,1.0,Have certificate,Full,4.35,2026
"Đường Tôn Thất Thuyết, Phường Vĩnh Hội, TP Hồ Chí Minh",24.4,,,Đông Nam,,3.0,3,2.0,Have certificate,,3.5,2026
"Đường Hà Huy Giáp, Phường Thới An, TP Hồ Chí Minh",53.0,,,,,5.0,4,5.0,Have certificate,Other,5.95,2026
"Đường Cách Mạng Tháng Tám, Phường Nhiêu Lộc, TP Hồ Chí Minh",53.0,,,,,4.0,4,5.0,Have certificate,Full,11.8,2026
"Đường Tân Thới Nhất 17, Phường Đông Hưng Thuận, TP Hồ Chí Minh",91.0,,,Đông Bắc,,3.0,4,5.0,Have certificate,Other,11.5,2026
"88, Phường Bình Hưng Hòa, TP Hồ Chí Minh",90.0,,,,,3.0,4,3.0,Have certificate,,5.65,2026
"Đường Rừng Sác, Xã Bình Khánh, TP Hồ Chí Minh",828.6,,,,,,4,,Have certificate,,12.4,2026
"Đường Trần Quang Cơ, Phường Tân Thới Hiệp, TP Hồ Chí Minh",78.0,,,,,3.0,4,4.0,Have certificate,Other,7.9,2026
"đường số 65, Xã Phú Hòa Đông, TP Hồ Chí Minh",40.0,,,Đông,,1.0,1,1.0,Shared certificate,Basic,600.0,2026
"Đường Số 14, Phường Bình Trưng, TP Hồ Chí Minh",310.0,,,,,3.0,4,5.0,Have certificate,Other,26.99,2026
"Đường Lê Văn Lương, Xã Hiệp Phước, TP Hồ Chí Minh",23.4,,,,,2.0,2,2.0,Have certificate,Other,1.19,2026
"Đường Nguyễn Văn Khối, Phường Thông Tây Hội, TP Hồ Chí Minh",52.0,,,Đông Bắc,,4.0,4,5.0,Have certificate,Other,7.4,2026
"Đường Lê Văn Quới, Phường Bình Trị Đông, TP Hồ Chí Minh",46.0,,,,,3.0,4,3.0,Have certificate,Basic,5.95,2026
"Đường Phan Đăng Lưu, Phường Đức Nhuận, TP Hồ Chí Minh",44.0,,,,,,4,4.0,Have certificate,,13.8,2026
"Đường Mã Lò, Phường Bình Hưng Hòa, TP Hồ Chí Minh",53.0,,,Đông Bắc,,5.0,5,5.0,No certificate,Full,7.2,2026
"Đường Lê Văn Việt, Phường Long Bình, TP Hồ Chí Minh",69.0,,,Đông Nam,,3.0,3,4.0,Have certificate,Full,6.25,2026
"Đường Nguyễn Văn Trỗi, Phường Phú Nhuận, TP Hồ Chí Minh",36.0,,,,,3.0,3,2.0,Have certificate,Basic,5.5,2026
"Đường Số 7, Phường Hạnh Thông, TP Hồ Chí Minh",36.0,,,,,,3,4.0,Have certificate,Full,6.9,2026
"Đường Phạm Văn Đồng, Phường Hiệp Bình, TP Hồ Chí Minh",80.0,,,,,1.0,2,2.0,Have certificate,,7.6,2026
"Đường Nguyễn Văn Nguyễn, Phường Tân Định, TP Hồ Chí Minh",36.0,,,,,3.0,3,3.0,Have certificate,,7.27,2026
"Đường Bà Hom, Phường Phú Lâm, TP Hồ Chí Minh",65.0,,,,,,3,,Have certificate,,7.65,2026
"Đường Hồ Học Lãm, Phường An Lạc, TP Hồ Chí Minh",100.0,,,,,,2,,Have certificate,,5.7,2026
"Đường số 3A, Phường Bình Hưng Hòa, TP Hồ Chí Minh",15.0,,,Tây,,3.0,2,3.0,Have certificate,Full,2.55,2026
"Đường Quang Trung, Phường An Hội Tây, TP Hồ Chí Minh",65.0,,,,,3.0,3,3.0,Have certificate,Other,7.25,2026
"số 11, Phường Linh Xuân, TP Hồ Chí Minh",62.0,,,,,3.0,4,3.0,Have certificate,Full,6.74,2026
"Đường An Dương Vương, Phường Bình Trị Đông, TP Hồ Chí Minh",80.0,,,,,,5,,Have certificate,,8.999,2026
"Hẻm 997, Phường Tân Hưng, TP Hồ Chí Minh",30.0,,,Đông,,2.0,3,2.0,Have certificate,Full,3.7,2026
"Đường Trần Mai Ninh, Phường Bảy Hiền, TP Hồ Chí Minh",53.2,,,,,2.0,2,,Have certificate,,6.5,2026
"Nguyễn Tri Phương, Phường Vườn Lài, TP Hồ Chí Minh",40.0,,,Đông Bắc,,2.0,5,2.0,Have certificate,Full,5.111,2026
"Thạnh Mỹ Lợi, Phường Cát Lái, TP Hồ Chí Minh",270.0,,,Đông Nam,,2.0,4,4.0,No certificate,,55.0,2026
"Đường Bùi Quang Là, Phường An Hội Tây, TP Hồ Chí Minh",50.0,,,,,,5,,,,6.0,2026
"Đường Cách Mạng Tháng 8, Phường Hòa Hưng, TP Hồ Chí Minh",20.0,,,,,2.0,2,2.0,Have certificate,,2.4,2026
"Đường Nơ Trang Long, Phường Bình Thạnh, TP Hồ Chí Minh",38.0,,,,,,3,,Have certificate,,5.5,2026
"Đường 6B, Xã Tân Vĩnh Lộc, TP Hồ Chí Minh",32.0,,,Tây,,1.0,2,2.0,Shared certificate,Basic,1.2,2026
"Đường Số 2, Phường Bình Hưng Hòa, TP Hồ Chí Minh",100.0,,,,,3.0,5,3.0,Have certificate,Other,6.99,2026
"Đường Điện Biên Phủ, Phường Gia Định, TP Hồ Chí Minh",64.0,,,Đông Bắc,,2.0,5,2.0,,,8.0,2026
"Đường Vĩnh Lộc, Xã Vĩnh Lộc, TP Hồ Chí Minh",48.0,,,Đông,,1.0,2,2.0,Other,,1.85,2026
"Đường Bến Vân Đồn, Phường Vĩnh Hội, TP Hồ Chí Minh",35.0,,,,,,3,,Have certificate,,3.95,2026
"244, Phường Phú Định, TP Hồ Chí Minh",60.0,,,Nam,,4.0,4,3.0,Have certificate,Basic,5.59,2026
"13B, Xã Hóc Môn, TP Hồ Chí Minh",190.0,,,,,,2,,Have certificate,,14.0,2026
"Đường Nguyễn Văn Đậu, Phường Bình Lợi Trung, TP Hồ Chí Minh",48.0,,,,,,3,2.0,,,4.7,2026
"Đường Lạc Long Quân, Phường Minh Phụng, TP Hồ Chí Minh",22.0,,,Đông Bắc,,4.0,2,1.0,Have certificate,Other,4.29,2026
"Đường Bùi Hữu Nghĩa, Phường Gia Định, TP Hồ Chí Minh",70.0,,,,,4.0,4,4.0,Have certificate,,6.8,2026
"Đường Lạc Long Quân, Phường Hòa Bình, TP Hồ Chí Minh",30.0,,,Đông Bắc,,4.0,4,3.0,Have certificate,Full,4.85,2026
"Đường Nguyễn Văn Đậu, Phường Bình Lợi Trung, TP Hồ Chí Minh",52.6,,,,,,2,2.0,Have certificate,,4.7,2026
"Đường Hiệp Bình, Phường Hiệp Bình, TP Hồ Chí Minh",53.0,,,,,,2,2.0,,,4.88,2026
"Đường Huỳnh Tấn Phát, Phường Phú Thuận, TP Hồ Chí Minh",41.0,,,,,3.0,3,3.0,Have certificate,Basic,5.25,2026
"Đường Tỉnh lộ 10, Phường Tân Tạo, TP Hồ Chí Minh",127.0,,,Tây Bắc,,2.0,2,3.0,Have certificate,,5.79,2026
"Tnv, Phường Thới An, TP Hồ Chí Minh",109.0,,,,,,2,1.0,,,4.45,2026
"Đường Số 7, Phường Hạnh Thông, TP Hồ Chí Minh",31.5,,,,,,3,2.0,Have certificate,,5.28,2026
"Đường Ni Sư Huỳnh Liên, Phường Bảy Hiền, TP Hồ Chí Minh",36.0,,,Bắc,,4.0,3,3.0,Have certificate,Full,5.8,2026
"Đường Số 339, Phường Phước Long, TP Hồ Chí Minh",53.0,,,,,1.0,2,1.0,Have certificate,Full,5.5,2026
"Đường Phạm Văn Bạch, Phường Tân Sơn, TP Hồ Chí Minh",35.0,,,,,2.0,3,2.0,Have certificate,Full,4.5,2026
"đường 339, Phường Phước Long, TP Hồ Chí Minh",96.0,,,,,2.0,4,2.0,Have certificate,Full,8.6,2026
"Đường Huỳnh Tấn Phát, Xã Nhà Bè, TP Hồ Chí Minh",81.0,,,,,3.0,6,,Have certificate,Other,8.5,2026
"Đường Phan Huy ích, Phường Tân Sơn, TP Hồ Chí Minh",130.0,,,,,,3,2.0,Have certificate,,13.5,2026
"Đường Huỳnh Tấn Phát, Phường Phú Thuận, TP Hồ Chí Minh",30.0,,,,,2.0,2,2.0,Have certificate,Other,4.29,2026
"Đường Lê Văn Quới, Phường Bình Trị Đông, TP Hồ Chí Minh",68.0,,,,,5.0,5,6.0,Have certificate,Other,8.9,2026
"Đường Phạm Thế Hiển, Phường Bình Đông, TP Hồ Chí Minh",46.0,,,,,2.0,2,,Have certificate,,5.4,2026
"Đường Nguyễn Thị Định, Phường Cát Lái, TP Hồ Chí Minh",96.0,,,,,,3,,,,7.9,2026
"Đường 171, Xã Bình Mỹ, TP Hồ Chí Minh",48.0,,,,,1.0,2,2.0,Shared certificate,,1.22,2026
"Đường Quang Trung, Phường An Hội Tây, TP Hồ Chí Minh",48.0,,,,,2.0,2,,Have certificate,,4.25,2026
"Đường Dương Bá Trạc, Phường Chánh Hưng, TP Hồ Chí Minh",46.0,,,,,4.0,4,5.0,Have certificate,,7.9,2026
"Đường Ðiện Biên Phủ, Phường Vườn Lài, TP Hồ Chí Minh",80.0,,,,,2.0,3,3.0,Have certificate,,10.3,2026
"Đường Điện Biên Phủ, Phường Gia Định, TP Hồ Chí Minh",75.0,,,,,,3,,Have certificate,Other,7.99,2026
"Đường Âu Dương Lân, Phường Chánh Hưng, TP Hồ Chí Minh",71.5,,,,,2.0,3,2.0,Have certificate,,6.97,2026
"Đường Nguyễn Văn Công, Phường Hạnh Thông, TP Hồ Chí Minh",58.0,,,,,3.0,4,,Have certificate,Full,7.2,2026
"Đường Số 159, Xã Bình Mỹ, TP Hồ Chí Minh",48.0,,,,,1.0,2,2.0,Shared certificate,Full,1.23,2026
"Đường Phạm Văn Bạch, Phường Tân Sơn, TP Hồ Chí Minh",100.0,,,Đông Bắc,,2.0,5,5.0,Have certificate,Basic,6.69,2026
"Đường Trần Văn Quang, Phường Bảy Hiền, TP Hồ Chí Minh",15.0,,,,,,1,2.0,Have certificate,,2.3,2026
"Đường Xô Viết Nghệ Tĩnh, Phường Gia Định, TP Hồ Chí Minh",21.0,,,,,,2,3.0,,,3.98,2026
"Đường Hồ Văn Long, Phường Tân Tạo, TP Hồ Chí Minh",65.0,,,,,1.0,1,1.0,Have certificate,Other,3.45,2026
"362/, Phường An Hội Tây, TP Hồ Chí Minh",31.0,,,Tây Bắc,,3.0,3,3.0,Have certificate,Basic,4.0,2026
"Đường Nguyễn Văn Quá, Phường Đông Hưng Thuận, TP Hồ Chí Minh",60.0,,,,,2.0,2,2.0,,,4.39,2026
"Mã Lò, Phường Bình Hưng Hòa, TP Hồ Chí Minh",64.0,,,,,4.0,4,4.0,,,6.5,2026
"Đường Phú Thọ Hoà, Phường Phú Thọ Hòa, TP Hồ Chí Minh",17.0,,,,,2.0,1,2.0,Have certificate,Full,2.3,2026
"HƯNG LONG- QUY ĐỨC, Xã Hưng Long, TP Hồ Chí Minh",200.0,,,,,1.0,10,6.0,Have certificate,Full,2.6,2026
"Bình Mỹ, Xã Bình Mỹ, TP Hồ Chí Minh",80.0,,,,,,2,2.0,Shared certificate,,1.57,2026
"Đường Bông Sao, Phường Chánh Hưng, TP Hồ Chí Minh",64.0,,,,,3.0,4,5.0,Have certificate,Other,8.8,2026
"Đường Lã Xuân Oai, Phường Long Trường, TP Hồ Chí Minh",56.0,,,Đông Nam,,4.0,4,5.0,Have certificate,Other,6.79,2026
"Đường Số 6, Phường Hiệp Bình, TP Hồ Chí Minh",62.6,,,,,,3,,Have certificate,,5.1,2026
"Đường Phạm Đăng Giảng, Phường Bình Hưng Hòa, TP Hồ Chí Minh",40.0,,,,,2.0,2,,Have certificate,,2.5,2026
"Đường Hà Duy Phiên, Xã Bình Mỹ, TP Hồ Chí Minh",110.0,,,,,,3,2.0,Have certificate,Full,3.95,2026
"Đường Huỳnh Tấn Phát, Phường Phú Thuận, TP Hồ Chí Minh",21.0,,,,,3.0,2,2.0,Have certificate,Full,1.86,2026
"Đường Nguyễn Đình Chiểu, Phường Minh Phụng, TP Hồ Chí Minh",30.0,,,,,,3,,,,8.5,2026
"Đổng Thị Thiệm, Xã Bình Mỹ, TP Hồ Chí Minh",500.0,,,,,1.0,3,3.0,Have certificate,Basic,5.5,2026
"Đường Nguyễn Văn Khối, Phường Thông Tây Hội, TP Hồ Chí Minh",107.0,,,Bắc,,3.0,4,5.0,Have certificate,,12.8,2026
"Đường Nguyễn Thị Tú, Phường Bình Tân, TP Hồ Chí Minh",92.0,,,,,,3,,Have certificate,,5.999,2026
"Đường Xô Viết Nghệ Tĩnh, Phường Thạnh Mỹ Tây, TP Hồ Chí Minh",52.0,,,,,2.0,2,2.0,Have certificate,Basic,5.89,2026
"Tân THỚI Nhất 0.8, Phường Đông Hưng Thuận, TP Hồ Chí Minh",45.0,,,,,,1,1.0,Have certificate,,2.98,2026
"Đường Tân Sơn Nhì, Phường Tân Sơn Nhì, TP Hồ Chí Minh",60.0,,,,,,3,,Have certificate,,5.699,2026
"Đường Thạnh Lộc 37, Phường An Phú Đông, TP Hồ Chí Minh",55.0,,,,,3.0,5,4.0,Have certificate,,5.55,2026
"0372003968-0969988703, Phường Hiệp Bình, TP Hồ Chí Minh",52.0,,,,,1.0,2,2.0,Shared certificate,Basic,2.05,2026
"Đường Đặng Thúc Vịnh, Xã Đông Thạnh, TP Hồ Chí Minh",54.0,,,,,,2,,Other,,1.299,2026
"Đường Bành Văn Trân, Phường Tân Sơn Nhất, TP Hồ Chí Minh",56.0,,,,,5.0,6,5.0,Have certificate,Full,10.5,2026
"Đường Điện Biên Phủ, Phường Tân Định, TP Hồ Chí Minh",16.0,,,,,,2,3.0,Have certificate,,4.45,2026
"Đường Nguyễn Cửu Đàm, Phường Tân Sơn Nhì, TP Hồ Chí Minh",32.0,,,,,3.0,3,2.0,Have certificate,Other,4.2,2026
"Số 2, Phường Tăng Nhơn Phú, TP Hồ Chí Minh",37.0,,,,,2.0,2,1.0,Have certificate,Full,3.4,2026
"Đường Cao Lỗ, Phường Chánh Hưng, TP Hồ Chí Minh",80.0,,,,,,6,,Have certificate,,12.5,2026
"Đường Nguyễn Thị Thập, Phường Tân Mỹ, TP Hồ Chí Minh",110.0,,,,,2.0,4,,Have certificate,Other,11.8,2026
"Đông Hưng Thuận, Phường Đông Hưng Thuận, TP Hồ Chí Minh",84.0,,,,,,4,3.0,Have certificate,,7.48,2026
"Đường Đặng Văn Bi, Phường Thủ Đức, TP Hồ Chí Minh",109.0,,,,,,2,,Have certificate,,22.5,2026
"Đường Cống Quỳnh, Phường Cầu Ông Lãnh, TP Hồ Chí Minh",17.0,,,,,6.0,3,3.0,Have certificate,,4.5,2026
"Đường Đình Phong Phú, Phường Tăng Nhơn Phú, TP Hồ Chí Minh",60.0,,,,,1.0,2,1.0,Have certificate,Full,4.2,2026
"Đường Phạm Văn Chiêu, Phường An Hội Tây, TP Hồ Chí Minh",60.0,,,,,4.0,4,5.0,Have certificate,Other,8.65,2026
"Đường Nữ Dân Công, Xã Vĩnh Lộc, TP Hồ Chí Minh",56.0,,,,,2.0,3,2.0,Shared certificate,Basic,1.38,2026
"Đường Hương Lộ 2, Phường Bình Trị Đông, TP Hồ Chí Minh",56.4,,,,,5.0,4,5.0,Have certificate,Other,7.7,2026
"Đường Nguyễn Cửu Phú, Phường Tân Tạo, TP Hồ Chí Minh",90.0,,,,,,2,,Have certificate,,5.49,2026
"Đường Phú Thọ Hoà, Phường Phú Thọ Hòa, TP Hồ Chí Minh",16.7,,,,,2.0,1,2.0,Have certificate,Basic,2.3,2026
"1508, Xã Hiệp Phước, TP Hồ Chí Minh",27.0,,,,,2.0,2,2.0,Have certificate,Full,1.26,2026
"Đường Hoàng Diệu, Phường Khánh Hội, TP Hồ Chí Minh",20.0,,,,,,3,4.0,,,3.5,2026
"Đường Lộc Hưng, Phường Tân Hòa, TP Hồ Chí Minh",40.0,,,Tây Bắc,,4.0,4,4.0,Have certificate,Full,7.25,2026
"Đường Ba Đình, Phường Chánh Hưng, TP Hồ Chí Minh",45.0,,,,,5.0,4,3.0,Have certificate,Other,5.35,2026
"Đường Nguyễn Xiển, Phường Long Phước, TP Hồ Chí Minh",50.0,,,,,3.0,4,4.0,Have certificate,Other,5.2,2026
"Đường Lê Văn Quới, Phường Bình Trị Đông, TP Hồ Chí Minh",35.0,,,,,4.0,3,4.0,,,4.4,2026
"zalo 0767.745.313, Phường Bình Phú, TP Hồ Chí Minh",108.0,,,Tây Nam,,8.0,10,6.0,Have certificate,Full,17.89,2026
"Đường Liên khu 5-6, Phường Bình Tân, TP Hồ Chí Minh",61.5,,,Nam,,2.0,2,2.0,,,4.6,2026
"Đường Tân Mỹ, Phường Tân Thuận, TP Hồ Chí Minh",48.2,,,,,,2,,Have certificate,,3.9,2026
"Đường Nguyễn Văn Khối, Phường Thông Tây Hội, TP Hồ Chí Minh",48.0,,,,,5.0,6,4.0,Have certificate,Full,7.39,2026
"Đường Phùng Văn Cung, Phường Cầu Kiệu, TP Hồ Chí Minh",31.0,,,,,4.0,4,3.0,Have certificate,Other,7.98,2026
"zalo 0767.745.313, Phường An Lạc, TP Hồ Chí Minh",100.0,,,,,4.0,5,4.0,Have certificate,Other,12.9,2026
"Đường Quốc lộ 50, Xã Bình Hưng, TP Hồ Chí Minh",98.0,,,,,2.0,4,3.0,Have certificate,,5.5,2026
"Đường Nguyễn Hữu Tiến, Phường Tây Thạnh, TP Hồ Chí Minh",70.0,,,,,4.0,4,5.0,Have certificate,Other,10.0,2026
"Đường Lâm Thị Hố, Phường Trung Mỹ Tây, TP Hồ Chí Minh",56.0,,,,,2.0,4,2.0,Have certificate,Full,4.68,2026
"Bình Trị Đông, Phường Bình Trị Đông, TP Hồ Chí Minh",55.0,,,,,,4,,Have certificate,,4.55,2026
"ĐƯỜNG ĐOÀN NGUYỄN TUẤN., Xã Hưng Long, TP Hồ Chí Minh",104.0,,,,,2.0,3,3.0,Have certificate,,1.6,2026
"Đường Bùi Tư Toàn, Phường An Lạc, TP Hồ Chí Minh",40.0,,,,,,4,4.0,Have certificate,,4.2,2026
"Đường Phạm Công Trứ, Phường Cát Lái, TP Hồ Chí Minh",98.0,,,,,4.0,4,5.0,Have certificate,,17.9,2026
"Đường Mai Xuân Thưởng, Phường Bình Tiên, TP Hồ Chí Minh",53.0,,,,,2.0,4,,Have certificate,,4.18,2026
"Đường Hương Lộ 2, Phường Bình Trị Đông, TP Hồ Chí Minh",54.0,,,Nam,,5.0,4,5.0,,,6.8,2026
"Đường Hương Lộ 2, Phường Bình Trị Đông, TP Hồ Chí Minh",52.0,,,Nam,,3.0,4,3.0,Have certificate,Other,5.88,2026
"Đường Bình Thới, Phường Phú Thọ, TP Hồ Chí Minh",40.0,,,,,5.0,3,4.0,Have certificate,Other,8.4,2026
"Đường Huỳnh Tấn Phát, Xã Nhà Bè, TP Hồ Chí Minh",50.0,,,,,,2,,Shared certificate,,1.58,2026
"Đường Liên Ấp 6-2, Xã Vĩnh Lộc, TP Hồ Chí Minh",52.0,,,,,,3,2.0,Shared certificate,,1.5,2026
"Đường Hà Huy Giáp, Phường An Phú Đông, TP Hồ Chí Minh",62.0,,,,,1.0,1,1.0,Have certificate,,4.75,2026
"Đường Thiên Phước, Phường Tân Hòa, TP Hồ Chí Minh",55.0,,,,,4.0,4,3.0,Have certificate,Basic,10.15,2026
"Đường Nguyễn Ảnh Thủ, Phường Tân Thới Hiệp, TP Hồ Chí Minh",50.0,,,,,3.0,4,3.0,Have certificate,,5.75,2026
"Đường Võ Văn Vân, Xã Tân Vĩnh Lộc, TP Hồ Chí Minh",58.5,,,,,,2,2.0,Shared certificate,,2.69,2026
"Khu Nam Long, Phường Phước Long, TP Hồ Chí Minh",90.0,,,,,4.0,4,4.0,Have certificate,,12.5,2026
"Đường Nguyễn Văn Quá, Phường Đông Hưng Thuận, TP Hồ Chí Minh",72.0,,,Đông Nam,,,3,3.0,Have certificate,,6.4,2026
"Đường Võ Văn Vân, Xã Tân Vĩnh Lộc, TP Hồ Chí Minh",56.0,,,Tây,,,3,2.0,Shared certificate,,2.55,2026
"Đường Thạnh Lộc 15, Phường An Phú Đông, TP Hồ Chí Minh",140.0,,,Tây Nam,,3.0,7,6.0,Have certificate,Full,8.0,2026
"Đường Gò Xoài, Phường Bình Hưng Hòa, TP Hồ Chí Minh",40.0,,,,,,3,2.0,Have certificate,,4.5,2026
"Đường Trần Xuân Soạn, Phường Tân Hưng, TP Hồ Chí Minh",20.0,,,,,,2,,Shared certificate,,1.08,2026
"Đường Huỳnh Tấn Phát, Phường Tân Thuận, TP Hồ Chí Minh",41.0,,,,,2.0,2,2.0,Have certificate,Full,4.8,2026
"Đường Phạm Huy Thông, Phường Hạnh Thông, TP Hồ Chí Minh",80.0,,,,,,7,,Have certificate,,15.5,2026
"Đường Tên Lửa, Phường An Lạc, TP Hồ Chí Minh",48.0,,,,,,4,4.0,Have certificate,,7.0,2026
"Đường Tân Kỳ Tân Quý, Phường Bình Hưng Hòa, TP Hồ Chí Minh",68.0,,,,,4.0,4,5.0,Have certificate,Other,8.0,2026
"Đường Lưu Hữu Phước, Phường Phú Định, TP Hồ Chí Minh",56.0,,,,,2.0,3,,Have certificate,,3.6,2026
"Đường Bà Hạt, Phường Diên Hồng, TP Hồ Chí Minh",35.5,,,,,4.0,4,4.0,Have certificate,Basic,5.7,2026
"9, Phường Sài Gòn, TP Hồ Chí Minh",1320.0,,,Tây Bắc,,1.0,2,2.0,Have certificate,Basic,1250.0,2026
"Lê Lợi , Xã Hóc Môn, TP Hồ Chí Minh",129.0,,,,,2.0,4,3.0,Have certificate,Other,5.45,2026
"Đường Trần Xuân Soạn, Phường Tân Hưng, TP Hồ Chí Minh",33.0,,,,,,3,,Have certificate,,3.7,2026
"Đường Điện Biên Phủ, Phường Thạnh Mỹ Tây, TP Hồ Chí Minh",104.0,,,,,6.0,6,,Have certificate,Other,17.5,2026
"Đường số 14, Phường Bình Hưng Hòa, TP Hồ Chí Minh",30.0,,,,,,2,2.0,Have certificate,,3.6,2026
"Đường Quang Trung, Phường Gò Vấp, TP Hồ Chí Minh",72.0,,,Bắc,,3.0,4,5.0,Have certificate,Other,8.2,2026
"TX 31, Phường Thới An, TP Hồ Chí Minh",28.0,,,,,1.0,2,2.0,Shared certificate,Other,1.1,2026
"Đường Nguyễn Văn Công, Phường Hạnh Thông, TP Hồ Chí Minh",54.0,,,,,3.0,3,3.0,Have certificate,Full,8.688,2026
"Đường Lê Văn Lương, Phường Tân Hưng, TP Hồ Chí Minh",18.0,,,,,2.0,2,2.0,Have certificate,Basic,1.78,2026
"Đường Trần Xuân Soạn, Phường Tân Hưng, TP Hồ Chí Minh",19.0,,,,,,2,,Have certificate,,2.96,2026
"Linh Trung, Phường Linh Xuân, TP Hồ Chí Minh",51.0,,,,,,3,2.0,Have certificate,,4.95,2026
"Đường Độc Lập, Phường Phú Thọ Hòa, TP Hồ Chí Minh",40.0,,,,,4.0,4,4.0,Have certificate,Other,7.0,2026
"Đường Lê Văn Quới, Phường Bình Trị Đông, TP Hồ Chí Minh",80.0,,,,,,4,5.0,Have certificate,,7.9,2026
"Đường Nữ Dân Công, Xã Vĩnh Lộc, TP Hồ Chí Minh",48.0,,,Bắc,,,2,2.0,Shared certificate,,1.55,2026
"Đường số 51, Phường An Hội Tây, TP Hồ Chí Minh",54.0,,,,,2.0,2,3.0,Have certificate,,6.3,2026
"Đông Hưng Thuận, Phường Đông Hưng Thuận, TP Hồ Chí Minh",64.0,,,,,,2,1.0,Have certificate,,4.25,2026
"Tân Thới Nhất Quận 12, Phường Đông Hưng Thuận, TP Hồ Chí Minh",80.0,,,,,,3,3.0,Have certificate,,6.2,2026
"Phan Văn Hớn, Phường Đông Hưng Thuận, TP Hồ Chí Minh",100.0,,,,,,3,3.0,Have certificate,,8.5,2026
"Hẻm 630 Thống Nhất, Phường An Hội Đông, TP Hồ Chí Minh",63.0,,,Tây Nam,,2.0,3,3.0,Have certificate,Full,5.5,2026
"Tx25, Phường Thới An, TP Hồ Chí Minh",52.0,,,,,,2,,Shared certificate,,1.55,2026
"1219/43 , Phường Tân Sơn Nhất, TP Hồ Chí Minh",64.0,,,,,,3,,,,8.9,2026
"Đường Bùi Hữu Nghĩa, Phường Gia Định, TP Hồ Chí Minh",39.0,,,Đông Nam,,,3,,Have certificate,,6.6,2026
"Tân Chánh Hiệp 07, Phường Trung Mỹ Tây, TP Hồ Chí Minh",40.0,,,,,,2,2.0,Have certificate,,3.999,2026
"Đường Bùi Văn Thêm, Phường Đức Nhuận, TP Hồ Chí Minh",36.0,,,Đông Nam,,3.0,3,4.0,Have certificate,Other,7.5,2026
"Đường Phan Văn Trị, Phường Bình Lợi Trung, TP Hồ Chí Minh",102.0,,,,,1.0,2,1.0,Have certificate,Full,12.18,2026
"Đường Trần Văn Kiểu, Phường Bình Phú, TP Hồ Chí Minh",80.0,,,Tây Bắc,,,3,,Have certificate,,14.5,2026
"Đối Diện Vạn Phúc Ngay Chung Cư, Phường Hiệp Bình, TP Hồ Chí Minh",68.0,,,,,,3,2.0,Have certificate,,5.1,2026
"Đường Thân Nhân Trung, Phường Tân Bình, TP Hồ Chí Minh",110.0,,,,,4.0,5,6.0,Have certificate,Other,14.6,2026
"Đường Nguyễn Thượng Hiền, Phường Bàn Cờ, TP Hồ Chí Minh",24.0,,,,,,3,,,,5.2,2026
"Tân Thới Nhất 5, Phường Đông Hưng Thuận, TP Hồ Chí Minh",85.0,,,,,,4,4.0,Have certificate,,7.5,2026
"Đường số 16, Phường Linh Xuân, TP Hồ Chí Minh",84.0,,,,,,2,2.0,Have certificate,Basic,4.95,2026
"Đường số 8, Phường Bình Hưng Hòa, TP Hồ Chí Minh",42.0,,,,,2.0,2,2.0,Have certificate,Full,3.84,2026
"Đường Tên Lửa, Phường An Lạc, TP Hồ Chí Minh",100.0,,,,,,6,6.0,Have certificate,Other,11.99,2026
"Đường Huỳnh Tấn Phát, Phường Tân Thuận, TP Hồ Chí Minh",76.0,,,,,,4,,Have certificate,,6.6,2026
"Đường Lê Đình Cẩn, Phường Tân Tạo, TP Hồ Chí Minh",28.0,,,,,1.0,2,1.0,Shared certificate,Basic,1.4,2026
"Đường Lý Chính Thắng, Phường Xuân Hòa, TP Hồ Chí Minh",110.0,,,,,,10,,Have certificate,,26.5,2026
"Đường Huỳnh Thị Hai, Phường Trung Mỹ Tây, TP Hồ Chí Minh",51.0,,,,,,2,2.0,,,4.5,2026
"Hẻm 163 Đường Tân Mỹ, Phường Tân Thuận, TP Hồ Chí Minh",32.0,,,,,,2,2.0,Have certificate,,4.15,2026
"Đường Lý Chiêu Hoàng, Phường Bình Phú, TP Hồ Chí Minh",60.0,,,,,4.0,4,4.0,Have certificate,Other,8.999,2026
"Ấp giữa, Xã Tân An Hội, TP Hồ Chí Minh",156.0,,,,,2.0,4,4.0,Have certificate,,3.2,2026
"Đường Lê Văn Khương, Phường Tân Thới Hiệp, TP Hồ Chí Minh",92.0,,,,,2.0,4,3.0,Have certificate,,6.96,2026
"Đường Quang Trung, Phường Thông Tây Hội, TP Hồ Chí Minh",88.0,,,Tây Nam,,4.0,7,6.0,Have certificate,Other,11.68,2026
"Đường Tân Sơn Nhì, Phường Tân Sơn Nhì, TP Hồ Chí Minh",28.6,,,,,,2,,,,3.15,2026
"Hẻm 45 Đình Nghi Xuân, Phường Bình Trị Đông, TP Hồ Chí Minh",80.6,,,,,,8,6.0,Have certificate,,7.5,2026
"Đường Hà Huy Giáp, Phường An Phú Đông, TP Hồ Chí Minh",93.5,,,Đông,,1.0,3,3.0,Have certificate,Basic,4.5,2026
"Đường Phan Văn Trị, Phường Bình Lợi Trung, TP Hồ Chí Minh",15.0,,,,,,1,,,,2.58,2026
"Đường Hòa Bình, Phường Phú Thạnh, TP Hồ Chí Minh",68.0,,,,,2.0,2,2.0,Have certificate,Other,6.8,2026
"Đường Nguyễn Văn Luông, Phường Phú Lâm, TP Hồ Chí Minh",64.0,,,,,,3,3.0,Have certificate,,4.6,2026
"Tên Lửa, Phường Bình Phú, TP Hồ Chí Minh",85.0,,,,,,6,,Have certificate,,10.95,2026
"Đường số 12, Phường Bình Hưng Hòa, TP Hồ Chí Minh",60.0,,,Đông,,2.0,3,3.0,Have certificate,Basic,5.75,2026
"Đường Xô Viết Nghệ Tĩnh, Phường Bình Thạnh, TP Hồ Chí Minh",50.0,,,,,2.0,3,2.0,Have certificate,Full,6.75,2026
"Đường Cách Mạng Tháng 8, Phường Tân Sơn Nhất, TP Hồ Chí Minh",13.0,,,,,,2,,Have certificate,,3.38,2026
"Đường Võ Văn Kiệt, Phường An Lạc, TP Hồ Chí Minh",50.0,,,Đông,,4.0,4,3.0,Have certificate,,6.8,2026
"Đường Lò Siêu, Phường Minh Phụng, TP Hồ Chí Minh",25.4,,,,,3.0,2,1.0,Have certificate,,1.9,2026
"Duong Thi Giang, Phường Đông Hưng Thuận, TP Hồ Chí Minh",48.0,,,,,,4,4.0,Have certificate,,6.35,2026
"Đường Bình Phú, Phường Bình Phú, TP Hồ Chí Minh",15.0,,,Đông,,,2,,,,2.1,2026
"Đường Trịnh Đình Trọng, Phường Tân Phú, TP Hồ Chí Minh",120.0,,,,,4.0,5,4.0,Have certificate,,13.45,2026
"Đường Quang Trung, Phường Thông Tây Hội, TP Hồ Chí Minh",46.15,,,Nam,,2.0,2,2.0,Have certificate,Basic,5.68,2026
"Đường Nguyễn Văn Lượng, Phường An Nhơn, TP Hồ Chí Minh",76.0,,,,,2.0,3,3.0,Have certificate,Other,5.89,2026
"Đường Bùi Tư Toàn, Phường An Lạc, TP Hồ Chí Minh",32.2,,,,,,2,,Have certificate,,1.68,2026
"Bán Nhà Shr Dt 4x12 Nở Hậu 8m Gần Chợ Ht Q12, Phường Tân Thới Hiệp, TP Hồ Chí Minh",62.0,,,,,2.0,3,2.0,Have certificate,Other,3.86,2026
"Đường Hoàng Văn Thụ, Phường Tân Sơn Nhất, TP Hồ Chí Minh",35.0,,,,,2.0,2,2.0,Have certificate,Full,9.0,2026
"861/82/..., Phường Tân Hưng, TP Hồ Chí Minh",48.0,,,,,,4,,,,5.55,2026
"Tân Thới Nhất, Phường Đông Hưng Thuận, TP Hồ Chí Minh",64.0,,,,,,2,1.0,Have certificate,,4.15,2026
"Đường Lê Đình Cẩn, Phường Tân Tạo, TP Hồ Chí Minh",68.0,,,,,,4,,Have certificate,,7.7,2026
"Tân Thới Nhất 25, Phường Đông Hưng Thuận, TP Hồ Chí Minh",68.0,,,,,,4,4.0,Have certificate,,8.5,2026
"Hẻm 549 Lê Văn Thọ, Phường An Hội Tây, TP Hồ Chí Minh",32.0,,,,,2.0,2,2.0,Have certificate,Other,3.6,2026
"39, Phường Tăng Nhơn Phú, TP Hồ Chí Minh",96.0,,,,,1.0,3,2.0,,,9.8,2026
"Đường Lê Thận, Phường Phú Thạnh, TP Hồ Chí Minh",76.0,,,,,,4,,Have certificate,,8.9,2026
"Đường Tân Chánh Hiệp 7, Phường Trung Mỹ Tây, TP Hồ Chí Minh",75.0,,,Đông Nam,,5.0,6,6.0,Have certificate,Other,8.0,2026
"Đường Phan Xích Long, Phường Cầu Kiệu, TP Hồ Chí Minh",41.0,,,,,2.0,2,,Have certificate,,7.1,2026
"Đường số 10, Phường Linh Xuân, TP Hồ Chí Minh",52.0,,,,,,3,2.0,Have certificate,,4.15,2026
"Đường T6, Phường Tây Thạnh, TP Hồ Chí Minh",54.8,,,,,3.0,3,3.0,Have certificate,,8.5,2026
"Đường Phạm Văn Chiêu, Phường Thông Tây Hội, TP Hồ Chí Minh",56.0,,,,,3.0,4,3.0,Have certificate,,6.55,2026
"Hà Huy Giáp, Phường An Phú Đông, TP Hồ Chí Minh",314.0,,,,,,3,,Have certificate,,17.5,2026
"1041, Phường Tân Hưng, TP Hồ Chí Minh",16.0,,,,,2.0,1,1.0,Shared certificate,Basic,700.0,2026
"Đường số 13a, Phường Bình Hưng Hòa, TP Hồ Chí Minh",66.2,,,,,,3,,Have certificate,,5.0,2026
"Đường Số 5, Phường An Lạc, TP Hồ Chí Minh",88.0,,,,,3.0,3,4.0,Have certificate,,22.0,2026
"Đường Nguyễn Văn Quá, Phường Đông Hưng Thuận, TP Hồ Chí Minh",60.0,,,,,3.0,3,4.0,Have certificate,,5.38,2026
"đường Tam Bình, Phường Tam Bình, TP Hồ Chí Minh",145.0,,,,,3.0,10,6.0,Have certificate,,8.0,2026
"Đường Tân Kỳ Tân Quý, Phường Tân Sơn Nhì, TP Hồ Chí Minh",77.0,,,,,3.0,5,,Have certificate,,8.5,2026
"Đường Bình Phú 1, Phường Bình Phú, TP Hồ Chí Minh",78.0,,,,,4.0,5,6.0,Have certificate,,13.5,2026
"Đường Bờ Bao Tân Thắng, Phường Tân Sơn Nhì, TP Hồ Chí Minh",60.0,,,,,4.0,4,,Have certificate,,6.9,2026
"Ấp 1B/Tổ 11/12, Xã Vĩnh Lộc, TP Hồ Chí Minh",48.0,,,,,,1,1.0,Shared certificate,Other,850.0,2026
"Đường Võ Duy Ninh, Phường Thạnh Mỹ Tây, TP Hồ Chí Minh",48.0,,,,,2.0,2,2.0,Have certificate,Basic,5.45,2026
"Đường Vạn Kiếp, Phường Gia Định, TP Hồ Chí Minh",53.0,,,,,2.0,2,2.0,Have certificate,Basic,5.75,2026
"Đường Lê Quang Định, Phường Hạnh Thông, TP Hồ Chí Minh",39.4,,,Bắc,,3.0,3,3.0,Have certificate,Full,5.39,2026
"Đường Nguyễn Văn Lượng, Phường Gò Vấp, TP Hồ Chí Minh",48.0,,,,,,3,,Have certificate,,3.65,2026
"Đường Âu Cơ, Phường Tân Hòa, TP Hồ Chí Minh",40.0,,,,,,4,,Have certificate,,8.5,2026
"Đường Chiến Lược, Phường Bình Trị Đông, TP Hồ Chí Minh",25.0,,,,,2.0,2,,,,2.99,2026
"Thạnh Xuân 22, Phường Thới An, TP Hồ Chí Minh",65.0,,,,,3.0,4,4.0,Have certificate,Other,5.65,2026
"Hẻm 26 Võ Văn Vân, Phường Tân Tạo, TP Hồ Chí Minh",56.0,,,,,,5,4.0,Have certificate,,4.9,2026
"Đường Tân Thắng, Phường Tân Sơn Nhì, TP Hồ Chí Minh",42.0,,,,,,4,,,,5.0,2026
"Bán Nhà Đg 1B Khu Dân Cư lý Chiêu Hoàng An Lạc Hcm, Phường An Lạc, TP Hồ Chí Minh",58.4,,,,,,5,5.0,Have certificate,,9.2,2026
"Đường Trần Thị Cờ, Phường Thới An, TP Hồ Chí Minh",45.0,,,,,,2,2.0,Shared certificate,,2.5,2026
"Đường Thích Minh Nguyệt, Phường Tân Sơn Hòa, TP Hồ Chí Minh",38.0,,,Bắc,,2.0,2,2.0,Have certificate,,6.6,2026
"Đường Lê Bôi, Phường Bình Đông, TP Hồ Chí Minh",62.0,,,,,1.0,1,1.0,Have certificate,,4.8,2026
"Hẻm 46 Đường Nguyễn Cửu Vân, Phường Bình Lợi Trung, TP Hồ Chí Minh",60.0,,,,,,5,,Have certificate,,17.3,2026
"Đường 8m, Phường Tân Bình, TP Hồ Chí Minh",70.0,,,,,4.0,4,,,,10.2,2026
"1841a/6, Xã Hiệp Phước, TP Hồ Chí Minh",21.0,,,Đông Nam,,1.0,2,1.0,Shared certificate,Basic,900.0,2026
"Đường Huỳnh Tấn Phát, Phường Tân Thuận, TP Hồ Chí Minh",31.2,,,,,3.0,4,3.0,Have certificate,Full,3.95,2026
"995 / Hồng Bàng P12 Q6, Phường Phú Lâm, TP Hồ Chí Minh",29.9,,,Đông Bắc,,,2,2.0,Have certificate,,4.0,2026
"Đường Phạm Văn Bạch, Phường An Hội Tây, TP Hồ Chí Minh",122.0,,,,,5.0,10,6.0,Have certificate,Full,14.5,2026
"Đường Số 18, Phường An Nhơn, TP Hồ Chí Minh",44.0,,,Đông,,2.0,2,2.0,Have certificate,Full,4.38,2026
"Đường Nghĩa Phát, Phường Tân Hòa, TP Hồ Chí Minh",44.0,,,,,,4,3.0,,,6.4,2026
"Đường Xóm Chiếu, Phường Khánh Hội, TP Hồ Chí Minh",34.2,,,,,2.0,2,2.0,Have certificate,Basic,2.8,2026
"Đường Thạnh Lộc 14, Phường An Phú Đông, TP Hồ Chí Minh",80.0,,,,,,2,2.0,Have certificate,,4.55,2026
"56, Phường Phú Thuận, TP Hồ Chí Minh",57.0,,,Tây Bắc,,,3,3.0,Have certificate,Basic,8.6,2026
"Đường Phan Huy ích, Phường Tân Sơn, TP Hồ Chí Minh",70.0,,,,,4.0,4,,Have certificate,Full,7.7,2026
"Đường Hương Lộ 2, Phường Bình Trị Đông, TP Hồ Chí Minh",48.0,,,,,4.0,4,3.0,Have certificate,,6.5,2026
"Đường Nguyễn Sỹ Sách, Phường Tân Sơn, TP Hồ Chí Minh",70.0,,,,,1.0,2,,Have certificate,,8.5,2026
"Đường Thích Minh Nguyệt, Phường Tân Sơn Hòa, TP Hồ Chí Minh",38.0,,,Bắc,,2.0,2,2.0,Have certificate,,6.6,2026
"Đường Hoàng Hoa Thám, Phường Bình Lợi Trung, TP Hồ Chí Minh",60.0,,,,,3.0,8,,Have certificate,Full,7.0,2026
"Đường Hương Lộ 2, Phường Bình Trị Đông, TP Hồ Chí Minh",33.0,,,,,4.0,4,3.0,Have certificate,Other,4.75,2026
"Đường Phạm Văn Bạch, Phường An Hội Tây, TP Hồ Chí Minh",72.0,,,,,2.0,2,,Have certificate,Basic,7.4,2026
"Đường Thạch Lam, Phường Phú Thạnh, TP Hồ Chí Minh",146.0,,,,,,6,,,,16.5,2026
"Đường Trần Thị Trọng, Phường Tân Sơn, TP Hồ Chí Minh",78.0,,,,,4.0,5,5.0,Have certificate,Full,8.7,2026
", Phường Tân Thuận, TP Hồ Chí Minh",65.0,,,,,,3,2.0,,,7.4,2026
"Đường Thạnh Lộc 19, Phường An Phú Đông, TP Hồ Chí Minh",46.0,,,,,2.0,2,,Have certificate,,3.65,2026
"Đường Liên khu 5-6, Phường Bình Tân, TP Hồ Chí Minh",56.0,,,Đông,,,1,1.0,Have certificate,,3.65,2026
"Đường Tô Hiến Thành, Phường Hòa Hưng, TP Hồ Chí Minh",45.0,,,,,,6,,Have certificate,,7.9,2026
"Đường An Dương Vương, Phường Bình Tiên, TP Hồ Chí Minh",100.0,,,Nam,,2.0,3,2.0,Have certificate,Other,7.35,2026
"Đường Lê Văn Thọ, Phường An Hội Tây, TP Hồ Chí Minh",50.0,,,,,4.0,4,4.0,Have certificate,Other,8.9,2026
"Đường Quang Trung, Phường An Hội Tây, TP Hồ Chí Minh",32.0,,,,,4.0,3,4.0,Have certificate,Full,3.99,2026
"Đường Lê Văn Việt, Phường Long Bình, TP Hồ Chí Minh",57.0,,,,,,5,,Have certificate,,8.6,2026
"Đường Tô Ngọc Vân, Phường Thới An, TP Hồ Chí Minh",60.0,,,,,2.0,2,2.0,Have certificate,Full,2.8,2026
"Đường Gò Xoài, Phường Bình Hưng Hòa, TP Hồ Chí Minh",40.0,,,,,2.0,2,2.0,Have certificate,Basic,4.5,2026
"Đường Âu Dương Lân, Phường Chánh Hưng, TP Hồ Chí Minh",57.0,,,Đông,,2.0,3,2.0,Have certificate,,5.95,2026
"Đường Bãi Sậy, Phường Bình Tiên, TP Hồ Chí Minh",40.0,,,,,3.0,2,2.0,Have certificate,Full,4.5,2026
"Đường Nguyễn An Ninh, Phường Bình Thạnh, TP Hồ Chí Minh",54.0,,,,,,3,3.0,Have certificate,,15.5,2026
"Đường Lô Tư, Phường Bình Hưng Hòa, TP Hồ Chí Minh",45.0,,,,,3.0,3,3.0,Have certificate,,3.9,2026
"Đường Trần Huy Liệu, Phường Phú Nhuận, TP Hồ Chí Minh",26.0,,,,,4.0,5,,Have certificate,,4.7,2026
"Đường Thống Nhất, Phường Thông Tây Hội, TP Hồ Chí Minh",40.0,,,,,2.0,2,2.0,Have certificate,Full,4.9,2026
"TA16, Phường Thới An, TP Hồ Chí Minh",107.9,,,,,,3,,Have certificate,,5.868,2026
"Đường Lý Tế Xuyên, Phường Hiệp Bình, TP Hồ Chí Minh",86.0,,,,,2.0,3,3.0,Have certificate,,7.85,2026
"Đường Chu Văn An, Phường Bình Thạnh, TP Hồ Chí Minh",25.0,,,,,,2,,,,4.85,2026
"Đường Lê Hoàng Phái, Phường Gò Vấp, TP Hồ Chí Minh",30.0,,,,,,3,,Have certificate,Full,4.85,2026
"Đường Nguyễn Văn Luông, Phường Phú Lâm, TP Hồ Chí Minh",66.4,,,,,2.0,2,2.0,Have certificate,,7.5,2026
"Đường Hòa Bình, Phường Phú Thạnh, TP Hồ Chí Minh",38.0,,,Tây,,2.0,2,,Have certificate,,3.85,2026
"Đường Cao Thắng, Phường Bàn Cờ, TP Hồ Chí Minh",67.9,,,,,4.0,4,2.0,Have certificate,,33.0,2026
"Đường Hiệp Thành 5, Phường Tân Thới Hiệp, TP Hồ Chí Minh",67.0,,,,,2.0,3,,Have certificate,Full,5.5,2026
"Đường số 6E, Phường An Lạc, TP Hồ Chí Minh",90.0,,,,,4.0,4,5.0,Have certificate,,11.5,2026
"Đường Nguyễn Hồng Đào, Phường Tân Bình, TP Hồ Chí Minh",37.0,,,Đông Bắc,,2.0,3,3.0,Have certificate,,7.38,2026
"Đường Đặng Văn Ngữ, Phường Phú Nhuận, TP Hồ Chí Minh",63.0,,,Đông Nam,,2.0,2,2.0,Have certificate,Full,10.0,2026
"Đường Quốc lộ 13, Phường Hiệp Bình, TP Hồ Chí Minh",95.0,,,,,4.0,5,5.0,Have certificate,Other,15.65,2026
"Đường Hoàng Diệu 2, Phường Linh Xuân, TP Hồ Chí Minh",69.0,,,,,,3,,Have certificate,,6.6,2026
"Đường Lê Quang Định, Phường Bình Lợi Trung, TP Hồ Chí Minh",39.0,,,,,4.0,4,,Have certificate,Full,7.99,2026
"Đường Phạm Đăng Giảng, Phường Bình Hưng Hòa, TP Hồ Chí Minh",58.0,,,,,3.0,3,3.0,Have certificate,Full,6.35,2026
"Đường Quang Trung, Phường Gò Vấp, TP Hồ Chí Minh",56.0,,,,,3.0,4,,,,6.5,2026
"Nguyễn Văn Luông, Phường Phú Lâm, TP Hồ Chí Minh",55.5,,,,,2.0,2,2.0,Have certificate,,5.19,2026
"Đường Võ Thị Sáu, Phường Tân Định, TP Hồ Chí Minh",107.3,,,Tây Nam,,3.0,3,3.0,Have certificate,Basic,22.5,2026
"Đường Âu Cơ, Phường Bảy Hiền, TP Hồ Chí Minh",64.0,,,,,,1,,Have certificate,,6.1,2026
"Đường Nguyễn Văn Linh, Phường Tân Thuận, TP Hồ Chí Minh",180.0,,,,,4.0,10,6.0,Have certificate,,23.0,2026
"Đường Nguyễn Thị Búp, Phường Tân Thới Hiệp, TP Hồ Chí Minh",106.0,,,Tây Nam,,4.0,6,6.0,Have certificate,Other,14.98,2026
"Đường Thới An 16, Phường Thới An, TP Hồ Chí Minh",99.0,,,,,1.0,3,3.0,Have certificate,Full,5.868,2026
"Đường Út Tịch, Phường Tân Sơn Nhất, TP Hồ Chí Minh",25.0,,,,,4.0,3,3.0,Have certificate,Basic,4.75,2026
"Đường số 8, Phường Bình Hưng Hòa, TP Hồ Chí Minh",70.0,,,,,3.0,4,,,,6.8,2026
"Đường Phạm Văn Chiêu, Phường An Hội Đông, TP Hồ Chí Minh",53.0,,,,,2.0,3,2.0,Have certificate,,5.28,2026
"Đường Phan Văn Trị, Phường Bình Lợi Trung, TP Hồ Chí Minh",52.0,,,,,3.0,3,4.0,Have certificate,Other,6.65,2026
"Đường Bình Long, Phường Phú Thọ Hòa, TP Hồ Chí Minh",100.0,,,,,3.0,3,3.0,Have certificate,,10.7,2026
"Đường Tân Sơn Nhì, Phường Tân Sơn Nhì, TP Hồ Chí Minh",64.0,,,,,,4,5.0,Have certificate,,7.5,2026
"Đường Lê Văn Quới, Phường Bình Hưng Hòa, TP Hồ Chí Minh",80.0,,,,,4.0,5,5.0,Have certificate,Other,5.95,2026
"Hẻm 623/45 Đường Cách Mạng Tháng 8, Phường Hòa Hưng, TP Hồ Chí Minh",26.0,,,,,5.0,3,3.0,Have certificate,Other,5.68,2026
"Đường Huỳnh Văn Nghệ, Phường Tân Sơn, TP Hồ Chí Minh",48.0,,,Đông Bắc,,3.0,4,5.0,Have certificate,Other,7.99,2026
"14/2A, Phường Thông Tây Hội, TP Hồ Chí Minh",44.0,,,,,,5,4.0,Have certificate,,6.8,2026
"Đường Vạn Kiếp, Phường Gia Định, TP Hồ Chí Minh",43.0,,,,,4.0,4,3.0,Have certificate,Full,6.9,2026
"Đường Hoàng Hoa Thám, Phường Gia Định, TP Hồ Chí Minh",30.0,,,,,1.0,2,2.0,Have certificate,Other,5.0,2026
"Đường Hà Huy Giáp, Phường An Phú Đông, TP Hồ Chí Minh",85.0,,,,,2.0,2,2.0,Have certificate,Full,4.35,2026
"Đường Quang Trung, Phường Gò Vấp, TP Hồ Chí Minh",56.0,,,,,3.0,4,,,,6.5,2026
"45./…., Phường Hòa Hưng, TP Hồ Chí Minh",80.0,,,Đông Bắc,,2.0,2,,Have certificate,Other,8.9,2026
"Đoàn Giỏi, Phường Tân Sơn Nhì, TP Hồ Chí Minh",48.0,,,Đông Nam,,2.0,2,2.0,Have certificate,Basic,4.75,2026
"Đường Hồ Học Lãm, Phường An Lạc, TP Hồ Chí Minh",92.0,,,Bắc,,4.0,4,5.0,Have certificate,Other,7.4,2026
"Đường Nguyễn Văn Linh, Phường Tân Thuận, TP Hồ Chí Minh",180.0,,,,,4.0,10,6.0,Have certificate,,23.0,2026
"Đường Nguyễn Tri Phương, Phường Vườn Lài, TP Hồ Chí Minh",47.5,,,,,4.0,4,4.0,Have certificate,Other,9.0,2026
"Đường Huỳnh Tấn Phát, Phường Phú Thuận, TP Hồ Chí Minh",38.0,,,,,2.0,2,2.0,Have certificate,Basic,3.14,2026
"Đường số 29, Phường An Lạc, TP Hồ Chí Minh",50.0,,,,,,2,2.0,Have certificate,,5.079,2026
"Đường Trương Thị Hoa, Phường Tân Thới Hiệp, TP Hồ Chí Minh",50.0,,,,,2.0,3,2.0,Have certificate,,5.1,2026
"Đường Bùi Văn Ba, Phường Tân Thuận, TP Hồ Chí Minh",125.0,,,,,8.0,10,6.0,Have certificate,,26.0,2026
"HOÀNG HOA THÁM, Phường Gia Định, TP Hồ Chí Minh",30.0,,,,,1.0,2,2.0,Have certificate,Full,5.25,2026
"Đường Lão Tử, Phường Chợ Lớn, TP Hồ Chí Minh",58.4,,,,,7.0,6,6.0,Have certificate,,18.5,2026
"Đường Cách Mạng Tháng 8, Phường Hòa Hưng, TP Hồ Chí Minh",26.0,,,,,5.0,3,4.0,Have certificate,Basic,5.68,2026
"Đường Hòa Hưng, Phường Hòa Hưng, TP Hồ Chí Minh",30.0,,,,,,3,,,,6.0,2026
"Đường Hoàng Hoa Thám, Phường Bình Lợi Trung, TP Hồ Chí Minh",30.0,,,,,2.0,2,2.0,Have certificate,Other,5.25,2026
"Đường Nguyễn Thị Búp, Phường Trung Mỹ Tây, TP Hồ Chí Minh",44.0,,,,,,2,2.0,Have certificate,,4.4,2026
"Đường Liên Tỉnh 5, Phường Chánh Hưng, TP Hồ Chí Minh",49.0,,,,,,3,2.0,Have certificate,Basic,4.98,2026
"Đường Lê Quang Định, Phường Gia Định, TP Hồ Chí Minh",78.0,,,,,,2,,,,8.89,2026
"Đường Man Thiện, Phường Tăng Nhơn Phú, TP Hồ Chí Minh",69.0,,,,,,3,,,,6.3,2026
"Đường Thích Quảng Đức, Phường Đức Nhuận, TP Hồ Chí Minh",56.0,,,,,2.0,3,3.0,Have certificate,Other,7.9,2026
"Đường Ni Sư Huỳnh Liên, Phường Bảy Hiền, TP Hồ Chí Minh",43.0,,,,,2.0,2,2.0,Have certificate,Other,7.3,2026
"Nguyễn hồng đào, Phường Tân Bình, TP Hồ Chí Minh",28.8,,,,,2.0,3,,Have certificate,,4.8,2026
"Đường Cách Mạng Tháng 8, Phường Nhiêu Lộc, TP Hồ Chí Minh",52.0,,,,,,3,2.0,,,6.75,2026
"Đường Liên khu 4-5, Phường Bình Hưng Hòa, TP Hồ Chí Minh",46.0,,,,,2.0,2,2.0,Have certificate,Basic,3.98,2026
"Đường Vạn Kiếp, Phường Gia Định, TP Hồ Chí Minh",43.0,,,,,4.0,4,3.0,Have certificate,Full,6.9,2026
"Đường Quang Trung, Phường Gò Vấp, TP Hồ Chí Minh",61.0,,,,,4.0,5,,Have certificate,Full,7.89,2026
"Đường Tân Sơn Nhì, Phường Tân Sơn Nhì, TP Hồ Chí Minh",64.0,,,,,,4,5.0,Have certificate,,7.5,2026
"Đường Nguyễn Xí, Phường Bình Thạnh, TP Hồ Chí Minh",80.0,,,,,3.0,4,3.0,Have certificate,Full,7.9,2026
"Đường Hương Lộ 2, Phường Bình Trị Đông, TP Hồ Chí Minh",33.0,,,,,4.0,4,3.0,Have certificate,Other,4.7,2026
"Tx21, Phường Thới An, TP Hồ Chí Minh",20.0,,,,,,1,1.0,Shared certificate,,750.0,2026
"Đường Lão Tử, Phường Chợ Lớn, TP Hồ Chí Minh",58.4,,,,,7.0,6,6.0,Have certificate,,18.5,2026
"Đường Phùng Văn Cung, Phường Cầu Kiệu, TP Hồ Chí Minh",45.0,,,,,4.0,5,6.0,Have certificate,Full,9.3,2026
"Đường Hòa Hưng, Phường Hòa Hưng, TP Hồ Chí Minh",30.0,,,,,,3,,,,6.0,2026
"zalo 0767.745.313, Phường An Lạc, TP Hồ Chí Minh",112.0,,,,,3.0,6,5.0,Have certificate,Other,14.0,2026
"Đường Tỉnh lộ 10, Phường Bình Trị Đông, TP Hồ Chí Minh",60.0,,,,,,2,,Have certificate,,4.78,2026
"Đường Nguyễn Văn Tạo, Xã Hiệp Phước, TP Hồ Chí Minh",102.6,,,Đông Nam,,1.0,2,1.0,Have certificate,Basic,3.4,2026
"Đường số 6, Phường Phước Long, TP Hồ Chí Minh",100.0,,,,,2.0,2,2.0,Have certificate,Other,8.7,2026
", Phường Tân Hưng, TP Hồ Chí Minh",61.0,,,,,2.0,2,3.0,Have certificate,Other,6.5,2026
"cạnh nhà C6/17 Nguyễn Văn Thời, Xã Hưng Long, TP Hồ Chí Minh",90.0,,,Đông Nam,,1.0,1,1.0,No certificate,Other,540.0,2026
"Đường Số 10, Phường Bình Tân, TP Hồ Chí Minh",24.0,,,,,1.0,1,2.0,Have certificate,,2.22,2026
"Đường Bùi Tư Toàn, Phường An Lạc, TP Hồ Chí Minh",74.0,,,Bắc,,5.0,4,4.0,Have certificate,,7.35,2026
"Đường Huỳnh Văn Bánh, Phường Đức Nhuận, TP Hồ Chí Minh",76.0,,,,,,5,,,,11.5,2026
"Đường Tên Lửa, Phường An Lạc, TP Hồ Chí Minh",60.0,,,,,2.0,2,,Have certificate,Full,5.5,2026
"Đường Nguyễn Văn Săng, Phường Tân Sơn Nhì, TP Hồ Chí Minh",64.0,,,,,,4,,,,8.65,2026
"Đường Bà Hạt, Phường Vườn Lài, TP Hồ Chí Minh",42.0,,,Đông Bắc,,2.0,4,2.0,Have certificate,Other,5.1,2026
"Đỗ Mười, Phường An Phú Đông, TP Hồ Chí Minh",110.0,,,,,3.0,10,6.0,Have certificate,Full,8.5,2026
"Đường Huỳnh Văn Bánh, Phường Cầu Kiệu, TP Hồ Chí Minh",23.0,,,,,4.0,2,3.0,Have certificate,,4.8,2026
"Đường Thạnh Xuân 22, Phường Thới An, TP Hồ Chí Minh",40.0,,,,,,2,2.0,Shared certificate,,1.29,2026
"Đường Trịnh Thị Miếng, Xã Đông Thạnh, TP Hồ Chí Minh",30.0,,,,,1.0,2,1.0,Have certificate,Full,860.0,2026
"Đường Liên Tỉnh 5, Phường Chánh Hưng, TP Hồ Chí Minh",49.0,,,,,1.0,3,2.0,Have certificate,,4.98,2026
"Đường Bình Trị Đông, Phường Bình Trị Đông, TP Hồ Chí Minh",40.0,,,,,,3,,Have certificate,Full,4.5,2026
"Bình Chiểu , Phường Tam Bình, TP Hồ Chí Minh",80.0,,,,,,1,1.0,Have certificate,,4.6,2026
"Đường Nguyễn Văn Đậu, Phường Bình Lợi Trung, TP Hồ Chí Minh",52.0,,,,,4.0,3,,Have certificate,Full,7.7,2026
"Đường Lạc Long Quân, Phường Bảy Hiền, TP Hồ Chí Minh",58.0,,,,,2.0,2,,Have certificate,,5.2,2026
"Đường Trần Bình Trọng, Phường Chợ Quán, TP Hồ Chí Minh",65.0,,,,,5.0,5,,Have certificate,Full,18.9,2026
"Đường Cống Quỳnh, Phường Bến Thành, TP Hồ Chí Minh",48.4,,,Đông Nam,,3.0,7,6.0,Have certificate,Full,12.5,2026
"Bùi Văm Ngư , Phường Tân Thới Hiệp, TP Hồ Chí Minh",25.0,,,Đông Bắc,,2.0,2,1.0,Have certificate,,2.85,2026
"Đường Phan Huy Ích, Phường An Hội Tây, TP Hồ Chí Minh",10.0,,,,,,1,,Have certificate,,1.1,2026
"Đường Đoàn Văn Bơ, Phường Khánh Hội, TP Hồ Chí Minh",31.0,,,,,2.0,2,2.0,Have certificate,Basic,3.2,2026
"Đường Gò Ô Môi, Phường Phú Thuận, TP Hồ Chí Minh",60.0,,,,,2.0,2,2.0,Have certificate,Basic,8.6,2026
"Đường Phạm Văn Chiêu, Phường Thông Tây Hội, TP Hồ Chí Minh",102.0,,,,,,5,,,,14.0,2026
"Đường Chu Văn An, Phường Bình Thạnh, TP Hồ Chí Minh",40.0,,,,,4.0,3,4.0,Have certificate,Other,6.4,2026
"Đường Tân Quý, Phường Tân Sơn Nhì, TP Hồ Chí Minh",82.0,,,,,4.0,5,6.0,Have certificate,Other,9.2,2026
"Đường Gò Dầu, Phường Tân Sơn Nhì, TP Hồ Chí Minh",96.0,,,,,4.0,5,5.0,Have certificate,,10.9,2026
"Đường Tỉnh lộ 10, Phường Bình Trị Đông, TP Hồ Chí Minh",22.2,,,,,2.0,2,2.0,Have certificate,Basic,2.3,2026
"Đường Số 2, Phường Hiệp Bình, TP Hồ Chí Minh",43.0,,,,,,3,2.0,Have certificate,Full,3.99,2026
"Đường Trần Xuân Soạn, Phường Tân Hưng, TP Hồ Chí Minh",40.0,,,Nam,,2.0,3,2.0,Have certificate,Basic,5.95,2026
"Đường Nguyễn Đình Chiểu, Phường Bàn Cờ, TP Hồ Chí Minh",61.0,,,,,5.0,4,3.0,Have certificate,Full,13.4,2026
"Đường Hương Lộ 2, Phường Bình Trị Đông, TP Hồ Chí Minh",72.0,,,,,5.0,4,4.0,Have certificate,Full,7.1,2026
"Đường Đỗ Năng Tế, Phường An Lạc, TP Hồ Chí Minh",44.3,,,Đông,,2.0,2,2.0,Have certificate,Basic,2.55,2026
"Đường Đông Thạnh 8, Xã Đông Thạnh, TP Hồ Chí Minh",105.0,,,,,,4,5.0,Have certificate,Other,6.2,2026
"Đường Dương Thị Mười, Phường Trung Mỹ Tây, TP Hồ Chí Minh",52.0,,,,,,2,1.0,Have certificate,,3.2,2026
"Đường Bờ Bao Tân Thắng, Phường Tân Sơn Nhì, TP Hồ Chí Minh",35.0,,,,,,4,3.0,Have certificate,,5.6,2026
"Đường Nguyễn Thị Minh Khai, Phường Bàn Cờ, TP Hồ Chí Minh",27.0,,,,,4.0,3,3.0,Have certificate,Other,6.0,2026
"Đường Phú Thọ Hoà, Phường Phú Thọ Hòa, TP Hồ Chí Minh",16.0,,,,,,2,2.0,Have certificate,,2.3,2026
"Đường Hà Huy Giáp, Phường An Phú Đông, TP Hồ Chí Minh",36.0,,,,,,2,2.0,Shared certificate,,1.29,2026
"Đường Bình Lợi, Phường Bình Lợi Trung, TP Hồ Chí Minh",200.0,,,,,3.0,5,6.0,Have certificate,Full,24.9,2026
"Bình Quới, Phường Bình Quới, TP Hồ Chí Minh",54.0,,,,,2.0,3,2.0,,,4.2,2026
"Đường Trần Thị Bốc, Xã Đông Thạnh, TP Hồ Chí Minh",95.0,,,,,1.0,3,2.0,Have certificate,Full,4.85,2026
"Đường Huỳnh Văn Bánh, Phường Phú Nhuận, TP Hồ Chí Minh",52.0,,,,,4.0,4,,Have certificate,Full,9.99,2026
"Đường Xô Viết Nghệ Tĩnh, Phường Gia Định, TP Hồ Chí Minh",61.0,,,,,4.0,5,5.0,Have certificate,Basic,8.5,2026
"Đường Hoàng Hoa Thám, Phường Gia Định, TP Hồ Chí Minh",20.0,,,,,3.0,2,3.0,Have certificate,Other,4.0,2026
"Đường Nguyễn Duy Dương, Phường Vườn Lài, TP Hồ Chí Minh",22.0,,,,,2.0,2,3.0,Have certificate,Basic,4.55,2026
"Đường Hoàng Xuân Hoành, Phường Phú Thạnh, TP Hồ Chí Minh",72.6,,,,,,6,5.0,,,8.6,2026
"Đường Bình Lợi, Phường Bình Lợi Trung, TP Hồ Chí Minh",200.0,,,,,3.0,5,6.0,Have certificate,Full,24.9,2026
"Lê Văn Lương, Phường Tân Hưng, TP Hồ Chí Minh",70.0,,,,,,4,,,,6.0,2026
"Bình Hưng Hoà, Phường Bình Hưng Hòa, TP Hồ Chí Minh",50.0,,,,,,3,2.0,,,4.3,2026
"Đường Gò Dầu, Phường Tân Sơn Nhì, TP Hồ Chí Minh",96.0,,,,,4.0,5,5.0,Have certificate,,10.9,2026
"Đường Trần Xuân Soạn, Phường Tân Hưng, TP Hồ Chí Minh",40.0,,,Nam,,2.0,3,2.0,Have certificate,Basic,5.95,2026
"Đường Quang Trung, Phường An Hội Tây, TP Hồ Chí Minh",48.0,,,,,2.0,2,2.0,Have certificate,Full,4.0,2026
"Đường Quang Trung, Phường Gò Vấp, TP Hồ Chí Minh",61.0,,,,,,4,4.0,Have certificate,Full,5.8,2026
"Đường Phùng Văn Cung, Phường Cầu Kiệu, TP Hồ Chí Minh",20.0,,,,,,2,,Have certificate,,4.39,2026
"Đường Số 16, Phường Bình Hưng Hòa, TP Hồ Chí Minh",54.0,,,Bắc,,3.0,4,3.0,,,7.5,2026
"Đường Tỉnh lộ 10, Phường Bình Trị Đông, TP Hồ Chí Minh",22.2,,,,,2.0,2,2.0,Have certificate,Basic,2.3,2026
"Đường Hương Lộ 2, Phường Bình Trị Đông, TP Hồ Chí Minh",72.0,,,,,5.0,4,4.0,Have certificate,Full,7.1,2026
"Lâm Thị Hố, Phường Trung Mỹ Tây, TP Hồ Chí Minh",62.0,,,,,3.0,3,2.0,Have certificate,Other,5.8,2026
"Đường Hoàng Hoa Thám, Phường Gia Định, TP Hồ Chí Minh",20.0,,,,,3.0,2,3.0,Have certificate,Other,4.0,2026
"Đường Nguyễn Văn Nghi, Phường Hạnh Thông, TP Hồ Chí Minh",48.0,,,,,4.0,4,,Have certificate,Full,8.7,2026
"Đường Bông Sao, Phường Chánh Hưng, TP Hồ Chí Minh",64.0,,,Đông Nam,,4.0,4,5.0,Have certificate,Full,11.88,2026
"Đường Nguyễn Văn Công, Phường Hạnh Thông, TP Hồ Chí Minh",57.0,,,,,3.0,4,,Have certificate,Full,8.7,2026
"BÌNH PHÚ ĐƯỜNG 12M ĐỐI DIỆN CÔNG VIÊN, Phường Bình Phú, TP Hồ Chí Minh",64.0,,,,,4.0,4,4.0,Have certificate,Other,10.5,2026
"Đường Bùi Quang Là, Phường An Hội Tây, TP Hồ Chí Minh",41.0,,,,,4.0,4,4.0,Have certificate,Full,5.8,2026
"Đường Phan Văn Trị, Phường Bình Lợi Trung, TP Hồ Chí Minh",36.0,,,,,4.0,5,3.0,Have certificate,Full,6.868,2026
"Hà Huy Giáp, Phường Tân Thới Hiệp, TP Hồ Chí Minh",30.0,,,,,,2,,Have certificate,,3.19,2026
"Cống Lở, Phường Tân Sơn, TP Hồ Chí Minh",60.0,,,,,,5,4.0,Have certificate,Full,7.9,2026
"Đường số 19, Phường An Lạc, TP Hồ Chí Minh",90.0,,,Nam,,4.0,4,,Have certificate,Basic,15.7,2026
"Nguyễn Văn Linh, Xã Bình Hưng, TP Hồ Chí Minh",140.0,,,,,,5,6.0,Have certificate,Basic,20.0,2026
"Đường Đồng Xoài, Phường Tân Bình, TP Hồ Chí Minh",18.0,,,,,5.0,2,3.0,Have certificate,Full,6.0,2026
"Đường 26, Phường Phước Long, TP Hồ Chí Minh",84.0,,,Tây,,3.0,5,5.0,Have certificate,Full,9.2,2026
"Zalo 0767.745.313, Phường Bình Phú, TP Hồ Chí Minh",64.0,,,,,5.0,5,4.0,Have certificate,Other,9.8,2026
"Dc9, Phường Tây Thạnh, TP Hồ Chí Minh",80.0,,,,,,4,4.0,,,10.8,2026
"Đường số 12, Phường An Lạc, TP Hồ Chí Minh",40.0,,,,,4.0,4,4.0,Have certificate,Other,6.98,2026
"Đường Ông Ích Khiêm, Phường Hòa Bình, TP Hồ Chí Minh",46.0,,,,,,3,2.0,,,7.4,2026
"Đường An Bình, Phường An Đông, TP Hồ Chí Minh",68.0,,,,,,3,,Have certificate,,7.6,2026
"Đường Bình Phú, Phường Bình Phú, TP Hồ Chí Minh",52.0,,,,,4.0,4,4.0,Have certificate,Full,8.5,2026
"Đường Bành Văn Trân, Phường Tân Hòa, TP Hồ Chí Minh",56.0,,,,,2.0,2,2.0,Have certificate,Basic,4.6,2026
"Sổ 10, Phường An Lạc, TP Hồ Chí Minh",56.0,,,Nam,,4.0,4,4.0,Have certificate,Other,7.5,2026
"Đường Phạm Văn Đồng, Phường Linh Xuân, TP Hồ Chí Minh",207.0,,,,,2.0,4,3.0,Have certificate,Full,13.2,2026
"Đường Trường Chinh, Phường Tân Bình, TP Hồ Chí Minh",56.0,,,,,,2,,,,4.2,2026
"Đường Lê Thị Riêng, Phường Thới An, TP Hồ Chí Minh",1080.0,,,Tây,,3.0,4,4.0,Have certificate,Full,77.89,2026
"Đường số 48, Phường Hiệp Bình, TP Hồ Chí Minh",62.0,,,,,,3,2.0,Have certificate,,3.6,2026
"Đường Số 25A, Phường An Lạc, TP Hồ Chí Minh",80.0,,,Bắc,,3.0,5,4.0,Have certificate,Basic,10.8,2026
"Đường 3 Tháng 2, Phường Minh Phụng, TP Hồ Chí Minh",43.0,,,,,4.0,4,6.0,Have certificate,Full,5.9,2026
"Nguyễn Thị Tần, Phường Chánh Hưng, TP Hồ Chí Minh",50.0,,,,,,4,3.0,Have certificate,,6.38,2026
"Đường Cách Mạng Tháng Tám, Phường Hòa Hưng, TP Hồ Chí Minh",80.0,,,,,2.0,4,,Have certificate,,8.9,2026
"Đường Bờ Bao, Phường Tân Sơn Nhì, TP Hồ Chí Minh",62.0,,,Đông Bắc,,2.0,4,3.0,Have certificate,,5.6,2026
"Đường Trần Xuân Soạn, Phường Tân Hưng, TP Hồ Chí Minh",30.0,,,,,,2,2.0,Have certificate,,3.7,2026
"Đường Lạc Long Quân, Phường Bảy Hiền, TP Hồ Chí Minh",47.0,,,,,3.0,3,3.0,Have certificate,,4.6,2026
"Đường Trần Xuân Soạn, Phường Tân Hưng, TP Hồ Chí Minh",29.7,,,,,,3,,,,6.3,2026
"44A, Phường Bình Trưng, TP Hồ Chí Minh",63.0,,,Tây,,2.0,2,1.0,Have certificate,Basic,13.8,2026
"Đường 3 Tháng 2, Phường Minh Phụng, TP Hồ Chí Minh",43.0,,,,,4.0,4,6.0,Have certificate,Full,5.9,2026
"Đường Cách Mạng Tháng Tám, Phường Hòa Hưng, TP Hồ Chí Minh",80.0,,,,,2.0,4,,Have certificate,,8.9,2026
"20, Phường Tăng Nhơn Phú, TP Hồ Chí Minh",68.0,,,,,,2,,Have certificate,,5.8,2026
"Đường 339, Phường Phước Long, TP Hồ Chí Minh",234.0,,,Đông Nam,,2.0,3,3.0,Have certificate,Basic,20.0,2026
"Đường Nguyễn Văn Bứa, Xã Xuân Thới Sơn, TP Hồ Chí Minh",56.0,,,,,,2,,Have certificate,,850.0,2026
"Đường Lê Đức Thọ, Phường An Hội Đông, TP Hồ Chí Minh",80.0,,,,,2.0,3,3.0,Have certificate,Full,6.85,2026
"đường số 38, Phường Hiệp Bình, TP Hồ Chí Minh",140.0,,,,,,3,2.0,Have certificate,,12.5,2026
"Đường Trần Xuân Soạn, Phường Tân Hưng, TP Hồ Chí Minh",45.0,,,,,1.0,6,,,,6.0,2026
"Cao Lỗ, Phường Chánh Hưng, TP Hồ Chí Minh",15.0,,,Tây,,,2,1.0,Other,,990.0,2026
"131/41/, Phường Linh Xuân, TP Hồ Chí Minh",100.0,,,Đông Nam,,2.0,6,3.0,Have certificate,,4.6,2026
"Đường Nguyễn Thần Hiến, Phường Xóm Chiếu, TP Hồ Chí Minh",30.0,,,,,4.0,3,3.0,Have certificate,Basic,4.5,2026
"Nhà Hẻm 1 Xẹt, Phường Tân Định, TP Hồ Chí Minh",43.0,,,Tây Nam,,2.0,3,4.0,Have certificate,Full,5.95,2026
"Đường Nguyễn Đình Chính, Phường Phú Nhuận, TP Hồ Chí Minh",31.5,,,,,,3,3.0,Have certificate,,5.35,2026
"Đường Vĩnh Lộc, Xã Vĩnh Lộc, TP Hồ Chí Minh",48.0,,,Tây,,1.0,2,1.0,Other,,1.19,2026
"Nguyễn Thức Đường, Phường An Lạc, TP Hồ Chí Minh",80.0,,,Bắc,,1.0,3,3.0,Have certificate,,8.2,2026
"Đường Huỳnh Tấn Phát, Xã Nhà Bè, TP Hồ Chí Minh",54.0,,,Đông,,2.0,3,3.0,Have certificate,Other,4.85,2026
"Ông Ích Khiêm, Phường Hòa Bình, TP Hồ Chí Minh",94.5,,,,,4.0,3,5.0,Have certificate,,15.9,2026
"Đường Hậu Giang, Phường Bình Phú, TP Hồ Chí Minh",32.85,,,,,1.0,2,2.0,Have certificate,,3.5,2026
"Đường Phú Thọ Hoà, Phường Phú Thọ Hòa, TP Hồ Chí Minh",27.0,,,,,3.0,2,,,,3.25,2026
"Đường Hoàng Hoa Thám, Phường Bình Lợi Trung, TP Hồ Chí Minh",30.0,,,,,,2,2.0,Have certificate,,5.25,2026
"Đường Âu Cơ, Phường Tân Bình, TP Hồ Chí Minh",57.0,,,,,,2,,,,4.2,2026
"Đường Bờ Bao Tân Thắng, Phường Tây Thạnh, TP Hồ Chí Minh",64.0,,,,,3.0,3,3.0,Have certificate,Full,8.0,2026
"Đường Tỉnh lộ 10, Phường Tân Tạo, TP Hồ Chí Minh",120.0,,,,,4.0,10,,Have certificate,,12.5,2026
"Đường Lê Thị Riêng, Phường Thới An, TP Hồ Chí Minh",79.0,,,,,,4,,Have certificate,,5.3,2026
"37/44, Phường Bình Tân, TP Hồ Chí Minh",162.0,,,,,1.0,2,2.0,Have certificate,,20.0,2026
"Hồ Hảo Hớn, Phường Cầu Ông Lãnh, TP Hồ Chí Minh",25.0,,,,,3.0,2,2.0,Have certificate,,8.5,2026
"16/2, Xã Xuân Thới Sơn, TP Hồ Chí Minh",130.9,,,Đông Bắc,,,3,1.0,Have certificate,Basic,7.0,2026
"Đường Ngô Chí Quốc, Phường Tam Bình, TP Hồ Chí Minh",100.0,,,,,,4,,,,6.0,2026
"Đường Lê Văn Lương, Xã Hiệp Phước, TP Hồ Chí Minh",40.0,,,,,2.0,2,2.0,Have certificate,Basic,2.7,2026
"Đường Tân Thới Hiệp 21, Phường Tân Thới Hiệp, TP Hồ Chí Minh",189.0,,,Tây Bắc,,2.0,3,3.0,Have certificate,Other,13.99,2026
"Huỳnh Thi Hai, Phường Trung Mỹ Tây, TP Hồ Chí Minh",82.0,,,Đông Bắc,,3.0,5,5.0,Have certificate,Basic,6.4,2026
"Đường Hậu Giang, Phường Bình Phú, TP Hồ Chí Minh",32.85,,,,,1.0,2,2.0,Have certificate,,3.5,2026
"Đường Thới An 16 F Thới An Q12, Phường Thới An, TP Hồ Chí Minh",98.0,,,,,2.0,3,3.0,Have certificate,Other,5.868,2026
"Đường Nguyễn Văn Khối, Phường Thông Tây Hội, TP Hồ Chí Minh",120.0,,,,,3.0,3,3.0,Have certificate,Basic,12.0,2026
"Hà huy giáp, Phường An Phú Đông, TP Hồ Chí Minh",65.0,,,Tây Nam,,5.0,5,4.0,Have certificate,Full,5.85,2026
"Đường Bùi Minh Trực, Phường Chánh Hưng, TP Hồ Chí Minh",50.0,,,,,2.0,2,2.0,Have certificate,,7.99,2026
"Đường Bà Lê Chân, Phường Tân Định, TP Hồ Chí Minh",80.0,,,,,,10,,,,16.8,2026
"Đường Huỳnh Văn Bánh, Phường Phú Nhuận, TP Hồ Chí Minh",28.0,,,,,3.0,2,3.0,Have certificate,Full,5.1,2026
"Đường Lê Văn Lương, Phường Tân Hưng, TP Hồ Chí Minh",37.0,,,,,3.0,4,4.0,Have certificate,Basic,7.5,2026
"Trịnh Quang Nghị, Xã Bình Hưng, TP Hồ Chí Minh",75.0,,,,,,5,4.0,Have certificate,Other,8.8,2026
"Phạm Văn Chiêu , Phường An Hội Tây, TP Hồ Chí Minh",80.0,,,,,,4,,Have certificate,,9.5,2026
"Đường Tỉnh lộ 10, Phường Tân Tạo, TP Hồ Chí Minh",56.0,,,,,2.0,2,2.0,Have certificate,Full,3.15,2026
"Đường Xa lộ Hà Nội, Phường Tăng Nhơn Phú, TP Hồ Chí Minh",105.0,,,,,,3,2.0,Have certificate,,6.7,2026
"Đường Thân Nhân Trung, Phường Tân Bình, TP Hồ Chí Minh",108.0,,,,,4.0,5,,Have certificate,,14.6,2026
"Hẻm 116 Thiên Phước, Phường Tân Hòa, TP Hồ Chí Minh",40.0,,,,,2.0,2,2.0,Have certificate,Full,6.5,2026
"Đường Tân Hòa Đông, Phường Bình Trị Đông, TP Hồ Chí Minh",60.0,,,Bắc,,1.0,1,1.0,Have certificate,Full,5.4,2026
"Đường Võ Liêm Sơn, Phường Chánh Hưng, TP Hồ Chí Minh",80.0,,,,,,10,6.0,Have certificate,,12.0,2026
"Đường 59, Phường An Hội Tây, TP Hồ Chí Minh",32.0,,,,,4.0,3,3.0,Have certificate,Full,4.0,2026
"Đường Lý Chính Thắng, Phường Xuân Hòa, TP Hồ Chí Minh",43.0,,,,,,3,,Have certificate,,8.2,2026
"Kha Vạn Cân, Phường Thủ Đức, TP Hồ Chí Minh",96.0,,,,,,2,2.0,Have certificate,Full,7.5,2026
"Hẻm 803/23 Đường Huỳnh Tấn Phát, Phường Phú Thuận, TP Hồ Chí Minh",75.0,,,,,4.0,7,6.0,Have certificate,Full,7.0,2026
"Đường Trương Đăng Quế, Phường Hạnh Thông, TP Hồ Chí Minh",52.0,,,Tây Nam,,5.0,5,6.0,Have certificate,,10.45,2026
"Đường Hoàng Phan Thái, Xã Bình Chánh, TP Hồ Chí Minh",119.8,,,,,,6,6.0,Have certificate,,1.65,2026
"Đường Tỉnh lộ 10, Phường Tân Tạo, TP Hồ Chí Minh",65.0,,,,,2.0,3,2.0,Have certificate,Full,3.4,2026
"Đường Đoàn Thị Điểm, Phường Cầu Kiệu, TP Hồ Chí Minh",45.0,,,,,5.0,4,5.0,Have certificate,Other,13.0,2026
"Đường Đoàn Văn Bơ, Phường Khánh Hội, TP Hồ Chí Minh",66.0,,,Đông Nam,,2.0,3,3.0,Have certificate,Basic,7.9,2026
"Đường Nguyễn Quý Yêm, Phường An Lạc, TP Hồ Chí Minh",42.0,,,Tây Nam,,2.0,3,2.0,Have certificate,,4.39,2026
"Đường Nguyễn Bình, Xã Hiệp Phước, TP Hồ Chí Minh",81.0,,,,,3.0,4,4.0,Have certificate,,6.5,2026
"Đường Thích Quảng Đức, Phường Đức Nhuận, TP Hồ Chí Minh",61.4,,,Đông Bắc,,3.0,4,,Have certificate,,7.9,2026
"5, Phường Thủ Đức, TP Hồ Chí Minh",64.0,,,,,,3,3.0,Have certificate,,4.445,2026
"Đường Nguyễn Văn Lượng, Phường Gò Vấp, TP Hồ Chí Minh",40.0,,,,,2.0,2,2.0,Have certificate,Full,9.999,2026
"Đường Hoàng Diệu, Phường Khánh Hội, TP Hồ Chí Minh",29.1,,,Bắc,,4.0,4,3.0,Have certificate,,5.7,2026
"Đường Trương Thị Hoa, Phường Tân Thới Hiệp, TP Hồ Chí Minh",50.0,,,,,2.0,3,2.0,Have certificate,,4.9,2026
"Đường Lâm Văn Bền, Phường Tân Hưng, TP Hồ Chí Minh",32.0,,,,,,2,,Have certificate,,4.1,2026
"Đường Rạch Cát, Phường Phú Định, TP Hồ Chí Minh",40.0,,,,,2.0,4,3.0,Have certificate,,4.6,2026
"Hẻm 116 Thiên Phước, Phường Tân Hòa, TP Hồ Chí Minh",40.0,,,,,2.0,2,2.0,Have certificate,Full,6.5,2026
"Đường Hiệp Thành 13, Phường Tân Thới Hiệp, TP Hồ Chí Minh",60.0,,,,,4.0,4,5.0,Have certificate,,5.29,2026
"Đường Tỉnh lộ 10, Phường Tân Tạo, TP Hồ Chí Minh",65.0,,,,,2.0,3,2.0,Have certificate,Full,3.4,2026
"Nguyễn Thị Búp, Phường Tân Thới Hiệp, TP Hồ Chí Minh",70.2,,,,,2.0,2,2.0,Have certificate,,5.9,2026
"5, Phường Thủ Đức, TP Hồ Chí Minh",64.0,,,,,,3,3.0,Have certificate,,4.445,2026
"Đường Trương Đăng Quế, Phường Hạnh Thông, TP Hồ Chí Minh",52.0,,,Tây Nam,,5.0,5,6.0,Have certificate,,10.45,2026
"Đường Số 25, Phường Hiệp Bình, TP Hồ Chí Minh",50.0,,,Tây Bắc,,4.0,4,4.0,Have certificate,Basic,8.7,2026
"Đường Tỉnh lộ 10, Phường Bình Trị Đông, TP Hồ Chí Minh",52.0,,,,,3.0,4,3.0,,,5.0,2026
"Đường Lê Văn Chí, Phường Linh Xuân, TP Hồ Chí Minh",56.0,,,,,2.0,2,3.0,Have certificate,Full,6.3,2026
"Đường Hoàng Phan Thái, Xã Bình Chánh, TP Hồ Chí Minh",83.4,,,,,1.0,3,2.0,Have certificate,Full,620.0,2026
"Đường Âu Cơ, Phường Bảy Hiền, TP Hồ Chí Minh",38.0,,,,,4.0,4,4.0,Have certificate,,7.45,2026
"Đường Lê Văn Khương, Phường Tân Thới Hiệp, TP Hồ Chí Minh",46.0,,,,,2.0,2,2.0,Have certificate,,2.5,2026
"Đường Thành Thái, Phường Diên Hồng, TP Hồ Chí Minh",55.0,,,,,3.0,3,2.0,Have certificate,Other,10.0,2026
"Đường Lý Chính Thắng, Phường Xuân Hòa, TP Hồ Chí Minh",43.0,,,,,,3,,Have certificate,,8.2,2026
"Đường Trịnh Như Khuê, Xã Bình Chánh, TP Hồ Chí Minh",45.0,,,Đông,,1.0,2,2.0,Have certificate,Basic,1.27,2026
"Đường Trường Chinh, Phường Tân Bình, TP Hồ Chí Minh",70.0,,,,,,3,,,,9.25,2026
"Đường Nguyễn Quý Yêm, Phường An Lạc, TP Hồ Chí Minh",42.0,,,Tây Nam,,2.0,3,2.0,Have certificate,,4.39,2026
"261.40.2, Phường Bình Thạnh, TP Hồ Chí Minh",20.0,,,,,,3,,Have certificate,Full,3.98,2026
"Đường Tân Kỳ Tân Quý, Phường Tân Sơn Nhì, TP Hồ Chí Minh",56.0,,,Tây,,2.0,3,2.0,Have certificate,Full,5.48,2026
"Đường Nguyễn Sỹ Sách, Phường Tân Sơn, TP Hồ Chí Minh",52.0,,,,,3.0,3,3.0,Have certificate,Full,5.9,2026
"Đường Tân Chánh Hiệp 26, Phường Trung Mỹ Tây, TP Hồ Chí Minh",60.2,,,,,5.0,4,4.0,Have certificate,,5.95,2026
"Đường Kinh Dương Vương, Phường Phú Lâm, TP Hồ Chí Minh",84.0,,,,,1.0,1,,Have certificate,Full,13.5,2026
"Bình Trưng Tây, Phường Bình Trưng, TP Hồ Chí Minh",60.0,,,,,4.0,3,3.0,Have certificate,,9.4,2026
"Đường Lê Văn Lương, Xã Hiệp Phước, TP Hồ Chí Minh",30.0,,,,,2.0,2,2.0,Shared certificate,Basic,1.25,2026
"Đường Hậu Giang, Phường Bình Phú, TP Hồ Chí Minh",32.0,,,Đông Nam,,4.0,3,3.0,Have certificate,Other,4.5,2026
"Đường Số 3, Phường Bình Hưng Hòa, TP Hồ Chí Minh",48.0,,,Nam,,2.0,3,3.0,Have certificate,Other,5.4,2026
"Đường số 275, Phường Tăng Nhơn Phú, TP Hồ Chí Minh",57.0,,,,,,2,1.0,Have certificate,,5.6,2026
"Đông Thạnh 8, Xã Đông Thạnh, TP Hồ Chí Minh",125.0,,,,,3.0,4,3.0,Have certificate,Full,6.3,2026
"Bình Phú, Phường Bình Phú, TP Hồ Chí Minh",56.0,,,,,4.0,4,,Have certificate,Full,11.0,2026
"15, Phường An Hội Tây, TP Hồ Chí Minh",64.0,,,,,5.0,5,6.0,Have certificate,Other,7.5,2026
"48/9, Phường Tân Thới Hiệp, TP Hồ Chí Minh",46.2,,,,,2.0,2,2.0,Have certificate,Other,4.85,2026
"Đường Cách Mạng Tháng 8, Phường Nhiêu Lộc, TP Hồ Chí Minh",62.0,,,,,3.0,7,4.0,,,7.6,2026
"Đường Bình Phú, Phường Bình Phú, TP Hồ Chí Minh",48.0,,,,,,3,,Have certificate,Full,6.5,2026
"Đường Quang Trung, Phường An Hội Tây, TP Hồ Chí Minh",30.0,,,,,2.0,2,2.0,,,3.567,2026
"Tân Chánh Hiệp 18, Phường Trung Mỹ Tây, TP Hồ Chí Minh",107.0,,,,,,7,6.0,Have certificate,,8.46,2026
"Đường Thạnh Mỹ Lợi, Phường Cát Lái, TP Hồ Chí Minh",60.0,,,,,4.0,10,,Have certificate,Other,9.0,2026
"79, Phường Bình Phú, TP Hồ Chí Minh",72.0,,,Bắc,,4.0,4,,Have certificate,Full,11.0,2026
"Đường Nguyễn Sỹ Sách, Phường Tân Sơn, TP Hồ Chí Minh",52.0,,,,,3.0,3,3.0,Have certificate,Full,5.9,2026
"Đường Tân Mỹ, Phường Tân Thuận, TP Hồ Chí Minh",40.0,,,,,2.0,2,2.0,Have certificate,Other,6.5,2026
"Đường Lê Thị Riêng, Phường Thới An, TP Hồ Chí Minh",106.0,,,,,,3,3.0,Have certificate,,5.868,2026
"15, Phường An Hội Tây, TP Hồ Chí Minh",64.0,,,,,5.0,5,6.0,Have certificate,Other,7.5,2026
"39, Phường Bình Phú, TP Hồ Chí Minh",225.0,,,,,4.0,4,4.0,Have certificate,Full,43.0,2026
"Đường Tô Hiệu, Phường Phú Thạnh, TP Hồ Chí Minh",35.0,,,,,,2,,Have certificate,,3.0,2026
"91/35, Phường Linh Xuân, TP Hồ Chí Minh",52.0,,,Bắc,,3.0,4,3.0,Have certificate,Basic,4.45,2026
"Đường Thạnh Mỹ Lợi, Phường Cát Lái, TP Hồ Chí Minh",60.0,,,,,4.0,10,,Have certificate,Other,9.0,2026
"Đường Chu Văn An, Phường Bình Thạnh, TP Hồ Chí Minh",25.0,,,,,2.0,2,2.0,Have certificate,,4.85,2026
"Đường Thành Thái, Phường Diên Hồng, TP Hồ Chí Minh",40.0,,,,,2.0,3,2.0,Have certificate,Other,8.0,2026
"Đường Lê Văn Sỹ, Phường Nhiêu Lộc, TP Hồ Chí Minh",50.0,,,,,4.0,5,6.0,,Full,10.68,2026
"Đường Tây Thạnh, Phường Tây Thạnh, TP Hồ Chí Minh",64.0,,,,,2.0,3,1.0,Have certificate,Basic,4.79,2026
"Hẻm 202 Đường Lý Thường Kiệt, Phường Diên Hồng, TP Hồ Chí Minh",15.0,,,,,3.0,2,3.0,Have certificate,Basic,2.95,2026
"339, Phường Bình Tây, TP Hồ Chí Minh",84.0,,,Bắc,,4.0,7,6.0,Have certificate,Full,13.5,2026
"22, Phường Bình Tây, TP Hồ Chí Minh",73.0,,,,,1.0,1,,Have certificate,Full,22.0,2026
"Đường Bình Phú, Phường Bình Phú, TP Hồ Chí Minh",48.0,,,,,,3,,Have certificate,Full,6.5,2026
"N37, Phường Phú Lâm, TP Hồ Chí Minh",38.5,,,,,2.0,3,,Have certificate,Full,4.85,2026
"Đường Trường Sa, Phường Phú Nhuận, TP Hồ Chí Minh",85.0,,,,,4.0,5,6.0,Have certificate,Full,26.5,2026
"Bình Trưng Tây, Phường Bình Trưng, TP Hồ Chí Minh",70.0,,,,,1.0,1,1.0,Have certificate,,7.5,2026
"Đường Tỉnh lộ 10, Phường Bình Trị Đông, TP Hồ Chí Minh",59.0,,,,,2.0,2,2.0,Have certificate,Full,4.747,2026
"Đường Lê Thị Riêng, Phường Thới An, TP Hồ Chí Minh",400.0,,,Nam,,3.0,4,4.0,Have certificate,Full,42.99,2026
"Đường Lê Quang Định, Phường Bình Lợi Trung, TP Hồ Chí Minh",39.0,,,,,2.0,2,,,Full,5.35,2026
"Đường Số 19, Phường Hiệp Bình, TP Hồ Chí Minh",53.0,,,,,4.0,4,4.0,Have certificate,Full,8.5,2026
"Đường Ông Ích Khiêm, Phường Bình Thới, TP Hồ Chí Minh",48.0,,,Tây Nam,,3.0,3,2.0,Have certificate,Other,7.25,2026
"Đường Hoàng Văn Thụ, Phường Cầu Kiệu, TP Hồ Chí Minh",80.0,,,,,5.0,6,6.0,Have certificate,Other,21.0,2026
"Đường số 20, Phường Hiệp Bình, TP Hồ Chí Minh",100.0,,,,,3.0,4,4.0,Have certificate,,13.5,2026
"Hẻm 671 Đường Nguyễn Kiệm, Phường Đức Nhuận, TP Hồ Chí Minh",55.3,,,,,3.0,2,3.0,Have certificate,Other,12.5,2026
"29, Phường Bình Phú, TP Hồ Chí Minh",84.0,,,,,5.0,4,,Have certificate,Other,16.2,2026
"Đường Hoàng Hoa Thám, Phường Gia Định, TP Hồ Chí Minh",30.0,,,,,,2,,Have certificate,,5.25,2026
"222, Phường Bình Tây, TP Hồ Chí Minh",50.0,,,,,2.0,2,,Have certificate,Full,10.5,2026
"99, Phường Bình Phú, TP Hồ Chí Minh",80.0,,,Đông,,4.0,4,,Have certificate,Full,25.0,2026
"Đường Lê Văn Quới, Phường Bình Hưng Hòa, TP Hồ Chí Minh",66.0,,,,,2.0,2,2.0,,,4.9,2026
"Đỗ Mười, Phường Linh Xuân, TP Hồ Chí Minh",14.0,,,,,1.0,3,2.0,Have certificate,Basic,600.0,2026
"Long Trường, Phường Long Trường, TP Hồ Chí Minh",100.0,,,,,1.0,3,1.0,Have certificate,,4.9,2026
"Đường Đặng Minh Trứ, Phường Bảy Hiền, TP Hồ Chí Minh",55.0,,,,,2.0,1,1.0,,,5.5,2026
"Đường Trần Hưng Đạo, Phường An Đông, TP Hồ Chí Minh",31.0,,,,,3.0,2,3.0,Have certificate,,5.88,2026
"Đường Thới Hòa, Xã Vĩnh Lộc, TP Hồ Chí Minh",44.0,,,Tây Bắc,,1.0,2,1.0,Shared certificate,Basic,1.55,2026
"Đường Thống Nhất, Phường Gò Vấp, TP Hồ Chí Minh",65.0,,,,,4.0,4,,Have certificate,,7.0,2026
"Đường Gò Ô Môi, Phường Phú Thuận, TP Hồ Chí Minh",57.0,,,,,,4,3.0,,,8.6,2026
"Đường Mã Lò, Phường Bình Trị Đông, TP Hồ Chí Minh",75.0,,,,,,2,,Have certificate,Full,4.3,2026
"Đường Quang Trung, Phường An Hội Tây, TP Hồ Chí Minh",42.0,,,,,2.0,2,,Have certificate,,5.8,2026
"33, Phường Bình Phú, TP Hồ Chí Minh",90.0,,,Đông,,5.0,5,,Have certificate,Other,19.7,2026
"Đường Văn Thân, Phường Bình Tiên, TP Hồ Chí Minh",100.0,,,,,2.0,3,2.0,Have certificate,,7.1,2026
"Đường Âu Cơ, Phường Bảy Hiền, TP Hồ Chí Minh",11.3,,,,,,2,2.0,Have certificate,,2.45,2026
"Đường Bến Mễ Cốc, Phường Phú Định, TP Hồ Chí Minh",39.0,,,,,,4,3.0,,,4.6,2026
"36/39/8, Phường Hiệp Bình, TP Hồ Chí Minh",40.0,,,Bắc,,1.0,3,2.0,Shared certificate,Basic,1.79,2026
"15/21, Phường Tân Sơn, TP Hồ Chí Minh",163.0,,,,,5.0,10,6.0,Have certificate,,27.0,2026
"Đường Phan Huy Ích, Phường An Hội Tây, TP Hồ Chí Minh",88.0,,,,,5.0,6,6.0,Have certificate,Other,10.9,2026
"Hẻm 1 Đường Số 49, Phường Hiệp Bình, TP Hồ Chí Minh",32.0,,,,,2.0,2,2.0,Shared certificate,Basic,2.26,2026
"Đường Trung Mỹ - Tân Xuân, Xã Hóc Môn, TP Hồ Chí Minh",140.0,,,,,2.0,4,3.0,Have certificate,Other,6.25,2026
"Đường Lê Đức Thọ, Phường An Hội Đông, TP Hồ Chí Minh",70.0,,,,,,3,,,,7.7,2026
"Đường số 13A, Phường Bình Hưng Hòa, TP Hồ Chí Minh",66.0,,,,,1.0,3,3.0,Have certificate,,5.15,2026
"Đường Phạm Văn Hai, Phường Tân Sơn Hòa, TP Hồ Chí Minh",40.0,,,,,4.0,3,3.0,Have certificate,Full,8.7,2026
"Đường Huỳnh Tấn Phát, Xã Nhà Bè, TP Hồ Chí Minh",50.0,,,,,2.0,2,3.0,Have certificate,Other,4.8,2026
"Đường Phạm Văn Chiêu, Phường An Hội Tây, TP Hồ Chí Minh",72.0,,,,,,4,,Have certificate,,7.0,2026
"Đường Trường Chinh, Phường Đông Hưng Thuận, TP Hồ Chí Minh",160.0,,,Tây Nam,,1.0,2,2.0,Have certificate,,10.8,2026
"Đường Trần Thị Trọng, Phường Tân Sơn, TP Hồ Chí Minh",65.0,,,,,2.0,4,4.0,Have certificate,Full,5.8,2026
"Đường Nguyễn Hữu Cảnh, Phường Thạnh Mỹ Tây, TP Hồ Chí Minh",80.0,,,Đông Nam,,4.0,4,,Have certificate,Full,19.5,2026
"Hẻm 8 Huỳnh Thị Đồng, Xã Nhà Bè, TP Hồ Chí Minh",24.0,,,,,3.0,4,3.0,Have certificate,Other,2.38,2026
"Đường Trần Hưng Đạo, Phường Cầu Ông Lãnh, TP Hồ Chí Minh",32.0,,,,,3.0,4,3.0,Have certificate,,6.5,2026
"Đường Lê Đức Thọ, Phường An Hội Đông, TP Hồ Chí Minh",36.1,,,,,2.0,1,2.0,Have certificate,Full,3.23,2026
"Đường số 12, Phường Bình Hưng Hòa, TP Hồ Chí Minh",48.0,,,,,,4,,,,5.35,2026
"Đường Bia Truyền Thống, Phường Tân Tạo, TP Hồ Chí Minh",110.2,,,,,,6,,Have certificate,,9.85,2026
"Đường Nguyễn Quý Anh, Phường Tân Sơn Nhì, TP Hồ Chí Minh",34.0,,,,,2.0,2,2.0,Have certificate,,4.35,2026
"3/2, Phường Vườn Lài, TP Hồ Chí Minh",48.0,,,,,2.0,2,3.0,Have certificate,,8.5,2026
"453/53/15/15, Phường Tân Thuận, TP Hồ Chí Minh",32.0,,,Đông,,1.0,2,2.0,Shared certificate,Full,1.6,2026
"Trần Xuân Soạn, Phường Tân Hưng, TP Hồ Chí Minh",66.0,,,,,,3,2.0,Have certificate,,5.7,2026
"Đường Nguyễn Thị Thập, Phường Tân Hưng, TP Hồ Chí Minh",158.1,,,,,,3,,Have certificate,,51.0,2026
"Đường Võ Thị Sáu, Phường Tân Định, TP Hồ Chí Minh",113.0,,,,,3.0,5,6.0,Have certificate,Other,28.5,2026
"Đường Huỳnh Tấn Phát, Phường Phú Thuận, TP Hồ Chí Minh",77.0,,,,,,3,3.0,Have certificate,,5.4,2026
"20, Phường Phú Định, TP Hồ Chí Minh",40.5,,,,,3.0,4,3.0,Have certificate,,4.6,2026
"Đường số 48, Phường Hiệp Bình, TP Hồ Chí Minh",80.0,,,,,4.0,4,5.0,Have certificate,,8.69,2026
"3/2, Phường Vườn Lài, TP Hồ Chí Minh",48.0,,,,,2.0,2,3.0,Have certificate,,8.5,2026
"Đường Sư Vạn Hạnh, Phường Vườn Lài, TP Hồ Chí Minh",18.0,,,,,4.0,3,3.0,Have certificate,,4.3,2026
"Đường Tây Thạnh, Phường Tây Thạnh, TP Hồ Chí Minh",19.0,,,,,2.0,2,1.0,Have certificate,Full,2.1,2026
"3/2, Phường Vườn Lài, TP Hồ Chí Minh",61.0,,,,,6.0,5,5.0,Have certificate,,18.5,2026
"Đường Bia Truyền Thống, Phường Tân Tạo, TP Hồ Chí Minh",110.2,,,,,,6,,Have certificate,,9.85,2026
"Đường Phạm Văn Chiêu, Phường An Hội Tây, TP Hồ Chí Minh",64.0,,,,,2.0,2,2.0,Have certificate,Full,5.7,2026
"1716, Xã Nhà Bè, TP Hồ Chí Minh",76.0,,,Đông,,2.0,3,2.0,Have certificate,Full,4.25,2026
"Đường Nguyễn Lâm, Phường Diên Hồng, TP Hồ Chí Minh",33.0,,,,,5.0,4,5.0,Have certificate,,7.3,2026
"Đường Văn Thân, Phường Bình Tiên, TP Hồ Chí Minh",105.0,,,,,2.0,3,3.0,Have certificate,Full,7.0,2026
"Thới An 11, Phường Thới An, TP Hồ Chí Minh",19.2,,,Tây Nam,,2.0,2,2.0,Have certificate,Basic,2.29,2026
"Đường Nguyễn Văn Luông, Phường Bình Phú, TP Hồ Chí Minh",69.4,,,Đông,,2.0,3,2.0,Have certificate,Other,7.5,2026
"Đường số 12, Phường Bình Hưng Hòa, TP Hồ Chí Minh",48.0,,,,,,4,,,,5.35,2026
"Đường Trần Bình Trọng, Phường Bình Lợi Trung, TP Hồ Chí Minh",50.0,,,,,2.0,2,2.0,Have certificate,Full,5.2,2026
"Đường Quang Trung, Phường Thông Tây Hội, TP Hồ Chí Minh",130.0,,,,,4.0,5,6.0,Have certificate,Other,21.9,2026
"Đường Trần Hưng Đạo, Phường Cầu Ông Lãnh, TP Hồ Chí Minh",32.0,,,,,3.0,4,3.0,Have certificate,,6.5,2026
"Đường Bà Điểm 3, Xã Bà Điểm, TP Hồ Chí Minh",40.0,,,,,1.0,2,1.0,Have certificate,Full,3.4,2026
"Đường Thạnh Lộc 29, Phường An Phú Đông, TP Hồ Chí Minh",80.0,,,Đông Nam,,4.0,4,6.0,Have certificate,Full,7.69,2026
"Đường Nguyễn Sơn, Phường Phú Thạnh, TP Hồ Chí Minh",52.0,,,,,,2,3.0,,,7.2,2026
"Đường Mã Lò, Phường Bình Hưng Hòa, TP Hồ Chí Minh",63.0,,,,,,3,,Have certificate,,4.0,2026
"Đường Nguyễn Văn Luông, Phường Bình Phú, TP Hồ Chí Minh",69.4,,,Đông,,2.0,3,2.0,Have certificate,Other,7.5,2026
"1716, Xã Nhà Bè, TP Hồ Chí Minh",76.0,,,Đông,,2.0,3,2.0,Have certificate,Full,4.25,2026
"Đường Trần Xuân Soạn, Phường Tân Hưng, TP Hồ Chí Minh",50.0,,,,,,4,,Have certificate,,5.9,2026
"Huỳnh Tấn Phát, Xã Nhà Bè, TP Hồ Chí Minh",55.0,,,Đông Nam,,2.0,3,2.0,Have certificate,Full,4.65,2026
"Đường Dương Bá Trạc, Phường Chánh Hưng, TP Hồ Chí Minh",60.0,,,,,5.0,7,6.0,Have certificate,Full,13.49,2026
"Đường Phú Thọ Hoà, Phường Phú Thọ Hòa, TP Hồ Chí Minh",17.0,,,,,2.0,2,2.0,Have certificate,Basic,2.28,2026
"Đường Ngô Đức Kế, Phường Bình Thạnh, TP Hồ Chí Minh",83.0,,,,,1.0,5,,Have certificate,Full,8.9,2026
"Đường Sư Vạn Hạnh, Phường Vườn Lài, TP Hồ Chí Minh",18.0,,,,,4.0,3,3.0,Have certificate,,4.3,2026
"Mặt Tiền Đường Huỳnh Thị Hai, Phường Trung Mỹ Tây, TP Hồ Chí Minh",118.7,,,Nam,,3.0,5,5.0,Have certificate,,10.5,2026
"Đường Đồng Tâm, Xã Hóc Môn, TP Hồ Chí Minh",91.0,,,,,,1,1.0,Have certificate,Full,5.5,2026
"105, Phường Tây Thạnh, TP Hồ Chí Minh",126.0,,,Nam,,3.0,5,6.0,Have certificate,Other,16.0,2026
"Đường Bà Điểm 3, Xã Bà Điểm, TP Hồ Chí Minh",40.0,,,,,1.0,2,1.0,Have certificate,Full,3.4,2026
"Đường Tây Thạnh, Phường Tây Thạnh, TP Hồ Chí Minh",19.0,,,,,2.0,2,1.0,Have certificate,Full,2.1,2026
"Đường Quang Trung, Phường Thông Tây Hội, TP Hồ Chí Minh",130.0,,,,,4.0,5,6.0,Have certificate,Other,21.9,2026
"Đường Số 6, Phường Hạnh Thông, TP Hồ Chí Minh",31.0,,,,,2.0,2,2.0,Have certificate,Full,5.38,2026
"Thạnh Xuân 22, Phường Thới An, TP Hồ Chí Minh",70.0,,,,,3.0,4,4.0,Have certificate,Other,5.65,2026
"Đường Tô Hiệu, Phường Phú Thạnh, TP Hồ Chí Minh",71.0,,,,,1.0,2,2.0,Have certificate,Full,6.2,2026
"Đường Lê Thị Riêng, Phường Thới An, TP Hồ Chí Minh",100.0,,,,,,3,2.0,Have certificate,Other,5.85,2026
"Đường Lý Thường Kiệt, Phường Hạnh Thông, TP Hồ Chí Minh",31.0,,,,,2.0,2,3.0,Have certificate,Full,5.38,2026
"Đường Vạn Kiếp, Phường Gia Định, TP Hồ Chí Minh",65.0,,,,,3.0,5,,Have certificate,,9.8,2026
"Đường Lê Duy Nhuận, Phường Bảy Hiền, TP Hồ Chí Minh",67.0,,,,,,5,,Have certificate,,8.0,2026
"105, Phường Tây Thạnh, TP Hồ Chí Minh",126.0,,,Nam,,3.0,5,6.0,Have certificate,Other,16.0,2026
"Đường Dương Bá Trạc, Phường Chánh Hưng, TP Hồ Chí Minh",60.0,,,,,5.0,7,6.0,Have certificate,Full,13.49,2026
"Đường Lý Thường Kiệt, Phường Tân Hòa, TP Hồ Chí Minh",74.0,,,,,2.0,3,,Have certificate,Other,11.9,2026
"Đường Nguyễn Văn Công, Phường Hạnh Thông, TP Hồ Chí Minh",35.0,,,,,2.0,2,2.0,Have certificate,Other,4.0,2026
"Kinh Dương Vương, Phường An Lạc, TP Hồ Chí Minh",28.0,,,,,2.0,2,2.0,Have certificate,Basic,3.1,2026
"Đường Số 6, Phường Hạnh Thông, TP Hồ Chí Minh",31.0,,,,,2.0,2,2.0,Have certificate,Full,5.38,2026
"Đường Phú Thọ Hoà, Phường Phú Thọ Hòa, TP Hồ Chí Minh",17.0,,,,,2.0,2,2.0,Have certificate,Basic,2.28,2026
"Đường Lê Quang Định, Phường Bình Lợi Trung, TP Hồ Chí Minh",40.0,,,,,,4,,Have certificate,,8.2,2026
"Đường Tôn Thất Thuyết, Phường Vĩnh Hội, TP Hồ Chí Minh",36.2,,,Đông,,,6,4.0,Have certificate,Basic,7.1,2026
"Đường Nguyễn Tri Phương, Phường Linh Xuân, TP Hồ Chí Minh",180.0,,,Tây,,,2,2.0,Have certificate,,9.5,2026
"Đường Số 7, Phường Hạnh Thông, TP Hồ Chí Minh",46.0,,,Đông Nam,,4.0,4,3.0,Have certificate,Full,8.88,2026
"Đường Nguyễn Sơn, Phường Phú Thạnh, TP Hồ Chí Minh",52.0,,,,,,2,3.0,,,7.2,2026
"Giáp Kênh Tham Lương, Phường Bình Hưng Hòa, TP Hồ Chí Minh",60.0,,,,,,3,,Have certificate,,4.49,2026
"Hùng Vương, Phường Chợ Quán, TP Hồ Chí Minh",91.0,,,,,4.0,6,,Have certificate,,20.3,2026
"Đường Trần Xuân Soạn, Phường Tân Hưng, TP Hồ Chí Minh",50.0,,,,,,4,,Have certificate,,5.9,2026
"Đường Lê Trọng Tấn, Phường Bình Hưng Hòa, TP Hồ Chí Minh",56.0,,,Tây Nam,,4.0,4,5.0,Have certificate,,7.4,2026
"Đường Lâm Thị Hố, Phường Trung Mỹ Tây, TP Hồ Chí Minh",61.4,,,Tây Nam,,2.0,2,2.0,Have certificate,Basic,4.85,2026
"Đường Nguyễn Xiển, Phường Long Bình, TP Hồ Chí Minh",60.0,,,,,,4,,Have certificate,,3.95,2026
"Hồng Bàng, Phường Chợ Quán, TP Hồ Chí Minh",51.0,,,Đông,,4.0,4,3.0,Have certificate,Full,8.1,2026
"Đường Thới An 13, Phường Thới An, TP Hồ Chí Minh",64.0,,,Đông,,2.0,3,3.0,Have certificate,Basic,5.15,2026
"Đường Thới An 16, Phường Thới An, TP Hồ Chí Minh",99.0,,,,,2.0,4,3.0,Have certificate,,5.86,2026
"Đường Số 18, Phường Hiệp Bình, TP Hồ Chí Minh",105.0,,,,,,6,,Have certificate,,14.3,2026
"Hẻm 564/3 Phạm Văn Chiêu, Phường An Hội Đông, TP Hồ Chí Minh",68.0,,,,,3.0,4,5.0,Have certificate,Full,7.5,2026
"81 đường 702 hồng bàng phường 1 quận 11, Phường Minh Phụng, TP Hồ Chí Minh",55.0,,,Đông,,4.0,4,3.0,Have certificate,Full,8.1,2026
"Đường Hương Lộ 2, Phường Bình Trị Đông, TP Hồ Chí Minh",64.0,,,,,,3,,Have certificate,,5.0,2026
"Đường Bình Tiên, Phường Bình Tiên, TP Hồ Chí Minh",40.0,,,,,3.0,2,3.0,Have certificate,Basic,5.15,2026
"Đường Đình Phong Phú, Phường Tăng Nhơn Phú, TP Hồ Chí Minh",135.0,,,Tây Bắc,,2.0,8,6.0,Have certificate,Full,6.0,2026
"1 TRỤC CHÍNH, Phường Phú Định, TP Hồ Chí Minh",18.0,,,Đông Nam,,2.0,2,1.0,Have certificate,Basic,1.73,2026
"Đường Thạnh Lộc 47, Phường An Phú Đông, TP Hồ Chí Minh",50.3,,,Tây Bắc,,3.0,4,3.0,Have certificate,Full,4.86,2026
"Đường Đỗ Thúc Tịnh, Phường An Hội Tây, TP Hồ Chí Minh",48.0,,,Đông Bắc,,2.0,3,2.0,Have certificate,Other,5.85,2026
"Đường Nguyễn Xiển, Phường Long Bình, TP Hồ Chí Minh",70.0,,,,,,2,,Have certificate,,3.7,2026
"Đường Hương lộ 80, Phường Tân Thới Hiệp, TP Hồ Chí Minh",80.0,,,,,,5,,Have certificate,,5.35,2026
"Đường Nguyễn Xiển, Phường Long Bình, TP Hồ Chí Minh",100.0,,,,,,2,,Have certificate,,3.8,2026
"Đường Tô Ngọc Vân, Phường Thới An, TP Hồ Chí Minh",95.0,,,Đông Nam,,2.0,4,4.0,Have certificate,Full,6.5,2026
"Đường Huỳnh Tấn Phát, Phường Phú Thuận, TP Hồ Chí Minh",70.0,,,,,,4,5.0,Have certificate,,7.6,2026
"Đường Nguyễn Xí, Phường Bình Lợi Trung, TP Hồ Chí Minh",60.0,,,,,,2,3.0,,,6.8,2026
"Đường số 1, Phường Long Trường, TP Hồ Chí Minh",55.0,,,,,1.0,2,1.0,Have certificate,Full,3.25,2026
"Đường Thoại Ngọc Hầu, Phường Phú Thạnh, TP Hồ Chí Minh",88.5,,,,,5.0,4,5.0,Have certificate,Other,8.9,2026
"1886/78/28, Xã Nhà Bè, TP Hồ Chí Minh",121.7,,,Tây Nam,,3.0,4,3.0,Have certificate,Full,9.5,2026
"Đường Bình Trị Đông, Phường Bình Trị Đông, TP Hồ Chí Minh",44.0,,,,,,2,,Have certificate,,4.0,2026
"HT 17, Phường Tân Thới Hiệp, TP Hồ Chí Minh",60.0,,,,,1.0,2,1.0,Shared certificate,Other,1.8,2026
"Đường Nguyễn Văn Khối, Phường Thông Tây Hội, TP Hồ Chí Minh",80.0,,,Tây Nam,,4.0,4,4.0,Have certificate,Full,16.8,2026
"Đường Dương Thị Mười, Phường Tân Thới Hiệp, TP Hồ Chí Minh",91.7,,,,,,5,4.0,Have certificate,,4.7,2026
"Đường Phạm Văn Chiêu, Phường Thông Tây Hội, TP Hồ Chí Minh",112.0,,,Đông Bắc,,6.0,6,6.0,Have certificate,Other,18.5,2026
"Đường Hiệp Thành 13, Phường Tân Thới Hiệp, TP Hồ Chí Minh",56.0,,,Nam,,2.0,2,2.0,Have certificate,Basic,4.18,2026
"Đường Hiệp Thành 26, Phường Tân Thới Hiệp, TP Hồ Chí Minh",46.0,,,Tây,,2.0,2,2.0,Have certificate,Basic,4.38,2026
"Đường Minh Phụng, Phường Bình Tây, TP Hồ Chí Minh",97.0,,,,,2.0,9,6.0,Have certificate,Full,6.49,2026
"Đường Phạm Văn Đồng, Phường Hiệp Bình, TP Hồ Chí Minh",63.0,,,Đông Nam,,,2,2.0,Have certificate,,5.3,2026
"Đường Hiệp Bình, Phường Hiệp Bình, TP Hồ Chí Minh",61.0,,,Đông Nam,,2.0,3,2.0,Have certificate,,4.8,2026
"Đường Nguyễn Xí, Phường Bình Lợi Trung, TP Hồ Chí Minh",56.0,,,,,2.0,2,2.0,Have certificate,Basic,7.89,2026
"Cách Mạng Tháng 8, Phường Hòa Hưng, TP Hồ Chí Minh",18.0,,,,,2.0,2,2.0,Have certificate,,3.1,2026
"Đường Hồ Học Lãm, Phường An Lạc, TP Hồ Chí Minh",66.0,,,,,2.0,3,3.0,Have certificate,Other,3.899,2026
"Đường Bình Thành, Phường Bình Tân, TP Hồ Chí Minh",30.0,,,Bắc,,3.0,2,3.0,,,1.48,2026
"Đường Tôn Thất Thuyết, Phường Xóm Chiếu, TP Hồ Chí Minh",19.0,,,,,,2,,Have certificate,,2.4,2026
"Đường Hiệp Thành 13, Phường Tân Thới Hiệp, TP Hồ Chí Minh",50.0,,,Tây Bắc,,4.0,4,4.0,Have certificate,Full,5.65,2026
"Đường Lạc Long Quân, Phường Hòa Bình, TP Hồ Chí Minh",59.0,,,,,5.0,8,,Have certificate,Full,8.6,2026
"Hẻm 158 Lâm Thị Hố, Phường Trung Mỹ Tây, TP Hồ Chí Minh",56.0,,,,,2.0,4,2.0,Have certificate,Full,4.68,2026
"Đường Lâm Thị Hố, Phường Trung Mỹ Tây, TP Hồ Chí Minh",62.0,,,,,3.0,3,2.0,Have certificate,Other,6.0,2026
"Hẻm 793 Trần Xuân Soạn, Phường Tân Hưng, TP Hồ Chí Minh",50.0,,,,,,5,6.0,Have certificate,Other,10.5,2026
"Hà Huy Giáp, Phường Thới An, TP Hồ Chí Minh",58.0,,,,,,4,4.0,,,5.4,2026
"Đường Hiệp Thành 35, Phường Tân Thới Hiệp, TP Hồ Chí Minh",49.0,,,Tây Bắc,,2.0,2,2.0,Have certificate,Basic,4.55,2026
"Thới An 35, Phường Thới An, TP Hồ Chí Minh",49.0,,,Đông Bắc,,4.0,4,3.0,Have certificate,Basic,5.89,2026
"Lạc Long Quân, Phường Tân Hòa, TP Hồ Chí Minh",49.5,,,,,4.0,4,3.0,Have certificate,,7.5,2026
"Đường Nguyễn Thị Kiểu, Phường Tân Thới Hiệp, TP Hồ Chí Minh",50.0,,,,,3.0,3,3.0,Have certificate,,4.65,2026
"Ql50, Xã Bình Hưng, TP Hồ Chí Minh",35.0,,,Tây,,,2,2.0,Have certificate,,3.15,2026
"Đường Hoàng Hoa Thám, Phường Tân Bình, TP Hồ Chí Minh",82.0,,,Tây Nam,,,6,,Have certificate,Basic,15.8,2026
"119/48, Phường Trung Mỹ Tây, TP Hồ Chí Minh",83.0,,,Đông Bắc,,2.0,3,3.0,Have certificate,Basic,6.0,2026
"Đường Thạnh Lộc 19, Phường An Phú Đông, TP Hồ Chí Minh",50.5,,,Đông Nam,,2.0,3,2.0,Have certificate,Full,4.48,2026
"Đường Hưng Phú, Phường Chánh Hưng, TP Hồ Chí Minh",28.0,,,,,4.0,2,3.0,Have certificate,,5.19,2026
"Đường An Phú Tây - Hưng Long, Xã Bình Chánh, TP Hồ Chí Minh",40.0,,,,,1.0,3,3.0,Have certificate,Full,650.0,2026
"Đường Tân Thới Hiệp 09, Phường Tân Thới Hiệp, TP Hồ Chí Minh",46.2,,,Tây,,2.0,2,3.0,Have certificate,Full,4.85,2026
"Đường Nguyễn Duy Trinh, Phường Long Trường, TP Hồ Chí Minh",64.0,,,,,2.0,2,,Have certificate,Full,4.35,2026
"Ql50, Xã Bình Hưng, TP Hồ Chí Minh",28.0,,,Đông,,,1,1.0,Other,,1.3,2026
"58/26 , Phường Bình Thới, TP Hồ Chí Minh",59.0,,,,,4.0,6,,Have certificate,Other,9.9,2026
"Đường Lương Định Của, Phường An Khánh, TP Hồ Chí Minh",78.0,,,,,1.0,2,1.0,Have certificate,Basic,5.2,2026
"Đường Song Hành Quốc Lộ 22, Phường Trung Mỹ Tây, TP Hồ Chí Minh",40.0,,,,,2.0,2,2.0,Have certificate,Basic,3.5,2026
"Đường Dương Bá Trạc, Phường Chánh Hưng, TP Hồ Chí Minh",22.0,,,,,2.0,2,1.0,Have certificate,,3.26,2026
"Đường Ba Tháng Hai, Phường Diên Hồng, TP Hồ Chí Minh",36.0,,,,,2.0,2,,Have certificate,,6.6,2026
"Đường Nơ Trang Long, Phường Bình Thạnh, TP Hồ Chí Minh",56.0,,,,,2.0,2,2.0,Have certificate,Basic,7.19,2026
"Đường Trần Bình Trọng, Phường Bình Lợi Trung, TP Hồ Chí Minh",54.0,,,,,4.0,3,3.0,Have certificate,Basic,7.69,2026
"Đường Thạnh Lộc 19, Phường An Phú Đông, TP Hồ Chí Minh",48.0,,,Đông Bắc,,2.0,3,2.0,Have certificate,Full,4.25,2026
"Đường Xô Viết Nghệ Tĩnh, Phường Thạnh Mỹ Tây, TP Hồ Chí Minh",35.6,,,,,3.0,3,2.0,Have certificate,Full,5.95,2026
"Đường Phú Thọ Hoà, Phường Phú Thọ Hòa, TP Hồ Chí Minh",84.5,,,,,4.0,6,5.0,Have certificate,Other,9.8,2026
"502/, Phường Tân Thuận, TP Hồ Chí Minh",195.0,,,,,44.0,10,6.0,Have certificate,,16.8,2026
"119/48, Phường Trung Mỹ Tây, TP Hồ Chí Minh",83.0,,,Đông Bắc,,2.0,3,3.0,Have certificate,Basic,6.0,2026
